# {"source": "thermal_history (https://github.com/sam-greenwood/thermal_history), MIT licence", "inputs": {"rho_cen": 12500.0, "length_scale": 7272000.0, "r_cmb": 3480000.0, "p_cmb": 139000000000.0, "alpha": 1.25e-05, "c_p": 840.0, "k_core": 130.0, "latent_heat": 750000.0, "t_m0": 2677.0, "t_m1": 2.95e-12, "t_m2": 8.37e-25, "alpha_c": 1.0, "c_light": 0.04609053497942387, "q_cmb": 10000000000000.0, "t_cmb_start": 4400.0, "dt_myr": 1.0, "t_end_myr": 1000.0, "n_profiles": 4000, "taylor_terms": 8, "G": 6.6743e-11}, "q_cmb": [8000000000000.0, 12000000000000.0], "columns": ["q_cmb", "time_myr", "T_cmb", "T_cen", "r_icb", "r_s"], "versions": {"thermal_history": "ea9aa99", "numpy": "2.0.2", "scipy": "1.13.1", "numba": "0.60.0"}}
8.0000000000e+12,0.0000000000e+00,4.4000000000e+03,6.0284983457e+03,0.0000000000e+00,3.4800000000e+06
8.0000000000e+12,1.0000000000e+00,4.4098880605e+03,6.0283116474e+03,0.0000000000e+00,3.4193269630e+06
8.0000000000e+12,2.0000000000e+00,4.4137097839e+03,6.0279414151e+03,0.0000000000e+00,3.4158361714e+06
8.0000000000e+12,3.0000000000e+00,4.4168310594e+03,6.0275735143e+03,0.0000000000e+00,3.4093514224e+06
8.0000000000e+12,4.0000000000e+00,4.4196157745e+03,6.0272054965e+03,0.0000000000e+00,3.4007489995e+06
8.0000000000e+12,5.0000000000e+00,4.4221053127e+03,6.0268373929e+03,0.0000000000e+00,3.3908983278e+06
8.0000000000e+12,6.0000000000e+00,4.4243231743e+03,6.0264692368e+03,0.0000000000e+00,3.3804157560e+06
8.0000000000e+12,7.0000000000e+00,4.4263103176e+03,6.0261010527e+03,0.0000000000e+00,3.3696845353e+06
8.0000000000e+12,8.0000000000e+00,4.4281100216e+03,6.0257328568e+03,0.0000000000e+00,3.3589280628e+06
8.0000000000e+12,9.0000000000e+00,4.4297572972e+03,6.0253646589e+03,0.0000000000e+00,3.3482695708e+06
8.0000000000e+12,1.0000000000e+01,4.4312789620e+03,6.0249964651e+03,0.0000000000e+00,3.3377729340e+06
8.0000000000e+12,1.1000000000e+01,4.4326956149e+03,6.0246282792e+03,0.0000000000e+00,3.3274777003e+06
8.0000000000e+12,1.2000000000e+01,4.4340233089e+03,6.0242601038e+03,0.0000000000e+00,3.3173967195e+06
8.0000000000e+12,1.3000000000e+01,4.4352746541e+03,6.0238919404e+03,0.0000000000e+00,3.3075294520e+06
8.0000000000e+12,1.4000000000e+01,4.4364597469e+03,6.0235237899e+03,0.0000000000e+00,3.2978774562e+06
8.0000000000e+12,1.5000000000e+01,4.4375867583e+03,6.0231556534e+03,0.0000000000e+00,3.2884317600e+06
8.0000000000e+12,1.6000000000e+01,4.4386623461e+03,6.0227875312e+03,0.0000000000e+00,3.2791804437e+06
8.0000000000e+12,1.7000000000e+01,4.4396920021e+03,6.0224194235e+03,0.0000000000e+00,3.2701231376e+06
8.0000000000e+12,1.8000000000e+01,4.4406803308e+03,6.0220513311e+03,0.0000000000e+00,3.2612461576e+06
8.0000000000e+12,1.9000000000e+01,4.4416312282e+03,6.0216832540e+03,0.0000000000e+00,3.2525297493e+06
8.0000000000e+12,2.0000000000e+01,4.4425480078e+03,6.0213151918e+03,0.0000000000e+00,3.2439786524e+06
8.0000000000e+12,2.1000000000e+01,4.4434335242e+03,6.0209471455e+03,0.0000000000e+00,3.2355883782e+06
8.0000000000e+12,2.2000000000e+01,4.4442902657e+03,6.0205791154e+03,0.0000000000e+00,3.2273486321e+06
8.0000000000e+12,2.3000000000e+01,4.4451204097e+03,6.0202111015e+03,0.0000000000e+00,3.2192462727e+06
8.0000000000e+12,2.4000000000e+01,4.4459258649e+03,6.0198431037e+03,0.0000000000e+00,3.2112667171e+06
8.0000000000e+12,2.5000000000e+01,4.4467083141e+03,6.0194751217e+03,0.0000000000e+00,3.2034059322e+06
8.0000000000e+12,2.6000000000e+01,4.4474692545e+03,6.0191071557e+03,0.0000000000e+00,3.1956692123e+06
8.0000000000e+12,2.7000000000e+01,4.4482100287e+03,6.0187392065e+03,0.0000000000e+00,3.1880550179e+06
8.0000000000e+12,2.8000000000e+01,4.4489318498e+03,6.0183712744e+03,0.0000000000e+00,3.1805586617e+06
8.0000000000e+12,2.9000000000e+01,4.4496358172e+03,6.0180033595e+03,0.0000000000e+00,3.1731737645e+06
8.0000000000e+12,3.0000000000e+01,4.4503229278e+03,6.0176354620e+03,0.0000000000e+00,3.1658930368e+06
8.0000000000e+12,3.1000000000e+01,4.4509940868e+03,6.0172675818e+03,0.0000000000e+00,3.1587087407e+06
8.0000000000e+12,3.2000000000e+01,4.4516501178e+03,6.0168997188e+03,0.0000000000e+00,3.1516129806e+06
8.0000000000e+12,3.3000000000e+01,4.4522917726e+03,6.0165318728e+03,0.0000000000e+00,3.1445978601e+06
8.0000000000e+12,3.4000000000e+01,4.4529197406e+03,6.0161640438e+03,0.0000000000e+00,3.1376555634e+06
8.0000000000e+12,3.5000000000e+01,4.4535346565e+03,6.0157962316e+03,0.0000000000e+00,3.1307784047e+06
8.0000000000e+12,3.6000000000e+01,4.4541371074e+03,6.0154284360e+03,0.0000000000e+00,3.1239748541e+06
8.0000000000e+12,3.7000000000e+01,4.4547276363e+03,6.0150606577e+03,0.0000000000e+00,3.1172501959e+06
8.0000000000e+12,3.8000000000e+01,4.4553067489e+03,6.0146928973e+03,0.0000000000e+00,3.1106064034e+06
8.0000000000e+12,3.9000000000e+01,4.4558749173e+03,6.0143251551e+03,0.0000000000e+00,3.1040436152e+06
8.0000000000e+12,4.0000000000e+01,4.4564325834e+03,6.0139574316e+03,0.0000000000e+00,3.0975608123e+06
8.0000000000e+12,4.1000000000e+01,4.4569801611e+03,6.0135897268e+03,0.0000000000e+00,3.0911562013e+06
8.0000000000e+12,4.2000000000e+01,4.4575180387e+03,6.0132220408e+03,0.0000000000e+00,3.0848274797e+06
8.0000000000e+12,4.3000000000e+01,4.4580465801e+03,6.0128543739e+03,0.0000000000e+00,3.0785719966e+06
8.0000000000e+12,4.4000000000e+01,4.4585661270e+03,6.0124867261e+03,0.0000000000e+00,3.0723868792e+06
8.0000000000e+12,4.5000000000e+01,4.4590769998e+03,6.0121190973e+03,0.0000000000e+00,3.0662691239e+06
8.0000000000e+12,4.6000000000e+01,4.4595794996e+03,6.0117514877e+03,0.0000000000e+00,3.0602156700e+06
8.0000000000e+12,4.7000000000e+01,4.4600739095e+03,6.0113838973e+03,0.0000000000e+00,3.0542234282e+06
8.0000000000e+12,4.8000000000e+01,4.4605604960e+03,6.0110163260e+03,0.0000000000e+00,3.0482893366e+06
8.0000000000e+12,4.9000000000e+01,4.4610395103e+03,6.0106487739e+03,0.0000000000e+00,3.0424103814e+06
8.0000000000e+12,5.0000000000e+01,4.4615111899e+03,6.0102812409e+03,0.0000000000e+00,3.0365836261e+06
8.0000000000e+12,5.1000000000e+01,4.4619757595e+03,6.0099137270e+03,0.0000000000e+00,3.0308061972e+06
8.0000000000e+12,5.2000000000e+01,4.4624334320e+03,6.0095462323e+03,0.0000000000e+00,3.0250753179e+06
8.0000000000e+12,5.3000000000e+01,4.4628844098e+03,6.0091787566e+03,0.0000000000e+00,3.0193883186e+06
8.0000000000e+12,5.4000000000e+01,4.4633288851e+03,6.0088113000e+03,0.0000000000e+00,3.0137426063e+06
8.0000000000e+12,5.5000000000e+01,4.4637670410e+03,6.0084438624e+03,0.0000000000e+00,3.0081357082e+06
8.0000000000e+12,5.6000000000e+01,4.4641990521e+03,6.0080764438e+03,0.0000000000e+00,3.0025652264e+06
8.0000000000e+12,5.7000000000e+01,4.4646250853e+03,6.0077090442e+03,0.0000000000e+00,2.9970288830e+06
8.0000000000e+12,5.8000000000e+01,4.4650452999e+03,6.0073416635e+03,0.0000000000e+00,2.9915244677e+06
8.0000000000e+12,5.9000000000e+01,4.4654598483e+03,6.0069743017e+03,0.0000000000e+00,2.9860498865e+06
8.0000000000e+12,6.0000000000e+01,4.4658688767e+03,6.0066069588e+03,0.0000000000e+00,2.9806031018e+06
8.0000000000e+12,6.1000000000e+01,4.4662725249e+03,6.0062396348e+03,0.0000000000e+00,2.9751821848e+06
8.0000000000e+12,6.2000000000e+01,4.4666709272e+03,6.0058723296e+03,0.0000000000e+00,2.9697852463e+06
8.0000000000e+12,6.3000000000e+01,4.4670642127e+03,6.0055050432e+03,0.0000000000e+00,2.9644104904e+06
8.0000000000e+12,6.4000000000e+01,4.4674525050e+03,6.0051377755e+03,0.0000000000e+00,2.9590561602e+06
8.0000000000e+12,6.5000000000e+01,4.4678359234e+03,6.0047705266e+03,0.0000000000e+00,2.9537205144e+06
8.0000000000e+12,6.6000000000e+01,4.4682145824e+03,6.0044032964e+03,0.0000000000e+00,2.9484018931e+06
8.0000000000e+12,6.7000000000e+01,4.4685885922e+03,6.0040360849e+03,0.0000000000e+00,2.9431057565e+06
8.0000000000e+12,6.8000000000e+01,4.4689580581e+03,6.0036688925e+03,0.0000000000e+00,2.9378380522e+06
8.0000000000e+12,6.9000000000e+01,4.4693230815e+03,6.0033017197e+03,0.0000000000e+00,2.9326028926e+06
8.0000000000e+12,7.0000000000e+01,4.4696837599e+03,6.0029345669e+03,0.0000000000e+00,2.9274033262e+06
8.0000000000e+12,7.1000000000e+01,4.4700401874e+03,6.0025674345e+03,0.0000000000e+00,2.9222416613e+06
8.0000000000e+12,7.2000000000e+01,4.4703924551e+03,6.0022003226e+03,0.0000000000e+00,2.9171197285e+06
8.0000000000e+12,7.3000000000e+01,4.4707406505e+03,6.0018332316e+03,0.0000000000e+00,2.9120389252e+06
8.0000000000e+12,7.4000000000e+01,4.4710848587e+03,6.0014661616e+03,0.0000000000e+00,2.9070002795e+06
8.0000000000e+12,7.5000000000e+01,4.4714251616e+03,6.0010991128e+03,0.0000000000e+00,2.9020046065e+06
8.0000000000e+12,7.6000000000e+01,4.4717616386e+03,6.0007320853e+03,0.0000000000e+00,2.8970524661e+06
8.0000000000e+12,7.7000000000e+01,4.4720943662e+03,6.0003650794e+03,0.0000000000e+00,2.8921442214e+06
8.0000000000e+12,7.8000000000e+01,4.4724234189e+03,5.9999980951e+03,0.0000000000e+00,2.8872800278e+06
8.0000000000e+12,7.9000000000e+01,4.4727488684e+03,5.9996311326e+03,0.0000000000e+00,2.8824599761e+06
8.0000000000e+12,8.0000000000e+01,4.4730707843e+03,5.9992641919e+03,0.0000000000e+00,2.8776840049e+06
8.0000000000e+12,8.1000000000e+01,4.4733892341e+03,5.9988972732e+03,0.0000000000e+00,2.8729519460e+06
8.0000000000e+12,8.2000000000e+01,4.4737042829e+03,5.9985303766e+03,0.0000000000e+00,2.8682635412e+06
8.0000000000e+12,8.3000000000e+01,4.4740159942e+03,5.9981635020e+03,0.0000000000e+00,2.8636184042e+06
8.0000000000e+12,8.4000000000e+01,4.4743244291e+03,5.9977966497e+03,0.0000000000e+00,2.8590161795e+06
8.0000000000e+12,8.5000000000e+01,4.4746296471e+03,5.9974298196e+03,0.0000000000e+00,2.8544564166e+06
8.0000000000e+12,8.6000000000e+01,4.4749317057e+03,5.9970630118e+03,0.0000000000e+00,2.8499386150e+06
8.0000000000e+12,8.7000000000e+01,4.4752306609e+03,5.9966962264e+03,0.0000000000e+00,2.8454622336e+06
8.0000000000e+12,8.8000000000e+01,4.4755265668e+03,5.9963294634e+03,0.0000000000e+00,2.8410266333e+06
8.0000000000e+12,8.9000000000e+01,4.4758194759e+03,5.9959627228e+03,0.0000000000e+00,2.8366312688e+06
8.0000000000e+12,9.0000000000e+01,4.4761094391e+03,5.9955960047e+03,0.0000000000e+00,2.8322755231e+06
8.0000000000e+12,9.1000000000e+01,4.4763965060e+03,5.9952293092e+03,0.0000000000e+00,2.8279587572e+06
8.0000000000e+12,9.2000000000e+01,4.4766807245e+03,5.9948626362e+03,0.0000000000e+00,2.8236803179e+06
8.0000000000e+12,9.3000000000e+01,4.4769621413e+03,5.9944959858e+03,0.0000000000e+00,2.8194395418e+06
8.0000000000e+12,9.4000000000e+01,4.4772408016e+03,5.9941293579e+03,0.0000000000e+00,2.8152357584e+06
8.0000000000e+12,9.5000000000e+01,4.4775167495e+03,5.9937627527e+03,0.0000000000e+00,2.8110682092e+06
8.0000000000e+12,9.6000000000e+01,4.4777900277e+03,5.9933961702e+03,0.0000000000e+00,2.8069362918e+06
8.0000000000e+12,9.7000000000e+01,4.4780606779e+03,5.9930296102e+03,0.0000000000e+00,2.8028393378e+06
8.0000000000e+12,9.8000000000e+01,4.4783287404e+03,5.9926630730e+03,0.0000000000e+00,2.7987766759e+06
8.0000000000e+12,9.9000000000e+01,4.4785942546e+03,5.9922965584e+03,0.0000000000e+00,2.7947476374e+06
8.0000000000e+12,1.0000000000e+02,4.4788572588e+03,5.9919300665e+03,0.0000000000e+00,2.7907515582e+06
8.0000000000e+12,1.0100000000e+02,4.4791177903e+03,5.9915635974e+03,0.0000000000e+00,2.7867877808e+06
8.0000000000e+12,1.0200000000e+02,4.4793758854e+03,5.9911971509e+03,0.0000000000e+00,2.7828556548e+06
8.0000000000e+12,1.0300000000e+02,4.4796315797e+03,5.9908307271e+03,0.0000000000e+00,2.7789544331e+06
8.0000000000e+12,1.0400000000e+02,4.4798849074e+03,5.9904643261e+03,0.0000000000e+00,2.7750835758e+06
8.0000000000e+12,1.0500000000e+02,4.4801359024e+03,5.9900979478e+03,0.0000000000e+00,2.7712424694e+06
8.0000000000e+12,1.0600000000e+02,4.4803845973e+03,5.9897315922e+03,0.0000000000e+00,2.7674305040e+06
8.0000000000e+12,1.0700000000e+02,4.4806310243e+03,5.9893652594e+03,0.0000000000e+00,2.7636470788e+06
8.0000000000e+12,1.0800000000e+02,4.4808752145e+03,5.9889989493e+03,0.0000000000e+00,2.7598916034e+06
8.0000000000e+12,1.0900000000e+02,4.4811171985e+03,5.9886326619e+03,0.0000000000e+00,2.7561634987e+06
8.0000000000e+12,1.1000000000e+02,4.4813570060e+03,5.9882663973e+03,0.0000000000e+00,2.7524621968e+06
8.0000000000e+12,1.1100000000e+02,4.4815946663e+03,5.9879001554e+03,0.0000000000e+00,2.7487871416e+06
8.0000000000e+12,1.1200000000e+02,4.4818302077e+03,5.9875339363e+03,0.0000000000e+00,2.7451376356e+06
8.0000000000e+12,1.1300000000e+02,4.4820636580e+03,5.9871677399e+03,0.0000000000e+00,2.7415132864e+06
8.0000000000e+12,1.1400000000e+02,4.4822950445e+03,5.9868015662e+03,0.0000000000e+00,2.7379135853e+06
8.0000000000e+12,1.1500000000e+02,4.4825243936e+03,5.9864354153e+03,0.0000000000e+00,2.7343380262e+06
8.0000000000e+12,1.1600000000e+02,4.4827517315e+03,5.9860692871e+03,0.0000000000e+00,2.7307861131e+06
8.0000000000e+12,1.1700000000e+02,4.4829770835e+03,5.9857031817e+03,0.0000000000e+00,2.7272573607e+06
8.0000000000e+12,1.1800000000e+02,4.4832004745e+03,5.9853370990e+03,0.0000000000e+00,2.7237512950e+06
8.0000000000e+12,1.1900000000e+02,4.4834219291e+03,5.9849710390e+03,0.0000000000e+00,2.7202674535e+06
8.0000000000e+12,1.2000000000e+02,4.4836414709e+03,5.9846050018e+03,0.0000000000e+00,2.7168053846e+06
8.0000000000e+12,1.2100000000e+02,4.4838591235e+03,5.9842389873e+03,0.0000000000e+00,2.7133646480e+06
8.0000000000e+12,1.2200000000e+02,4.4840749097e+03,5.9838729955e+03,0.0000000000e+00,2.7099448142e+06
8.0000000000e+12,1.2300000000e+02,4.4842888520e+03,5.9835070265e+03,0.0000000000e+00,2.7065454643e+06
8.0000000000e+12,1.2400000000e+02,4.4845009724e+03,5.9831410803e+03,0.0000000000e+00,2.7031661901e+06
8.0000000000e+12,1.2500000000e+02,4.4847112924e+03,5.9827751567e+03,0.0000000000e+00,2.6998064225e+06
8.0000000000e+12,1.2600000000e+02,4.4849198332e+03,5.9824092559e+03,0.0000000000e+00,2.6964659239e+06
8.0000000000e+12,1.2700000000e+02,4.4851266155e+03,5.9820433778e+03,0.0000000000e+00,2.6931443328e+06
8.0000000000e+12,1.2800000000e+02,4.4853316597e+03,5.9816775224e+03,0.0000000000e+00,2.6898412854e+06
8.0000000000e+12,1.2900000000e+02,4.4855349856e+03,5.9813116897e+03,0.0000000000e+00,2.6865564247e+06
8.0000000000e+12,1.3000000000e+02,4.4857366129e+03,5.9809458798e+03,0.0000000000e+00,2.6832894023e+06
8.0000000000e+12,1.3100000000e+02,4.4859365608e+03,5.9805800926e+03,0.0000000000e+00,2.6800398781e+06
8.0000000000e+12,1.3200000000e+02,4.4861348480e+03,5.9802143282e+03,0.0000000000e+00,2.6768075209e+06
8.0000000000e+12,1.3300000000e+02,4.4863314932e+03,5.9798485864e+03,0.0000000000e+00,2.6735920078e+06
8.0000000000e+12,1.3400000000e+02,4.4865265144e+03,5.9794828674e+03,0.0000000000e+00,2.6703930244e+06
8.0000000000e+12,1.3500000000e+02,4.4867199294e+03,5.9791171711e+03,0.0000000000e+00,2.6672102643e+06
8.0000000000e+12,1.3600000000e+02,4.4869117559e+03,5.9787514975e+03,0.0000000000e+00,2.6640434289e+06
8.0000000000e+12,1.3700000000e+02,4.4871020109e+03,5.9783858466e+03,0.0000000000e+00,2.6608922275e+06
8.0000000000e+12,1.3800000000e+02,4.4872907114e+03,5.9780202184e+03,0.0000000000e+00,2.6577563767e+06
8.0000000000e+12,1.3900000000e+02,4.4874778740e+03,5.9776546130e+03,0.0000000000e+00,2.6546356008e+06
8.0000000000e+12,1.4000000000e+02,4.4876635149e+03,5.9772890303e+03,0.0000000000e+00,2.6515296307e+06
8.0000000000e+12,1.4100000000e+02,4.4878476502e+03,5.9769234703e+03,0.0000000000e+00,2.6484382046e+06
8.0000000000e+12,1.4200000000e+02,4.4880302957e+03,5.9765579330e+03,0.0000000000e+00,2.6453607009e+06
8.0000000000e+12,1.4300000000e+02,4.4882114668e+03,5.9761924184e+03,0.0000000000e+00,2.6422972286e+06
8.0000000000e+12,1.4400000000e+02,4.4883911788e+03,5.9758269265e+03,0.0000000000e+00,2.6392475655e+06
8.0000000000e+12,1.4500000000e+02,4.4885694465e+03,5.9754614573e+03,0.0000000000e+00,2.6362114788e+06
8.0000000000e+12,1.4600000000e+02,4.4887462847e+03,5.9750960109e+03,0.0000000000e+00,2.6331887390e+06
8.0000000000e+12,1.4700000000e+02,4.4889217079e+03,5.9747305872e+03,0.0000000000e+00,2.6301791214e+06
8.0000000000e+12,1.4800000000e+02,4.4890957302e+03,5.9743651861e+03,0.0000000000e+00,2.6271824068e+06
8.0000000000e+12,1.4900000000e+02,4.4892683658e+03,5.9739998078e+03,0.0000000000e+00,2.6241983812e+06
8.0000000000e+12,1.5000000000e+02,4.4894396282e+03,5.9736344522e+03,0.0000000000e+00,2.6212268363e+06
8.0000000000e+12,1.5100000000e+02,4.4896095312e+03,5.9732691194e+03,0.0000000000e+00,2.6182675688e+06
8.0000000000e+12,1.5200000000e+02,4.4897780879e+03,5.9729038092e+03,0.0000000000e+00,2.6153203807e+06
8.0000000000e+12,1.5300000000e+02,4.4899453115e+03,5.9725385218e+03,0.0000000000e+00,2.6123850787e+06
8.0000000000e+12,1.5400000000e+02,4.4901112149e+03,5.9721732571e+03,0.0000000000e+00,2.6094614744e+06
8.0000000000e+12,1.5500000000e+02,4.4902758109e+03,5.9718080151e+03,0.0000000000e+00,2.6065493841e+06
8.0000000000e+12,1.5600000000e+02,4.4904391118e+03,5.9714427958e+03,0.0000000000e+00,2.6036486288e+06
8.0000000000e+12,1.5700000000e+02,4.4906011300e+03,5.9710775992e+03,0.0000000000e+00,2.6007590335e+06
8.0000000000e+12,1.5800000000e+02,4.4907618777e+03,5.9707124254e+03,0.0000000000e+00,2.5978804279e+06
8.0000000000e+12,1.5900000000e+02,4.4909213667e+03,5.9703472743e+03,0.0000000000e+00,2.5950126455e+06
8.0000000000e+12,1.6000000000e+02,4.4910796087e+03,5.9699821459e+03,0.0000000000e+00,2.5921555240e+06
8.0000000000e+12,1.6100000000e+02,4.4912366155e+03,5.9696170402e+03,0.0000000000e+00,2.5893089050e+06
8.0000000000e+12,1.6200000000e+02,4.4913923982e+03,5.9692519573e+03,0.0000000000e+00,2.5864726338e+06
8.0000000000e+12,1.6300000000e+02,4.4915469682e+03,5.9688868971e+03,0.0000000000e+00,2.5836465594e+06
8.0000000000e+12,1.6400000000e+02,4.4917003366e+03,5.9685218596e+03,0.0000000000e+00,2.5808303661e+06
8.0000000000e+12,1.6500000000e+02,4.4918525142e+03,5.9681568448e+03,0.0000000000e+00,2.5780240188e+06
8.0000000000e+12,1.6600000000e+02,4.4920035116e+03,5.9677918527e+03,0.0000000000e+00,2.5752274144e+06
8.0000000000e+12,1.6700000000e+02,4.4921533396e+03,5.9674268834e+03,0.0000000000e+00,2.5724404250e+06
8.0000000000e+12,1.6800000000e+02,4.4923020084e+03,5.9670619368e+03,0.0000000000e+00,2.5696629207e+06
8.0000000000e+12,1.6900000000e+02,4.4924495284e+03,5.9666970129e+03,0.0000000000e+00,2.5668947729e+06
8.0000000000e+12,1.7000000000e+02,4.4925959097e+03,5.9663321118e+03,0.0000000000e+00,2.5641358551e+06
8.0000000000e+12,1.7100000000e+02,4.4927411621e+03,5.9659672333e+03,0.0000000000e+00,2.5613860433e+06
8.0000000000e+12,1.7200000000e+02,4.4928852957e+03,5.9656023777e+03,0.0000000000e+00,2.5586452164e+06
8.0000000000e+12,1.7300000000e+02,4.4930283200e+03,5.9652375447e+03,0.0000000000e+00,2.5559132556e+06
8.0000000000e+12,1.7400000000e+02,4.4931702446e+03,5.9648727345e+03,0.0000000000e+00,2.5531900446e+06
8.0000000000e+12,1.7500000000e+02,4.4933110789e+03,5.9645079471e+03,0.0000000000e+00,2.5504754697e+06
8.0000000000e+12,1.7600000000e+02,4.4934508321e+03,5.9641431824e+03,0.0000000000e+00,2.5477694196e+06
8.0000000000e+12,1.7700000000e+02,4.4935895135e+03,5.9637784404e+03,0.0000000000e+00,2.5450717855e+06
8.0000000000e+12,1.7800000000e+02,4.4937271320e+03,5.9634137212e+03,0.0000000000e+00,2.5423824607e+06
8.0000000000e+12,1.7900000000e+02,4.4938636966e+03,5.9630490247e+03,0.0000000000e+00,2.5397013408e+06
8.0000000000e+12,1.8000000000e+02,4.4939992160e+03,5.9626843509e+03,0.0000000000e+00,2.5370283237e+06
8.0000000000e+12,1.8100000000e+02,4.4941336989e+03,5.9623196999e+03,0.0000000000e+00,2.5343633093e+06
8.0000000000e+12,1.8200000000e+02,4.4942671538e+03,5.9619550717e+03,0.0000000000e+00,2.5317061996e+06
8.0000000000e+12,1.8300000000e+02,4.4943995892e+03,5.9615904662e+03,0.0000000000e+00,2.5290568987e+06
8.0000000000e+12,1.8400000000e+02,4.4945310133e+03,5.9612258835e+03,0.0000000000e+00,2.5264153126e+06
8.0000000000e+12,1.8500000000e+02,4.4946614344e+03,5.9608613235e+03,0.0000000000e+00,2.5237813492e+06
8.0000000000e+12,1.8600000000e+02,4.4947908605e+03,5.9604967863e+03,0.0000000000e+00,2.5211549183e+06
8.0000000000e+12,1.8700000000e+02,4.4949192997e+03,5.9601322718e+03,0.0000000000e+00,2.5185359315e+06
8.0000000000e+12,1.8800000000e+02,4.4950467597e+03,5.9597677801e+03,0.0000000000e+00,2.5159243022e+06
8.0000000000e+12,1.8900000000e+02,4.4951732485e+03,5.9594033112e+03,0.0000000000e+00,2.5133199454e+06
8.0000000000e+12,1.9000000000e+02,4.4952987736e+03,5.9590388650e+03,0.0000000000e+00,2.5107227780e+06
8.0000000000e+12,1.9100000000e+02,4.4954233426e+03,5.9586744416e+03,0.0000000000e+00,2.5081327183e+06
8.0000000000e+12,1.9200000000e+02,4.4955469631e+03,5.9583100410e+03,0.0000000000e+00,2.5055496863e+06
8.0000000000e+12,1.9300000000e+02,4.4956696423e+03,5.9579456631e+03,0.0000000000e+00,2.5029736036e+06
8.0000000000e+12,1.9400000000e+02,4.4957913876e+03,5.9575813080e+03,0.0000000000e+00,2.5004043931e+06
8.0000000000e+12,1.9500000000e+02,4.4959122061e+03,5.9572169756e+03,0.0000000000e+00,2.4978419794e+06
8.0000000000e+12,1.9600000000e+02,4.4960321052e+03,5.9568526661e+03,0.0000000000e+00,2.4952847211e+06
8.0000000000e+12,1.9700000000e+02,4.4961510916e+03,5.9564883791e+03,0.0000000000e+00,2.4927341981e+06
8.0000000000e+12,1.9800000000e+02,4.4962691724e+03,5.9561241150e+03,0.0000000000e+00,2.4901903586e+06
8.0000000000e+12,1.9900000000e+02,4.4963863543e+03,5.9557598736e+03,0.0000000000e+00,2.4876531260e+06
8.0000000000e+12,2.0000000000e+02,4.4965026441e+03,5.9553956551e+03,0.0000000000e+00,2.4851224227e+06
8.0000000000e+12,2.0100000000e+02,4.4966180485e+03,5.9550314593e+03,0.0000000000e+00,2.4825981733e+06
8.0000000000e+12,2.0200000000e+02,4.4967325740e+03,5.9546672863e+03,0.0000000000e+00,2.4800803044e+06
8.0000000000e+12,2.0300000000e+02,4.4968462272e+03,5.9543031361e+03,0.0000000000e+00,2.4775687447e+06
8.0000000000e+12,2.0400000000e+02,4.4969590144e+03,5.9539390087e+03,0.0000000000e+00,2.4750634248e+06
8.0000000000e+12,2.0500000000e+02,4.4970709421e+03,5.9535749041e+03,0.0000000000e+00,2.4725642772e+06
8.0000000000e+12,2.0600000000e+02,4.4971820165e+03,5.9532108223e+03,0.0000000000e+00,2.4700712357e+06
8.0000000000e+12,2.0700000000e+02,4.4972922437e+03,5.9528467632e+03,0.0000000000e+00,2.4675842359e+06
8.0000000000e+12,2.0800000000e+02,4.4974016300e+03,5.9524827270e+03,0.0000000000e+00,2.4651032146e+06
8.0000000000e+12,2.0900000000e+02,4.4975101813e+03,5.9521187136e+03,0.0000000000e+00,2.4626281101e+06
8.0000000000e+12,2.1000000000e+02,4.4976179037e+03,5.9517547230e+03,0.0000000000e+00,2.4601588620e+06
8.0000000000e+12,2.1100000000e+02,4.4977248030e+03,5.9513907552e+03,0.0000000000e+00,2.4576954111e+06
8.0000000000e+12,2.1200000000e+02,4.4978308850e+03,5.9510268101e+03,0.0000000000e+00,2.4552376993e+06
8.0000000000e+12,2.1300000000e+02,4.4979361557e+03,5.9506628879e+03,0.0000000000e+00,2.4527856696e+06
8.0000000000e+12,2.1400000000e+02,4.4980406205e+03,5.9502989885e+03,0.0000000000e+00,2.4503392664e+06
8.0000000000e+12,2.1500000000e+02,4.4981442852e+03,5.9499351119e+03,0.0000000000e+00,2.4478984347e+06
8.0000000000e+12,2.1600000000e+02,4.4982471554e+03,5.9495712582e+03,0.0000000000e+00,2.4454631209e+06
8.0000000000e+12,2.1700000000e+02,4.4983492365e+03,5.9492074272e+03,0.0000000000e+00,2.4430332722e+06
8.0000000000e+12,2.1800000000e+02,4.4984505340e+03,5.9488436190e+03,0.0000000000e+00,2.4406088367e+06
8.0000000000e+12,2.1900000000e+02,4.4985510533e+03,5.9484798337e+03,0.0000000000e+00,2.4381897637e+06
8.0000000000e+12,2.2000000000e+02,4.4986507997e+03,5.9481160711e+03,0.0000000000e+00,2.4357760029e+06
8.0000000000e+12,2.2100000000e+02,4.4987497785e+03,5.9477523314e+03,0.0000000000e+00,2.4333675054e+06
8.0000000000e+12,2.2200000000e+02,4.4988479948e+03,5.9473886145e+03,0.0000000000e+00,2.4309642229e+06
8.0000000000e+12,2.2300000000e+02,4.4989454537e+03,5.9470249204e+03,0.0000000000e+00,2.4285661078e+06
8.0000000000e+12,2.2400000000e+02,4.4990421605e+03,5.9466612492e+03,0.0000000000e+00,2.4261731135e+06
8.0000000000e+12,2.2500000000e+02,4.4991381201e+03,5.9462976007e+03,0.0000000000e+00,2.4237851941e+06
8.0000000000e+12,2.2600000000e+02,4.4992333374e+03,5.9459339751e+03,0.0000000000e+00,2.4214023044e+06
8.0000000000e+12,2.2700000000e+02,4.4993278174e+03,5.9455703723e+03,0.0000000000e+00,2.4190244001e+06
8.0000000000e+12,2.2800000000e+02,4.4994215650e+03,5.9452067923e+03,0.0000000000e+00,2.4166514374e+06
8.0000000000e+12,2.2900000000e+02,4.4995145850e+03,5.9448432352e+03,0.0000000000e+00,2.4142833733e+06
8.0000000000e+12,2.3000000000e+02,4.4996068821e+03,5.9444797009e+03,0.0000000000e+00,2.4119201656e+06
8.0000000000e+12,2.3100000000e+02,4.4996984610e+03,5.9441161894e+03,0.0000000000e+00,2.4095617724e+06
8.0000000000e+12,2.3200000000e+02,4.4997893264e+03,5.9437527007e+03,0.0000000000e+00,2.4072081529e+06
8.0000000000e+12,2.3300000000e+02,4.4998794829e+03,5.9433892349e+03,0.0000000000e+00,2.4048592667e+06
8.0000000000e+12,2.3400000000e+02,4.4999689350e+03,5.9430257919e+03,0.0000000000e+00,2.4025150739e+06
8.0000000000e+12,2.3500000000e+02,4.5000576873e+03,5.9426623717e+03,0.0000000000e+00,2.4001755353e+06
8.0000000000e+12,2.3600000000e+02,4.5001457442e+03,5.9422989744e+03,0.0000000000e+00,2.3978406125e+06
8.0000000000e+12,2.3700000000e+02,4.5002331101e+03,5.9419355999e+03,0.0000000000e+00,2.3955102673e+06
8.0000000000e+12,2.3800000000e+02,4.5003197895e+03,5.9415722483e+03,0.0000000000e+00,2.3931844624e+06
8.0000000000e+12,2.3900000000e+02,4.5004057865e+03,5.9412089194e+03,0.0000000000e+00,2.3908631607e+06
8.0000000000e+12,2.4000000000e+02,4.5004911055e+03,5.9408456135e+03,0.0000000000e+00,2.3885463259e+06
8.0000000000e+12,2.4100000000e+02,4.5005757508e+03,5.9404823303e+03,0.0000000000e+00,2.3862339222e+06
8.0000000000e+12,2.4200000000e+02,4.5006597264e+03,5.9401190700e+03,0.0000000000e+00,2.3839259141e+06
8.0000000000e+12,2.4300000000e+02,4.5007430367e+03,5.9397558326e+03,0.0000000000e+00,2.3816222669e+06
8.0000000000e+12,2.4400000000e+02,4.5008256856e+03,5.9393926180e+03,0.0000000000e+00,2.3793242871e+06
8.0000000000e+12,2.4500000000e+02,4.5009076771e+03,5.9390294264e+03,0.0000000000e+00,2.3770302167e+06
8.0000000000e+12,2.4600000000e+02,4.5009890153e+03,5.9386662576e+03,0.0000000000e+00,2.3747401992e+06
8.0000000000e+12,2.4700000000e+02,4.5010697042e+03,5.9383031116e+03,0.0000000000e+00,2.3724542565e+06
8.0000000000e+12,2.4800000000e+02,4.5011497478e+03,5.9379399885e+03,0.0000000000e+00,2.3701723832e+06
8.0000000000e+12,2.4900000000e+02,4.5012291499e+03,5.9375768881e+03,0.0000000000e+00,2.3678945648e+06
8.0000000000e+12,2.5000000000e+02,4.5013079144e+03,5.9372138107e+03,0.0000000000e+00,2.3656207820e+06
8.0000000000e+12,2.5100000000e+02,4.5013860451e+03,5.9368507560e+03,0.0000000000e+00,2.3633510136e+06
8.0000000000e+12,2.5200000000e+02,4.5014635459e+03,5.9364877242e+03,0.0000000000e+00,2.3610852370e+06
8.0000000000e+12,2.5300000000e+02,4.5015404203e+03,5.9361247153e+03,0.0000000000e+00,2.3588234289e+06
8.0000000000e+12,2.5400000000e+02,4.5016166723e+03,5.9357617292e+03,0.0000000000e+00,2.3565655652e+06
8.0000000000e+12,2.5500000000e+02,4.5016923053e+03,5.9353987660e+03,0.0000000000e+00,2.3543116219e+06
8.0000000000e+12,2.5600000000e+02,4.5017673231e+03,5.9350358256e+03,0.0000000000e+00,2.3520615745e+06
8.0000000000e+12,2.5700000000e+02,4.5018417293e+03,5.9346729080e+03,0.0000000000e+00,2.3498153984e+06
8.0000000000e+12,2.5800000000e+02,4.5019155274e+03,5.9343100133e+03,0.0000000000e+00,2.3475730693e+06
8.0000000000e+12,2.5900000000e+02,4.5019887210e+03,5.9339471415e+03,0.0000000000e+00,2.3453345624e+06
8.0000000000e+12,2.6000000000e+02,4.5020613135e+03,5.9335842925e+03,0.0000000000e+00,2.3430998535e+06
8.0000000000e+12,2.6100000000e+02,4.5021333084e+03,5.9332214664e+03,0.0000000000e+00,2.3408689180e+06
8.0000000000e+12,2.6200000000e+02,4.5022047092e+03,5.9328586631e+03,0.0000000000e+00,2.3386417316e+06
8.0000000000e+12,2.6300000000e+02,4.5022755192e+03,5.9324958827e+03,0.0000000000e+00,2.3364182702e+06
8.0000000000e+12,2.6400000000e+02,4.5023457418e+03,5.9321331252e+03,0.0000000000e+00,2.3341985097e+06
8.0000000000e+12,2.6500000000e+02,4.5024153804e+03,5.9317703905e+03,0.0000000000e+00,2.3319824261e+06
8.0000000000e+12,2.6600000000e+02,4.5024844381e+03,5.9314076787e+03,0.0000000000e+00,2.3297699958e+06
8.0000000000e+12,2.6700000000e+02,4.5025529184e+03,5.9310449897e+03,0.0000000000e+00,2.3275611950e+06
8.0000000000e+12,2.6800000000e+02,4.5026208244e+03,5.9306823236e+03,0.0000000000e+00,2.3253560004e+06
8.0000000000e+12,2.6900000000e+02,4.5026881594e+03,5.9303196804e+03,0.0000000000e+00,2.3231543887e+06
8.0000000000e+12,2.7000000000e+02,4.5027549265e+03,5.9299570600e+03,0.0000000000e+00,2.3209563367e+06
8.0000000000e+12,2.7100000000e+02,4.5028211288e+03,5.9295944625e+03,0.0000000000e+00,2.3187618215e+06
8.0000000000e+12,2.7200000000e+02,4.5028867696e+03,5.9292318879e+03,0.0000000000e+00,2.3165708203e+06
8.0000000000e+12,2.7300000000e+02,4.5029518519e+03,5.9288693361e+03,0.0000000000e+00,2.3143833107e+06
8.0000000000e+12,2.7400000000e+02,4.5030163787e+03,5.9285068072e+03,0.0000000000e+00,2.3121992701e+06
8.0000000000e+12,2.7500000000e+02,4.5030803531e+03,5.9281443012e+03,0.0000000000e+00,2.3100186764e+06
8.0000000000e+12,2.7600000000e+02,4.5031437780e+03,5.9277818181e+03,0.0000000000e+00,2.3078415076e+06
8.0000000000e+12,2.7700000000e+02,4.5032066566e+03,5.9274193578e+03,0.0000000000e+00,2.3056677418e+06
8.0000000000e+12,2.7800000000e+02,4.5032689917e+03,5.9270569204e+03,0.0000000000e+00,2.3034973573e+06
8.0000000000e+12,2.7900000000e+02,4.5033307862e+03,5.9266945058e+03,0.0000000000e+00,2.3013303327e+06
8.0000000000e+12,2.8000000000e+02,4.5033920431e+03,5.9263321142e+03,0.0000000000e+00,2.2991666467e+06
8.0000000000e+12,2.8100000000e+02,4.5034527652e+03,5.9259697454e+03,0.0000000000e+00,2.2970062782e+06
8.0000000000e+12,2.8200000000e+02,4.5035129554e+03,5.9256073995e+03,0.0000000000e+00,2.2948492063e+06
8.0000000000e+12,2.8300000000e+02,4.5035726166e+03,5.9252450764e+03,0.0000000000e+00,2.2926954101e+06
8.0000000000e+12,2.8400000000e+02,4.5036317514e+03,5.9248827763e+03,0.0000000000e+00,2.2905448692e+06
8.0000000000e+12,2.8500000000e+02,4.5036903626e+03,5.9245204990e+03,0.0000000000e+00,2.2883975632e+06
8.0000000000e+12,2.8600000000e+02,4.5037484531e+03,5.9241582446e+03,0.0000000000e+00,2.2862534718e+06
8.0000000000e+12,2.8700000000e+02,4.5038060256e+03,5.9237960131e+03,0.0000000000e+00,2.2841125751e+06
8.0000000000e+12,2.8800000000e+02,4.5038630827e+03,5.9234338044e+03,0.0000000000e+00,2.2819748531e+06
8.0000000000e+12,2.8900000000e+02,4.5039196272e+03,5.9230716186e+03,0.0000000000e+00,2.2798402863e+06
8.0000000000e+12,2.9000000000e+02,4.5039756616e+03,5.9227094557e+03,0.0000000000e+00,2.2777088551e+06
8.0000000000e+12,2.9100000000e+02,4.5040311886e+03,5.9223473157e+03,0.0000000000e+00,2.2755805402e+06
8.0000000000e+12,2.9200000000e+02,4.5040862109e+03,5.9219851986e+03,0.0000000000e+00,2.2734553224e+06
8.0000000000e+12,2.9300000000e+02,4.5041407310e+03,5.9216231043e+03,0.0000000000e+00,2.2713331828e+06
8.0000000000e+12,2.9400000000e+02,4.5041947515e+03,5.9212610329e+03,0.0000000000e+00,2.2692141024e+06
8.0000000000e+12,2.9500000000e+02,4.5042482749e+03,5.9208989844e+03,0.0000000000e+00,2.2670980628e+06
8.0000000000e+12,2.9600000000e+02,4.5043013037e+03,5.9205369588e+03,0.0000000000e+00,2.2649850453e+06
8.0000000000e+12,2.9700000000e+02,4.5043538405e+03,5.9201749561e+03,0.0000000000e+00,2.2628750317e+06
8.0000000000e+12,2.9800000000e+02,4.5044058878e+03,5.9198129762e+03,0.0000000000e+00,2.2607680037e+06
8.0000000000e+12,2.9900000000e+02,4.5044574479e+03,5.9194510193e+03,0.0000000000e+00,2.2586639435e+06
8.0000000000e+12,3.0000000000e+02,4.5045085233e+03,5.9190890852e+03,0.0000000000e+00,2.2565628331e+06
8.0000000000e+12,3.0100000000e+02,4.5045591165e+03,5.9187271740e+03,0.0000000000e+00,2.2544646548e+06
8.0000000000e+12,3.0200000000e+02,4.5046092298e+03,5.9183652856e+03,0.0000000000e+00,2.2523693912e+06
8.0000000000e+12,3.0300000000e+02,4.5046588657e+03,5.9180034202e+03,0.0000000000e+00,2.2502770247e+06
8.0000000000e+12,3.0400000000e+02,4.5047080264e+03,5.9176415776e+03,0.0000000000e+00,2.2481875384e+06
8.0000000000e+12,3.0500000000e+02,4.5047567143e+03,5.9172797580e+03,0.0000000000e+00,2.2461009149e+06
8.0000000000e+12,3.0600000000e+02,4.5048049318e+03,5.9169179612e+03,0.0000000000e+00,2.2440171375e+06
8.0000000000e+12,3.0700000000e+02,4.5048526811e+03,5.9165561873e+03,0.0000000000e+00,2.2419361892e+06
8.0000000000e+12,3.0800000000e+02,4.5048999645e+03,5.9161944362e+03,0.0000000000e+00,2.2398580536e+06
8.0000000000e+12,3.0900000000e+02,4.5049467843e+03,5.9158327081e+03,0.0000000000e+00,2.2377827141e+06
8.0000000000e+12,3.1000000000e+02,4.5049931428e+03,5.9154710028e+03,0.0000000000e+00,2.2357101543e+06
8.0000000000e+12,3.1100000000e+02,4.5050390421e+03,5.9151093205e+03,0.0000000000e+00,2.2336403581e+06
8.0000000000e+12,3.1200000000e+02,4.5050844844e+03,5.9147476610e+03,0.0000000000e+00,2.2315733093e+06
8.0000000000e+12,3.1300000000e+02,4.5051294720e+03,5.9143860244e+03,0.0000000000e+00,2.2295089921e+06
8.0000000000e+12,3.1400000000e+02,4.5051740071e+03,5.9140244106e+03,0.0000000000e+00,2.2274473906e+06
8.0000000000e+12,3.1500000000e+02,4.5052180917e+03,5.9136628198e+03,0.0000000000e+00,2.2253884893e+06
8.0000000000e+12,3.1600000000e+02,4.5052617281e+03,5.9133012518e+03,0.0000000000e+00,2.2233322725e+06
8.0000000000e+12,3.1700000000e+02,4.5053049183e+03,5.9129397068e+03,0.0000000000e+00,2.2212787249e+06
8.0000000000e+12,3.1800000000e+02,4.5053476645e+03,5.9125781846e+03,0.0000000000e+00,2.2192278312e+06
8.0000000000e+12,3.1900000000e+02,4.5053899687e+03,5.9122166853e+03,0.0000000000e+00,2.2171795763e+06
8.0000000000e+12,3.2000000000e+02,4.5054318330e+03,5.9118552088e+03,0.0000000000e+00,2.2151339452e+06
8.0000000000e+12,3.2100000000e+02,4.5054732595e+03,5.9114937553e+03,0.0000000000e+00,2.2130909229e+06
8.0000000000e+12,3.2200000000e+02,4.5055142507e+03,5.9111323246e+03,0.0000000000e+00,2.2110386713e+06
8.0000000000e+12,3.2300000000e+02,4.5055548083e+03,5.9107709154e+03,0.0000000000e+00,2.2089904759e+06
8.0000000000e+12,3.2400000000e+02,4.5055949343e+03,5.9104095293e+03,0.0000000000e+00,2.2069458941e+06
8.0000000000e+12,3.2500000000e+02,4.5056346307e+03,5.9100481661e+03,0.0000000000e+00,2.2049046983e+06
8.0000000000e+12,3.2600000000e+02,4.5056738993e+03,5.9096868260e+03,0.0000000000e+00,2.2028667353e+06
8.0000000000e+12,3.2700000000e+02,4.5057127422e+03,5.9093255088e+03,0.0000000000e+00,2.2008318925e+06
8.0000000000e+12,3.2800000000e+02,4.5057511612e+03,5.9089642146e+03,0.0000000000e+00,2.1988000817e+06
8.0000000000e+12,3.2900000000e+02,4.5057891584e+03,5.9086029433e+03,0.0000000000e+00,2.1967712309e+06
8.0000000000e+12,3.3000000000e+02,4.5058267355e+03,5.9082416950e+03,0.0000000000e+00,2.1947452792e+06
8.0000000000e+12,3.3100000000e+02,4.5058638946e+03,5.9078804696e+03,0.0000000000e+00,2.1927221737e+06
8.0000000000e+12,3.3200000000e+02,4.5059006374e+03,5.9075192671e+03,0.0000000000e+00,2.1907018678e+06
8.0000000000e+12,3.3300000000e+02,4.5059369659e+03,5.9071580875e+03,0.0000000000e+00,2.1886843194e+06
8.0000000000e+12,3.3400000000e+02,4.5059728819e+03,5.9067969309e+03,0.0000000000e+00,2.1866694905e+06
8.0000000000e+12,3.3500000000e+02,4.5060083872e+03,5.9064357972e+03,0.0000000000e+00,2.1846573459e+06
8.0000000000e+12,3.3600000000e+02,4.5060434838e+03,5.9060746864e+03,0.0000000000e+00,2.1826478532e+06
8.0000000000e+12,3.3700000000e+02,4.5060781733e+03,5.9057135985e+03,0.0000000000e+00,2.1806409818e+06
8.0000000000e+12,3.3800000000e+02,4.5061124577e+03,5.9053525336e+03,0.0000000000e+00,2.1786367033e+06
8.0000000000e+12,3.3900000000e+02,4.5061463387e+03,5.9049914915e+03,0.0000000000e+00,2.1766349907e+06
8.0000000000e+12,3.4000000000e+02,4.5061798181e+03,5.9046304723e+03,0.0000000000e+00,2.1746358184e+06
8.0000000000e+12,3.4100000000e+02,4.5062128976e+03,5.9042694761e+03,0.0000000000e+00,2.1726391619e+06
8.0000000000e+12,3.4200000000e+02,4.5062455790e+03,5.9039085027e+03,0.0000000000e+00,2.1706449979e+06
8.0000000000e+12,3.4300000000e+02,4.5062778641e+03,5.9035475523e+03,0.0000000000e+00,2.1686533039e+06
8.0000000000e+12,3.4400000000e+02,4.5063097545e+03,5.9031866247e+03,0.0000000000e+00,2.1666640586e+06
8.0000000000e+12,3.4500000000e+02,4.5063412521e+03,5.9028257200e+03,0.0000000000e+00,2.1646772410e+06
8.0000000000e+12,3.4600000000e+02,4.5063723584e+03,5.9024648383e+03,0.0000000000e+00,2.1626928311e+06
8.0000000000e+12,3.4700000000e+02,4.5064030752e+03,5.9021039794e+03,0.0000000000e+00,2.1607108094e+06
8.0000000000e+12,3.4800000000e+02,4.5064334042e+03,5.9017431434e+03,0.0000000000e+00,2.1587311572e+06
8.0000000000e+12,3.4900000000e+02,4.5064633470e+03,5.9013823303e+03,0.0000000000e+00,2.1567538561e+06
8.0000000000e+12,3.5000000000e+02,4.5064929053e+03,5.9010215402e+03,0.0000000000e+00,2.1547788882e+06
8.0000000000e+12,3.5100000000e+02,4.5065220808e+03,5.9006607728e+03,0.0000000000e+00,2.1528062364e+06
8.0000000000e+12,3.5200000000e+02,4.5065508750e+03,5.9003000284e+03,0.0000000000e+00,2.1508358835e+06
8.0000000000e+12,3.5300000000e+02,4.5065792895e+03,5.8999393069e+03,0.0000000000e+00,2.1488678131e+06
8.0000000000e+12,3.5400000000e+02,4.5066073261e+03,5.8995786083e+03,0.0000000000e+00,2.1469020091e+06
8.0000000000e+12,3.5500000000e+02,4.5066349863e+03,5.8992179325e+03,0.0000000000e+00,2.1449384557e+06
8.0000000000e+12,3.5600000000e+02,4.5066622716e+03,5.8988572796e+03,0.0000000000e+00,2.1429771375e+06
8.0000000000e+12,3.5700000000e+02,4.5066891837e+03,5.8984966496e+03,0.0000000000e+00,2.1410180392e+06
8.0000000000e+12,3.5800000000e+02,4.5067157241e+03,5.8981360425e+03,0.0000000000e+00,2.1390611461e+06
8.0000000000e+12,3.5900000000e+02,4.5067418943e+03,5.8977754583e+03,0.0000000000e+00,2.1371064436e+06
8.0000000000e+12,3.6000000000e+02,4.5067676960e+03,5.8974148969e+03,0.0000000000e+00,2.1351539174e+06
8.0000000000e+12,3.6100000000e+02,4.5067931306e+03,5.8970543584e+03,0.0000000000e+00,2.1332035535e+06
8.0000000000e+12,3.6200000000e+02,4.5068181997e+03,5.8966938428e+03,0.0000000000e+00,2.1312553381e+06
8.0000000000e+12,3.6300000000e+02,4.5068429047e+03,5.8963333501e+03,0.0000000000e+00,2.1293092576e+06
8.0000000000e+12,3.6400000000e+02,4.5068672472e+03,5.8959728803e+03,0.0000000000e+00,2.1273652986e+06
8.0000000000e+12,3.6500000000e+02,4.5068912287e+03,5.8956124333e+03,0.0000000000e+00,2.1254234482e+06
8.0000000000e+12,3.6600000000e+02,4.5069148506e+03,5.8952520092e+03,0.0000000000e+00,2.1234836932e+06
8.0000000000e+12,3.6700000000e+02,4.5069381144e+03,5.8948916080e+03,0.0000000000e+00,2.1215460211e+06
8.0000000000e+12,3.6800000000e+02,4.5069610216e+03,5.8945312296e+03,0.0000000000e+00,2.1196104192e+06
8.0000000000e+12,3.6900000000e+02,4.5069835737e+03,5.8941708742e+03,0.0000000000e+00,2.1176768752e+06
8.0000000000e+12,3.7000000000e+02,4.5070057719e+03,5.8938105415e+03,0.0000000000e+00,2.1157453769e+06
8.0000000000e+12,3.7100000000e+02,4.5070276179e+03,5.8934502318e+03,0.0000000000e+00,2.1138159123e+06
8.0000000000e+12,3.7200000000e+02,4.5070491130e+03,5.8930899449e+03,0.0000000000e+00,2.1118884695e+06
8.0000000000e+12,3.7300000000e+02,4.5070702586e+03,5.8927296809e+03,0.0000000000e+00,2.1099630368e+06
8.0000000000e+12,3.7400000000e+02,4.5070910562e+03,5.8923694398e+03,0.0000000000e+00,2.1080396026e+06
8.0000000000e+12,3.7500000000e+02,4.5071115070e+03,5.8920092215e+03,0.0000000000e+00,2.1061181556e+06
8.0000000000e+12,3.7600000000e+02,4.5071316126e+03,5.8916490261e+03,0.0000000000e+00,2.1041986845e+06
8.0000000000e+12,3.7700000000e+02,4.5071513742e+03,5.8912888536e+03,0.0000000000e+00,2.1022811780e+06
8.0000000000e+12,3.7800000000e+02,4.5071707933e+03,5.8909287039e+03,0.0000000000e+00,2.1003656253e+06
8.0000000000e+12,3.7900000000e+02,4.5071898712e+03,5.8905685770e+03,0.0000000000e+00,2.0984520155e+06
8.0000000000e+12,3.8000000000e+02,4.5072086092e+03,5.8902084731e+03,0.0000000000e+00,2.0965403378e+06
8.0000000000e+12,3.8100000000e+02,4.5072270087e+03,5.8898483920e+03,0.0000000000e+00,2.0946305815e+06
8.0000000000e+12,3.8200000000e+02,4.5072450710e+03,5.8894883337e+03,0.0000000000e+00,2.0927227363e+06
8.0000000000e+12,3.8300000000e+02,4.5072627975e+03,5.8891282984e+03,0.0000000000e+00,2.0908167916e+06
8.0000000000e+12,3.8400000000e+02,4.5072801893e+03,5.8887682858e+03,0.0000000000e+00,2.0889127372e+06
8.0000000000e+12,3.8500000000e+02,4.5072972480e+03,5.8884082962e+03,0.0000000000e+00,2.0870105629e+06
8.0000000000e+12,3.8600000000e+02,4.5073139747e+03,5.8880483293e+03,0.0000000000e+00,2.0851102587e+06
8.0000000000e+12,3.8700000000e+02,4.5073303707e+03,5.8876883854e+03,0.0000000000e+00,2.0832118146e+06
8.0000000000e+12,3.8800000000e+02,4.5073464373e+03,5.8873284643e+03,0.0000000000e+00,2.0813152207e+06
8.0000000000e+12,3.8900000000e+02,4.5073621758e+03,5.8869685660e+03,0.0000000000e+00,2.0794204673e+06
8.0000000000e+12,3.9000000000e+02,4.5073775874e+03,5.8866086906e+03,0.0000000000e+00,2.0775275447e+06
8.0000000000e+12,3.9100000000e+02,4.5073926734e+03,5.8862488380e+03,0.0000000000e+00,2.0756364433e+06
8.0000000000e+12,3.9200000000e+02,4.5074074351e+03,5.8858890083e+03,0.0000000000e+00,2.0737471537e+06
8.0000000000e+12,3.9300000000e+02,4.5074218736e+03,5.8855292015e+03,0.0000000000e+00,2.0718596664e+06
8.0000000000e+12,3.9400000000e+02,4.5074359903e+03,5.8851694175e+03,0.0000000000e+00,2.0699739721e+06
8.0000000000e+12,3.9500000000e+02,4.5074497863e+03,5.8848096563e+03,0.0000000000e+00,2.0680900617e+06
8.0000000000e+12,3.9600000000e+02,4.5074632628e+03,5.8844499180e+03,0.0000000000e+00,2.0662079260e+06
8.0000000000e+12,3.9700000000e+02,4.5074764211e+03,5.8840902025e+03,0.0000000000e+00,2.0643275559e+06
8.0000000000e+12,3.9800000000e+02,4.5074892623e+03,5.8837305099e+03,0.0000000000e+00,2.0624489424e+06
8.0000000000e+12,3.9900000000e+02,4.5075017877e+03,5.8833708401e+03,0.0000000000e+00,2.0605720767e+06
8.0000000000e+12,4.0000000000e+02,4.5075139984e+03,5.8830111931e+03,0.0000000000e+00,2.0586969500e+06
8.0000000000e+12,4.0100000000e+02,4.5075258956e+03,5.8826515690e+03,0.0000000000e+00,2.0568235535e+06
8.0000000000e+12,4.0200000000e+02,4.5075374805e+03,5.8822919678e+03,0.0000000000e+00,2.0549518785e+06
8.0000000000e+12,4.0300000000e+02,4.5075487542e+03,5.8819323893e+03,0.0000000000e+00,2.0530819165e+06
8.0000000000e+12,4.0400000000e+02,4.5075597179e+03,5.8815728337e+03,0.0000000000e+00,2.0512136589e+06
8.0000000000e+12,4.0500000000e+02,4.5075703728e+03,5.8812133010e+03,0.0000000000e+00,2.0493470972e+06
8.0000000000e+12,4.0600000000e+02,4.5075807199e+03,5.8808537911e+03,0.0000000000e+00,2.0474822232e+06
8.0000000000e+12,4.0700000000e+02,4.5075907605e+03,5.8804943040e+03,0.0000000000e+00,2.0456190284e+06
8.0000000000e+12,4.0800000000e+02,4.5076004956e+03,5.8801348397e+03,0.0000000000e+00,2.0437575047e+06
8.0000000000e+12,4.0900000000e+02,4.5076099263e+03,5.8797753983e+03,0.0000000000e+00,2.0418976438e+06
8.0000000000e+12,4.1000000000e+02,4.5076190539e+03,5.8794159797e+03,0.0000000000e+00,2.0400394376e+06
8.0000000000e+12,4.1100000000e+02,4.5076278793e+03,5.8790565840e+03,0.0000000000e+00,2.0381828781e+06
8.0000000000e+12,4.1200000000e+02,4.5076364037e+03,5.8786972110e+03,0.0000000000e+00,2.0363279573e+06
8.0000000000e+12,4.1300000000e+02,4.5076446282e+03,5.8783378609e+03,0.0000000000e+00,2.0344746672e+06
8.0000000000e+12,4.1400000000e+02,4.5076525539e+03,5.8779785337e+03,0.0000000000e+00,2.0326230000e+06
8.0000000000e+12,4.1500000000e+02,4.5076601818e+03,5.8776192292e+03,0.0000000000e+00,2.0307729478e+06
8.0000000000e+12,4.1600000000e+02,4.5076675130e+03,5.8772599476e+03,0.0000000000e+00,2.0289245029e+06
8.0000000000e+12,4.1700000000e+02,4.5076745486e+03,5.8769006888e+03,0.0000000000e+00,2.0270776576e+06
8.0000000000e+12,4.1800000000e+02,4.5076812897e+03,5.8765414528e+03,0.0000000000e+00,2.0252324043e+06
8.0000000000e+12,4.1900000000e+02,4.5076877373e+03,5.8761822396e+03,0.0000000000e+00,2.0233887353e+06
8.0000000000e+12,4.2000000000e+02,4.5076938924e+03,5.8758230493e+03,0.0000000000e+00,2.0215466431e+06
8.0000000000e+12,4.2100000000e+02,4.5076997561e+03,5.8754638818e+03,0.0000000000e+00,2.0197061203e+06
8.0000000000e+12,4.2200000000e+02,4.5077053295e+03,5.8751047371e+03,0.0000000000e+00,2.0178671594e+06
8.0000000000e+12,4.2300000000e+02,4.5077106135e+03,5.8747456152e+03,0.0000000000e+00,2.0160297531e+06
8.0000000000e+12,4.2400000000e+02,4.5077156091e+03,5.8743865161e+03,0.0000000000e+00,2.0141938939e+06
8.0000000000e+12,4.2500000000e+02,4.5077203175e+03,5.8740274399e+03,0.0000000000e+00,2.0123595748e+06
8.0000000000e+12,4.2600000000e+02,4.5077247396e+03,5.8736683864e+03,0.0000000000e+00,2.0105267883e+06
8.0000000000e+12,4.2700000000e+02,4.5077288765e+03,5.8733093558e+03,0.0000000000e+00,2.0086955274e+06
8.0000000000e+12,4.2800000000e+02,4.5077327290e+03,5.8729503480e+03,0.0000000000e+00,2.0068657849e+06
8.0000000000e+12,4.2900000000e+02,4.5077362982e+03,5.8725913630e+03,0.0000000000e+00,2.0050375538e+06
8.0000000000e+12,4.3000000000e+02,4.5077395852e+03,5.8722324008e+03,0.0000000000e+00,2.0032108269e+06
8.0000000000e+12,4.3100000000e+02,4.5077425908e+03,5.8718734614e+03,0.0000000000e+00,2.0013855974e+06
8.0000000000e+12,4.3200000000e+02,4.5077453161e+03,5.8715145448e+03,0.0000000000e+00,1.9995618583e+06
8.0000000000e+12,4.3300000000e+02,4.5077477621e+03,5.8711556510e+03,0.0000000000e+00,1.9977396027e+06
8.0000000000e+12,4.3400000000e+02,4.5077499296e+03,5.8707967800e+03,0.0000000000e+00,1.9959188237e+06
8.0000000000e+12,4.3500000000e+02,4.5077518197e+03,5.8704379318e+03,0.0000000000e+00,1.9940995145e+06
8.0000000000e+12,4.3600000000e+02,4.5077534333e+03,5.8700791065e+03,0.0000000000e+00,1.9922816684e+06
8.0000000000e+12,4.3700000000e+02,4.5077547714e+03,5.8697203039e+03,0.0000000000e+00,1.9904652786e+06
8.0000000000e+12,4.3800000000e+02,4.5077558349e+03,5.8693615241e+03,0.0000000000e+00,1.9886503386e+06
8.0000000000e+12,4.3900000000e+02,4.5077566247e+03,5.8690027671e+03,0.0000000000e+00,1.9868368415e+06
8.0000000000e+12,4.4000000000e+02,4.5077571418e+03,5.8686440329e+03,0.0000000000e+00,1.9850247809e+06
8.0000000000e+12,4.4100000000e+02,4.5077573871e+03,5.8682853215e+03,0.0000000000e+00,1.9832141502e+06
8.0000000000e+12,4.4200000000e+02,4.5077573616e+03,5.8679266330e+03,0.0000000000e+00,1.9814049429e+06
8.0000000000e+12,4.4300000000e+02,4.5077570661e+03,5.8675679671e+03,0.0000000000e+00,1.9795971524e+06
8.0000000000e+12,4.4400000000e+02,4.5077565015e+03,5.8672093241e+03,0.0000000000e+00,1.9777907724e+06
8.0000000000e+12,4.4500000000e+02,4.5077556689e+03,5.8668507039e+03,0.0000000000e+00,1.9759857965e+06
8.0000000000e+12,4.4600000000e+02,4.5077545689e+03,5.8664921065e+03,0.0000000000e+00,1.9741822182e+06
8.0000000000e+12,4.4700000000e+02,4.5077532027e+03,5.8661335318e+03,0.0000000000e+00,1.9723800314e+06
8.0000000000e+12,4.4800000000e+02,4.5077515710e+03,5.8657749800e+03,0.0000000000e+00,1.9705792296e+06
8.0000000000e+12,4.4900000000e+02,4.5077496748e+03,5.8654164509e+03,0.0000000000e+00,1.9687798067e+06
8.0000000000e+12,4.5000000000e+02,4.5077475149e+03,5.8650579446e+03,0.0000000000e+00,1.9669817565e+06
8.0000000000e+12,4.5100000000e+02,4.5077450922e+03,5.8646994611e+03,0.0000000000e+00,1.9651850726e+06
8.0000000000e+12,4.5200000000e+02,4.5077424076e+03,5.8643410004e+03,0.0000000000e+00,1.9633897492e+06
8.0000000000e+12,4.5300000000e+02,4.5077394620e+03,5.8639825624e+03,0.0000000000e+00,1.9615957799e+06
8.0000000000e+12,4.5400000000e+02,4.5077362561e+03,5.8636241472e+03,0.0000000000e+00,1.9598031588e+06
8.0000000000e+12,4.5500000000e+02,4.5077327909e+03,5.8632657548e+03,0.0000000000e+00,1.9580118798e+06
8.0000000000e+12,4.5600000000e+02,4.5077290673e+03,5.8629073852e+03,0.0000000000e+00,1.9562219369e+06
8.0000000000e+12,4.5700000000e+02,4.5077250860e+03,5.8625490384e+03,0.0000000000e+00,1.9544333241e+06
8.0000000000e+12,4.5800000000e+02,4.5077208479e+03,5.8621907143e+03,0.0000000000e+00,1.9526460356e+06
8.0000000000e+12,4.5900000000e+02,4.5077163539e+03,5.8618324130e+03,0.0000000000e+00,1.9508600653e+06
8.0000000000e+12,4.6000000000e+02,4.5077116048e+03,5.8614741344e+03,0.0000000000e+00,1.9490754075e+06
8.0000000000e+12,4.6100000000e+02,4.5077066014e+03,5.8611158787e+03,0.0000000000e+00,1.9472920563e+06
8.0000000000e+12,4.6200000000e+02,4.5077013446e+03,5.8607576457e+03,0.0000000000e+00,1.9455100059e+06
8.0000000000e+12,4.6300000000e+02,4.5076958351e+03,5.8603994354e+03,0.0000000000e+00,1.9437292505e+06
8.0000000000e+12,4.6400000000e+02,4.5076900738e+03,5.8600412480e+03,0.0000000000e+00,1.9419497844e+06
8.0000000000e+12,4.6500000000e+02,4.5076840616e+03,5.8596830833e+03,0.0000000000e+00,1.9401716018e+06
8.0000000000e+12,4.6600000000e+02,4.5076777991e+03,5.8593249413e+03,0.0000000000e+00,1.9383946972e+06
8.0000000000e+12,4.6700000000e+02,4.5076712872e+03,5.8589668221e+03,0.0000000000e+00,1.9366190647e+06
8.0000000000e+12,4.6800000000e+02,4.5076645268e+03,5.8586087257e+03,0.0000000000e+00,1.9348446989e+06
8.0000000000e+12,4.6900000000e+02,4.5076575186e+03,5.8582506520e+03,0.0000000000e+00,1.9330715940e+06
8.0000000000e+12,4.7000000000e+02,4.5076502633e+03,5.8578926011e+03,0.0000000000e+00,1.9312997446e+06
8.0000000000e+12,4.7100000000e+02,4.5076427619e+03,5.8575345729e+03,0.0000000000e+00,1.9295291452e+06
8.0000000000e+12,4.7200000000e+02,4.5076350151e+03,5.8571765675e+03,0.0000000000e+00,1.9277597901e+06
8.0000000000e+12,4.7300000000e+02,4.5076270232e+03,5.8568185849e+03,0.0000000000e+00,1.9260122613e+06
8.0000000000e+12,4.7400000000e+02,4.5076187872e+03,5.8564606280e+03,0.0000000000e+00,1.9242617677e+06
8.0000000000e+12,4.7500000000e+02,4.5076103078e+03,5.8561026933e+03,0.0000000000e+00,1.9225099618e+06
8.0000000000e+12,4.7600000000e+02,4.5076015859e+03,5.8557447810e+03,0.0000000000e+00,1.9207576501e+06
8.0000000000e+12,4.7700000000e+02,4.5075926225e+03,5.8553868911e+03,0.0000000000e+00,1.9190052385e+06
8.0000000000e+12,4.7800000000e+02,4.5075834182e+03,5.8550290238e+03,0.0000000000e+00,1.9172529697e+06
8.0000000000e+12,4.7900000000e+02,4.5075739738e+03,5.8546711790e+03,0.0000000000e+00,1.9155010057e+06
8.0000000000e+12,4.8000000000e+02,4.5075642900e+03,5.8543133569e+03,0.0000000000e+00,1.9137494629e+06
8.0000000000e+12,4.8100000000e+02,4.5075543678e+03,5.8539555574e+03,0.0000000000e+00,1.9119984292e+06
8.0000000000e+12,4.8200000000e+02,4.5075442076e+03,5.8535977805e+03,0.0000000000e+00,1.9102479732e+06
8.0000000000e+12,4.8300000000e+02,4.5075338105e+03,5.8532400262e+03,0.0000000000e+00,1.9084981496e+06
8.0000000000e+12,4.8400000000e+02,4.5075231770e+03,5.8528822946e+03,0.0000000000e+00,1.9067490034e+06
8.0000000000e+12,4.8500000000e+02,4.5075123079e+03,5.8525245857e+03,0.0000000000e+00,1.9050005720e+06
8.0000000000e+12,4.8600000000e+02,4.5075012039e+03,5.8521668994e+03,0.0000000000e+00,1.9032528866e+06
8.0000000000e+12,4.8700000000e+02,4.5074898658e+03,5.8518092358e+03,0.0000000000e+00,1.9015059738e+06
8.0000000000e+12,4.8800000000e+02,4.5074782942e+03,5.8514515948e+03,0.0000000000e+00,1.8997598565e+06
8.0000000000e+12,4.8900000000e+02,4.5074664900e+03,5.8510939765e+03,0.0000000000e+00,1.8980145543e+06
8.0000000000e+12,4.9000000000e+02,4.5074544538e+03,5.8507363809e+03,0.0000000000e+00,1.8962700842e+06
8.0000000000e+12,4.9100000000e+02,4.5074421863e+03,5.8503788080e+03,0.0000000000e+00,1.8945264612e+06
8.0000000000e+12,4.9200000000e+02,4.5074296883e+03,5.8500212577e+03,0.0000000000e+00,1.8927836980e+06
8.0000000000e+12,4.9300000000e+02,4.5074169604e+03,5.8496637301e+03,0.0000000000e+00,1.8910418062e+06
8.0000000000e+12,4.9400000000e+02,4.5074040033e+03,5.8493062252e+03,0.0000000000e+00,1.8893007956e+06
8.0000000000e+12,4.9500000000e+02,4.5073908178e+03,5.8489487430e+03,0.0000000000e+00,1.8875606750e+06
8.0000000000e+12,4.9600000000e+02,4.5073774045e+03,5.8485912834e+03,0.0000000000e+00,1.8858214521e+06
8.0000000000e+12,4.9700000000e+02,4.5073637641e+03,5.8482338466e+03,0.0000000000e+00,1.8840831335e+06
8.0000000000e+12,4.9800000000e+02,4.5073498973e+03,5.8478764324e+03,0.0000000000e+00,1.8823457252e+06
8.0000000000e+12,4.9900000000e+02,4.5073358048e+03,5.8475190409e+03,0.0000000000e+00,1.8806092324e+06
8.0000000000e+12,5.0000000000e+02,4.5073214873e+03,5.8471616720e+03,0.0000000000e+00,1.8788736596e+06
8.0000000000e+12,5.0100000000e+02,4.5073069454e+03,5.8468043259e+03,0.0000000000e+00,1.8771390105e+06
8.0000000000e+12,5.0200000000e+02,4.5072921798e+03,5.8464470024e+03,0.0000000000e+00,1.8754052888e+06
8.0000000000e+12,5.0300000000e+02,4.5072771912e+03,5.8460897016e+03,0.0000000000e+00,1.8736724971e+06
8.0000000000e+12,5.0400000000e+02,4.5072619803e+03,5.8457324235e+03,0.0000000000e+00,1.8719406380e+06
8.0000000000e+12,5.0500000000e+02,4.5072465476e+03,5.8453751681e+03,0.0000000000e+00,1.8702097134e+06
8.0000000000e+12,5.0600000000e+02,4.5072308939e+03,5.8450179353e+03,0.0000000000e+00,1.8684797251e+06
8.0000000000e+12,5.0700000000e+02,4.5072150199e+03,5.8446607252e+03,0.0000000000e+00,1.8667506745e+06
8.0000000000e+12,5.0800000000e+02,4.5071989261e+03,5.8443035378e+03,0.0000000000e+00,1.8650225624e+06
8.0000000000e+12,5.0900000000e+02,4.5071826132e+03,5.8439463731e+03,0.0000000000e+00,1.8632953898e+06
8.0000000000e+12,5.1000000000e+02,4.5071660819e+03,5.8435892311e+03,0.0000000000e+00,1.8615691570e+06
8.0000000000e+12,5.1100000000e+02,4.5071493328e+03,5.8432321117e+03,0.0000000000e+00,1.8598438643e+06
8.0000000000e+12,5.1200000000e+02,4.5071323666e+03,5.8428750150e+03,0.0000000000e+00,1.8581195119e+06
8.0000000000e+12,5.1300000000e+02,4.5071151838e+03,5.8425179409e+03,0.0000000000e+00,1.8563960994e+06
8.0000000000e+12,5.1400000000e+02,4.5070977852e+03,5.8421608895e+03,0.0000000000e+00,1.8546736265e+06
8.0000000000e+12,5.1500000000e+02,4.5070801713e+03,5.8418038608e+03,0.0000000000e+00,1.8529520927e+06
8.0000000000e+12,5.1600000000e+02,4.5070623428e+03,5.8414468548e+03,0.0000000000e+00,1.8512314973e+06
8.0000000000e+12,5.1700000000e+02,4.5070443003e+03,5.8410898714e+03,0.0000000000e+00,1.8495118394e+06
8.0000000000e+12,5.1800000000e+02,4.5070260444e+03,5.8407329108e+03,0.0000000000e+00,1.8477931181e+06
8.0000000000e+12,5.1900000000e+02,4.5070075758e+03,5.8403759727e+03,0.0000000000e+00,1.8460753321e+06
8.0000000000e+12,5.2000000000e+02,4.5069888950e+03,5.8400190573e+03,0.0000000000e+00,1.8443584803e+06
8.0000000000e+12,5.2100000000e+02,4.5069700027e+03,5.8396621646e+03,0.0000000000e+00,1.8426425612e+06
8.0000000000e+12,5.2200000000e+02,4.5069508995e+03,5.8393052946e+03,0.0000000000e+00,1.8409275734e+06
8.0000000000e+12,5.2300000000e+02,4.5069315859e+03,5.8389484472e+03,0.0000000000e+00,1.8392135153e+06
8.0000000000e+12,5.2400000000e+02,4.5069120627e+03,5.8385916225e+03,0.0000000000e+00,1.8375003852e+06
8.0000000000e+12,5.2500000000e+02,4.5068923303e+03,5.8382348204e+03,0.0000000000e+00,1.8357881814e+06
8.0000000000e+12,5.2600000000e+02,4.5068723894e+03,5.8378780410e+03,0.0000000000e+00,1.8340769019e+06
8.0000000000e+12,5.2700000000e+02,4.5068522406e+03,5.8375212842e+03,0.0000000000e+00,1.8323665449e+06
8.0000000000e+12,5.2800000000e+02,4.5068318845e+03,5.8371645501e+03,0.0000000000e+00,1.8306571084e+06
8.0000000000e+12,5.2900000000e+02,4.5068113217e+03,5.8368078387e+03,0.0000000000e+00,1.8289485902e+06
8.0000000000e+12,5.3000000000e+02,4.5067905526e+03,5.8364511499e+03,0.0000000000e+00,1.8272409883e+06
8.0000000000e+12,5.3100000000e+02,4.5067695781e+03,5.8360944837e+03,0.0000000000e+00,1.8255343004e+06
8.0000000000e+12,5.3200000000e+02,4.5067483985e+03,5.8357378402e+03,0.0000000000e+00,1.8238285242e+06
8.0000000000e+12,5.3300000000e+02,4.5067270146e+03,5.8353812193e+03,0.0000000000e+00,1.8221236575e+06
8.0000000000e+12,5.3400000000e+02,4.5067054268e+03,5.8350246211e+03,0.0000000000e+00,1.8204196978e+06
8.0000000000e+12,5.3500000000e+02,4.5066836357e+03,5.8346680455e+03,0.0000000000e+00,1.8187166429e+06
8.0000000000e+12,5.3600000000e+02,4.5066616420e+03,5.8343114926e+03,0.0000000000e+00,1.8170144901e+06
8.0000000000e+12,5.3700000000e+02,4.5066394462e+03,5.8339549623e+03,0.0000000000e+00,1.8153132369e+06
8.0000000000e+12,5.3800000000e+02,4.5066170488e+03,5.8335984547e+03,0.0000000000e+00,1.8136128809e+06
8.0000000000e+12,5.3900000000e+02,4.5065944504e+03,5.8332419696e+03,0.0000000000e+00,1.8119134195e+06
8.0000000000e+12,5.4000000000e+02,4.5065716516e+03,5.8328855073e+03,0.0000000000e+00,1.8102148499e+06
8.0000000000e+12,5.4100000000e+02,4.5065486529e+03,5.8325290675e+03,0.0000000000e+00,1.8085171696e+06
8.0000000000e+12,5.4200000000e+02,4.5065254549e+03,5.8321726504e+03,0.0000000000e+00,1.8068203759e+06
8.0000000000e+12,5.4300000000e+02,4.5065020582e+03,5.8318162559e+03,0.0000000000e+00,1.8051244660e+06
8.0000000000e+12,5.4400000000e+02,4.5064784632e+03,5.8314598840e+03,0.0000000000e+00,1.8034294371e+06
8.0000000000e+12,5.4500000000e+02,4.5064546706e+03,5.8311035348e+03,0.0000000000e+00,1.8017352866e+06
8.0000000000e+12,5.4600000000e+02,4.5064306808e+03,5.8307472082e+03,0.0000000000e+00,1.8000420116e+06
8.0000000000e+12,5.4700000000e+02,4.5064064945e+03,5.8303909042e+03,0.0000000000e+00,1.7983496092e+06
8.0000000000e+12,5.4800000000e+02,4.5063821121e+03,5.8300346229e+03,0.0000000000e+00,1.7966580766e+06
8.0000000000e+12,5.4900000000e+02,4.5063575343e+03,5.8296783641e+03,0.0000000000e+00,1.7949674109e+06
8.0000000000e+12,5.5000000000e+02,4.5063327614e+03,5.8293221280e+03,0.0000000000e+00,1.7932776093e+06
8.0000000000e+12,5.5100000000e+02,4.5063077942e+03,5.8289659145e+03,0.0000000000e+00,1.7915886688e+06
8.0000000000e+12,5.5200000000e+02,4.5062826330e+03,5.8286097236e+03,0.0000000000e+00,1.7899005864e+06
8.0000000000e+12,5.5300000000e+02,4.5062572785e+03,5.8282535553e+03,0.0000000000e+00,1.7882133593e+06
8.0000000000e+12,5.5400000000e+02,4.5062317311e+03,5.8278974096e+03,0.0000000000e+00,1.7865269845e+06
8.0000000000e+12,5.5500000000e+02,4.5062059914e+03,5.8275412866e+03,0.0000000000e+00,1.7848414589e+06
8.0000000000e+12,5.5600000000e+02,4.5061800598e+03,5.8271851861e+03,0.0000000000e+00,1.7831567796e+06
8.0000000000e+12,5.5700000000e+02,4.5061539370e+03,5.8268291083e+03,0.0000000000e+00,1.7814729436e+06
8.0000000000e+12,5.5800000000e+02,4.5061276235e+03,5.8264730531e+03,0.0000000000e+00,1.7797899478e+06
8.0000000000e+12,5.5900000000e+02,4.5061011197e+03,5.8261170204e+03,0.0000000000e+00,1.7781077892e+06
8.0000000000e+12,5.6000000000e+02,4.5060744261e+03,5.8257610104e+03,0.0000000000e+00,1.7764264648e+06
8.0000000000e+12,5.6100000000e+02,4.5060475433e+03,5.8254050230e+03,0.0000000000e+00,1.7747459715e+06
8.0000000000e+12,5.6200000000e+02,4.5060204718e+03,5.8250490581e+03,0.0000000000e+00,1.7730663062e+06
8.0000000000e+12,5.6300000000e+02,4.5059932120e+03,5.8246931159e+03,0.0000000000e+00,1.7713874660e+06
8.0000000000e+12,5.6400000000e+02,4.5059657646e+03,5.8243371962e+03,0.0000000000e+00,1.7697094476e+06
8.0000000000e+12,5.6500000000e+02,4.5059381299e+03,5.8239812992e+03,0.0000000000e+00,1.7680322479e+06
8.0000000000e+12,5.6600000000e+02,4.5059103085e+03,5.8236254247e+03,0.0000000000e+00,1.7663558640e+06
8.0000000000e+12,5.6700000000e+02,4.5058823009e+03,5.8232695728e+03,0.0000000000e+00,1.7646802927e+06
8.0000000000e+12,5.6800000000e+02,4.5058541075e+03,5.8229137435e+03,0.0000000000e+00,1.7630055309e+06
8.0000000000e+12,5.6900000000e+02,4.5058257290e+03,5.8225579368e+03,0.0000000000e+00,1.7613315754e+06
8.0000000000e+12,5.7000000000e+02,4.5057971656e+03,5.8222021527e+03,0.0000000000e+00,1.7596584232e+06
8.0000000000e+12,5.7100000000e+02,4.5057684181e+03,5.8218463911e+03,0.0000000000e+00,1.7579860710e+06
8.0000000000e+12,5.7200000000e+02,4.5057394867e+03,5.8214906522e+03,0.0000000000e+00,1.7563145159e+06
8.0000000000e+12,5.7300000000e+02,4.5057103721e+03,5.8211349358e+03,0.0000000000e+00,1.7546437547e+06
8.0000000000e+12,5.7400000000e+02,4.5056810746e+03,5.8207792420e+03,0.0000000000e+00,1.7529737841e+06
8.0000000000e+12,5.7500000000e+02,4.5056515948e+03,5.8204235707e+03,0.0000000000e+00,1.7513046011e+06
8.0000000000e+12,5.7600000000e+02,4.5056219332e+03,5.8200679221e+03,0.0000000000e+00,1.7496362026e+06
8.0000000000e+12,5.7700000000e+02,4.5055920902e+03,5.8197122959e+03,0.0000000000e+00,1.7479685854e+06
8.0000000000e+12,5.7800000000e+02,4.5055620663e+03,5.8193566924e+03,0.0000000000e+00,1.7463017463e+06
8.0000000000e+12,5.7900000000e+02,4.5055318620e+03,5.8190011114e+03,0.0000000000e+00,1.7446356822e+06
8.0000000000e+12,5.8000000000e+02,4.5055014777e+03,5.8186455530e+03,0.0000000000e+00,1.7429703899e+06
8.0000000000e+12,5.8100000000e+02,4.5054709139e+03,5.8182900172e+03,0.0000000000e+00,1.7413058663e+06
8.0000000000e+12,5.8200000000e+02,4.5054401710e+03,5.8179345039e+03,0.0000000000e+00,1.7396421083e+06
8.0000000000e+12,5.8300000000e+02,4.5054092497e+03,5.8175790132e+03,0.0000000000e+00,1.7379791126e+06
8.0000000000e+12,5.8400000000e+02,4.5053781502e+03,5.8172235450e+03,0.0000000000e+00,1.7363168762e+06
8.0000000000e+12,5.8500000000e+02,4.5053468730e+03,5.8168680994e+03,0.0000000000e+00,1.7346553959e+06
8.0000000000e+12,5.8600000000e+02,4.5053154187e+03,5.8165126763e+03,0.0000000000e+00,1.7329946685e+06
8.0000000000e+12,5.8700000000e+02,4.5052837876e+03,5.8161572758e+03,0.0000000000e+00,1.7313346909e+06
8.0000000000e+12,5.8800000000e+02,4.5052519803e+03,5.8158018978e+03,4.8384711558e+04,1.7296754599e+06
8.0000000000e+12,5.8900000000e+02,4.5052199971e+03,5.8155253984e+03,8.4990658345e+04,1.7281675638e+06
8.0000000000e+12,5.9000000000e+02,4.5051878339e+03,5.8152888238e+03,1.0678677344e+05,1.7268473277e+06
8.0000000000e+12,5.9100000000e+02,4.5051554877e+03,5.8150710907e+03,1.2349699638e+05,1.7257114457e+06
8.0000000000e+12,5.9200000000e+02,4.5051229570e+03,5.8148659413e+03,1.3739648475e+05,1.7247524618e+06
8.0000000000e+12,5.9300000000e+02,4.5050902407e+03,5.8146702293e+03,1.4945904520e+05,1.7239624335e+06
8.0000000000e+12,5.9400000000e+02,4.5050573382e+03,5.8144820428e+03,1.6020416198e+05,1.7233338108e+06
8.0000000000e+12,5.9500000000e+02,4.5050242489e+03,5.8143000909e+03,1.6994922652e+05,1.7228596552e+06
8.0000000000e+12,5.9600000000e+02,4.5049909726e+03,5.8141234421e+03,1.7890445059e+05,1.7225336646e+06
8.0000000000e+12,5.9700000000e+02,4.5049575090e+03,5.8139513919e+03,1.8721572279e+05,1.7223501339e+06
8.0000000000e+12,5.9800000000e+02,4.5049238579e+03,5.8137833878e+03,1.9499086787e+05,1.7223038959e+06
8.0000000000e+12,5.9900000000e+02,4.5048900195e+03,5.8136189852e+03,2.0231154981e+05,1.7223902602e+06
8.0000000000e+12,6.0000000000e+02,4.5048559989e+03,5.8134578181e+03,2.0923983864e+05,1.7401438940e+06
8.0000000000e+12,6.0100000000e+02,4.5048223260e+03,5.8132986936e+03,2.1586344508e+05,1.7577181981e+06
8.0000000000e+12,6.0200000000e+02,4.5047887026e+03,5.8131400309e+03,2.2227108010e+05,1.7576386413e+06
8.0000000000e+12,6.0300000000e+02,4.5047545515e+03,5.8129825815e+03,2.2845291883e+05,1.7576576078e+06
8.0000000000e+12,6.0400000000e+02,4.5047201349e+03,5.8128275256e+03,2.3438248528e+05,1.7750550057e+06
8.0000000000e+12,6.0500000000e+02,4.5046860119e+03,5.8126738057e+03,2.4011655026e+05,1.7750255059e+06
8.0000000000e+12,6.0600000000e+02,4.5046513925e+03,5.8125209103e+03,2.4568723021e+05,1.7750901169e+06
8.0000000000e+12,6.0700000000e+02,4.5046165188e+03,5.8123699964e+03,2.5106510571e+05,1.7923114289e+06
8.0000000000e+12,6.0800000000e+02,4.5045819343e+03,5.8122200598e+03,2.5629740858e+05,1.7923180649e+06
8.0000000000e+12,6.0900000000e+02,4.5045468578e+03,5.8120706874e+03,2.6140669068e+05,1.7924107068e+06
8.0000000000e+12,6.1000000000e+02,4.5045115290e+03,5.8119230048e+03,2.6636170742e+05,1.8094570633e+06
8.0000000000e+12,6.1100000000e+02,4.5044764824e+03,5.8117760476e+03,2.7120249057e+05,1.8094768106e+06
8.0000000000e+12,6.1200000000e+02,4.5044409480e+03,5.8116294712e+03,2.7594639209e+05,1.8263507822e+06
8.0000000000e+12,6.1300000000e+02,4.5044056576e+03,5.8114835142e+03,2.8059094311e+05,1.8262431536e+06
8.0000000000e+12,6.1400000000e+02,4.5043698719e+03,5.8113378628e+03,2.8515085289e+05,1.8262110610e+06
8.0000000000e+12,6.1500000000e+02,4.5043338237e+03,5.8111935934e+03,2.8959730210e+05,1.8262690270e+06
8.0000000000e+12,6.1600000000e+02,4.5042975506e+03,5.8110506372e+03,2.9393765519e+05,1.8429733802e+06
8.0000000000e+12,6.1700000000e+02,4.5042615567e+03,5.8109080846e+03,2.9820336748e+05,1.8429382425e+06
8.0000000000e+12,6.1800000000e+02,4.5042250890e+03,5.8107656805e+03,3.0240454678e+05,1.8429733936e+06
8.0000000000e+12,6.1900000000e+02,4.5041883722e+03,5.8106244595e+03,3.0651400952e+05,1.8595090159e+06
8.0000000000e+12,6.2000000000e+02,4.5041519211e+03,5.8104835356e+03,3.1056069703e+05,1.8594214670e+06
8.0000000000e+12,6.2100000000e+02,4.5041149986e+03,5.8103426852e+03,3.1455343895e+05,1.8593985590e+06
8.0000000000e+12,6.2200000000e+02,4.5040778252e+03,5.8102029169e+03,3.1846624719e+05,1.8594550008e+06
8.0000000000e+12,6.2300000000e+02,4.5040404350e+03,5.8100641850e+03,3.2230331921e+05,1.8758241422e+06
8.0000000000e+12,6.2400000000e+02,4.5040033158e+03,5.8099256259e+03,3.2609085814e+05,1.8757598941e+06
8.0000000000e+12,6.2500000000e+02,4.5039657368e+03,5.8097870524e+03,3.2983561954e+05,1.8757545205e+06
8.0000000000e+12,6.2600000000e+02,4.5039279128e+03,5.8096494383e+03,3.3351318484e+05,1.8758227316e+06
8.0000000000e+12,6.2700000000e+02,4.5038898775e+03,5.8095127464e+03,3.3712680402e+05,1.8920265424e+06
8.0000000000e+12,6.2800000000e+02,4.5038521096e+03,5.8093761342e+03,3.4070044105e+05,1.8919616515e+06
8.0000000000e+12,6.2900000000e+02,4.5038138892e+03,5.8092394433e+03,3.4423939157e+05,1.8919491852e+06
8.0000000000e+12,6.3000000000e+02,4.5037754277e+03,5.8091036167e+03,3.4772068922e+05,1.8920045291e+06
8.0000000000e+12,6.3100000000e+02,4.5037367572e+03,5.8089686231e+03,3.5114678400e+05,1.9080448874e+06
8.0000000000e+12,6.3200000000e+02,4.5036983496e+03,5.8088336390e+03,3.5453956091e+05,1.9079516328e+06
8.0000000000e+12,6.3300000000e+02,4.5036594970e+03,5.8086985288e+03,3.5790341639e+05,1.9079054868e+06
8.0000000000e+12,6.3400000000e+02,4.5036204065e+03,5.8085642082e+03,3.6121668015e+05,1.9079224501e+06
8.0000000000e+12,6.3500000000e+02,4.5035811079e+03,5.8084306505e+03,3.6448133277e+05,1.9080085549e+06
8.0000000000e+12,6.3600000000e+02,4.5035416155e+03,5.8082978290e+03,3.6769934789e+05,1.9238872564e+06
8.0000000000e+12,6.3700000000e+02,4.5035023867e+03,5.8081649396e+03,3.7089120836e+05,1.9238244020e+06
8.0000000000e+12,6.3800000000e+02,4.5034627231e+03,5.8080318717e+03,3.7406023785e+05,1.9238026796e+06
8.0000000000e+12,6.3900000000e+02,4.5034228274e+03,5.8078995083e+03,3.7718624702e+05,1.9238380843e+06
8.0000000000e+12,6.4000000000e+02,4.5033827296e+03,5.8077678273e+03,3.8027080411e+05,1.9395568916e+06
8.0000000000e+12,6.4100000000e+02,4.5033428895e+03,5.8076360404e+03,3.8333317812e+05,1.9394153814e+06
8.0000000000e+12,6.4200000000e+02,4.5033026137e+03,5.8075040519e+03,3.8637610252e+05,1.9393091373e+06
8.0000000000e+12,6.4300000000e+02,4.5032621112e+03,5.8073727244e+03,3.8938038430e+05,1.9392571090e+06
8.0000000000e+12,6.4400000000e+02,4.5032214064e+03,5.8072420387e+03,3.9234735232e+05,1.9392664822e+06
8.0000000000e+12,6.4500000000e+02,4.5031805102e+03,5.8071119747e+03,3.9527830453e+05,1.9393402091e+06
8.0000000000e+12,6.4600000000e+02,4.5031394317e+03,5.8069825126e+03,3.9817448567e+05,1.9549024293e+06
8.0000000000e+12,6.4700000000e+02,4.5030986143e+03,5.8068528819e+03,4.0105371036e+05,1.9548083490e+06
8.0000000000e+12,6.4800000000e+02,4.5030573726e+03,5.8067230087e+03,4.0391795093e+05,1.9547444346e+06
8.0000000000e+12,6.4900000000e+02,4.5030159115e+03,5.8065937225e+03,4.0674942448e+05,1.9547292429e+06
8.0000000000e+12,6.5000000000e+02,4.5029742542e+03,5.8064650075e+03,4.0954917963e+05,1.9547699290e+06
8.0000000000e+12,6.5100000000e+02,4.5029324126e+03,5.8063368473e+03,4.1231822379e+05,1.9701762934e+06
8.0000000000e+12,6.5200000000e+02,4.5028908259e+03,5.8062084861e+03,4.1507333194e+05,1.9700277165e+06
8.0000000000e+12,6.5300000000e+02,4.5028488215e+03,5.8060798640e+03,4.1781602536e+05,1.9699042454e+06
8.0000000000e+12,6.5400000000e+02,4.5028066009e+03,5.8059517889e+03,4.2052950044e+05,1.9698254954e+06
8.0000000000e+12,6.5500000000e+02,4.5027641871e+03,5.8058242472e+03,4.2321463642e+05,1.9697992228e+06
8.0000000000e+12,6.5600000000e+02,4.5027215892e+03,5.8056972242e+03,4.2587227657e+05,1.9698289566e+06
8.0000000000e+12,6.5700000000e+02,4.5026788143e+03,5.8055707052e+03,4.2850324156e+05,1.9850832096e+06
8.0000000000e+12,6.5800000000e+02,4.5026362928e+03,5.8054439495e+03,4.3112326781e+05,1.9849183635e+06
8.0000000000e+12,6.5900000000e+02,4.5025933629e+03,5.8053169119e+03,4.3373344505e+05,1.9847748587e+06
8.0000000000e+12,6.6000000000e+02,4.5025502224e+03,5.8051903754e+03,4.3631796080e+05,1.9846724005e+06
8.0000000000e+12,6.6100000000e+02,4.5025068931e+03,5.8050643284e+03,4.3887741974e+05,1.9846188601e+06
8.0000000000e+12,6.6200000000e+02,4.5024633840e+03,5.8049387582e+03,4.4141251884e+05,1.9846178932e+06
8.0000000000e+12,6.6300000000e+02,4.5024197000e+03,5.8048136518e+03,4.4392394046e+05,1.9846711609e+06
8.0000000000e+12,6.6400000000e+02,4.5023758473e+03,5.8046889964e+03,4.4641234688e+05,1.9997754926e+06
8.0000000000e+12,6.6500000000e+02,4.5023322457e+03,5.8045640674e+03,4.4889247773e+05,1.9996315770e+06
8.0000000000e+12,6.6600000000e+02,4.5022882447e+03,5.8044388350e+03,4.5136508798e+05,1.9995037419e+06
8.0000000000e+12,6.6700000000e+02,4.5022440386e+03,5.8043140548e+03,4.5381549687e+05,1.9994118610e+06
8.0000000000e+12,6.6800000000e+02,4.5021996486e+03,5.8041897172e+03,4.5624422155e+05,1.9993640236e+06
8.0000000000e+12,6.6900000000e+02,4.5021550833e+03,5.8040658116e+03,4.5865181770e+05,1.9993640981e+06
8.0000000000e+12,6.7000000000e+02,4.5021103473e+03,5.8039423269e+03,4.6103883311e+05,1.9994139450e+06
8.0000000000e+12,6.7100000000e+02,4.5020654464e+03,5.8038192519e+03,4.6340580082e+05,2.0143693597e+06
8.0000000000e+12,6.7200000000e+02,4.5020207926e+03,5.8036958771e+03,4.6576658296e+05,2.0142112910e+06
8.0000000000e+12,6.7300000000e+02,4.5019757475e+03,5.8035721851e+03,4.6812162118e+05,2.0140642389e+06
8.0000000000e+12,6.7400000000e+02,4.5019305020e+03,5.8034489081e+03,4.7045715397e+05,2.0139486392e+06
8.0000000000e+12,6.7500000000e+02,4.5018850767e+03,5.8033260384e+03,4.7277360710e+05,2.0138729727e+06
8.0000000000e+12,6.7600000000e+02,4.5018394800e+03,5.8032035666e+03,4.7507143380e+05,2.0138414134e+06
8.0000000000e+12,6.7700000000e+02,4.5017937163e+03,5.8030814832e+03,4.7735108417e+05,2.0138560724e+06
8.0000000000e+12,6.7800000000e+02,4.5017477894e+03,5.8029597784e+03,4.7961299920e+05,2.0139177900e+06
8.0000000000e+12,6.7900000000e+02,4.5017017034e+03,5.8028384424e+03,4.8185761118e+05,2.0287267012e+06
8.0000000000e+12,6.8000000000e+02,4.5016558611e+03,5.8027167811e+03,4.8409792181e+05,2.0285753792e+06
8.0000000000e+12,6.8100000000e+02,4.5016096364e+03,5.8025947891e+03,4.8633409327e+05,2.0284302582e+06
8.0000000000e+12,6.8200000000e+02,4.5015632165e+03,5.8024731745e+03,4.8855328884e+05,2.0283120198e+06
8.0000000000e+12,6.8300000000e+02,4.5015166215e+03,5.8023519307e+03,4.9075585280e+05,2.0282293767e+06
8.0000000000e+12,6.8400000000e+02,4.5014698593e+03,5.8022310499e+03,4.9294215026e+05,2.0281867141e+06
8.0000000000e+12,6.8500000000e+02,4.5014229345e+03,5.8021105240e+03,4.9511254507e+05,2.0281863349e+06
8.0000000000e+12,6.8600000000e+02,4.5013758496e+03,5.8019903444e+03,4.9726739739e+05,2.0282293802e+06
8.0000000000e+12,6.8700000000e+02,4.5013286089e+03,5.8018705027e+03,4.9940705933e+05,2.0428937299e+06
8.0000000000e+12,6.8800000000e+02,4.5012816079e+03,5.8017503180e+03,5.0154380857e+05,2.0427124911e+06
8.0000000000e+12,6.8900000000e+02,4.5012342330e+03,5.8016297955e+03,5.0367759030e+05,2.0425333463e+06
8.0000000000e+12,6.9000000000e+02,4.5011866678e+03,5.8015096223e+03,5.0579635215e+05,2.0423774879e+06
8.0000000000e+12,6.9100000000e+02,4.5011389317e+03,5.8013897930e+03,5.0790037893e+05,2.0422539562e+06
8.0000000000e+12,6.9200000000e+02,4.5010910324e+03,5.8012703008e+03,5.0998997089e+05,2.0421673880e+06
8.0000000000e+12,6.9300000000e+02,4.5010429742e+03,5.8011511385e+03,5.1206543015e+05,2.0421202917e+06
8.0000000000e+12,6.9400000000e+02,4.5009947596e+03,5.8010322988e+03,5.1412705765e+05,2.0421139825e+06
8.0000000000e+12,6.9500000000e+02,4.5009463906e+03,5.8009137740e+03,5.1617514862e+05,2.0421490430e+06
8.0000000000e+12,6.9600000000e+02,4.5008978705e+03,5.8007955568e+03,5.1820999121e+05,2.0422252770e+06
8.0000000000e+12,6.9700000000e+02,4.5008492014e+03,5.8006776397e+03,5.2023186872e+05,2.0567482540e+06
8.0000000000e+12,6.9800000000e+02,4.5008007685e+03,5.8005593575e+03,5.2225227355e+05,2.0565997982e+06
8.0000000000e+12,6.9900000000e+02,4.5007519707e+03,5.8004407267e+03,5.2427093158e+05,2.0564486140e+06
8.0000000000e+12,7.0000000000e+02,4.5007029883e+03,5.8003224092e+03,5.2627666862e+05,2.0563159146e+06
8.0000000000e+12,7.0100000000e+02,4.5006538401e+03,5.8002044008e+03,5.2826971030e+05,2.0562108650e+06
8.0000000000e+12,7.0200000000e+02,4.5006045336e+03,5.8000866959e+03,5.3025029084e+05,2.0561382482e+06
8.0000000000e+12,7.0300000000e+02,4.5005550728e+03,5.7999692887e+03,5.3221865217e+05,2.0561007230e+06
8.0000000000e+12,7.0400000000e+02,4.5005054602e+03,5.7998521727e+03,5.3417503353e+05,2.0560997531e+06
8.0000000000e+12,7.0500000000e+02,4.5004556976e+03,5.7997353415e+03,5.3611967207e+05,2.0561360655e+06
8.0000000000e+12,7.0600000000e+02,4.5004057881e+03,5.7996187888e+03,5.3805279960e+05,2.0562095900e+06
8.0000000000e+12,7.0700000000e+02,4.5003557339e+03,5.7995025082e+03,5.3997464674e+05,2.0705913113e+06
8.0000000000e+12,7.0800000000e+02,4.5003059113e+03,5.7993858483e+03,5.4189603915e+05,2.0704309702e+06
8.0000000000e+12,7.0900000000e+02,4.5002557327e+03,5.7992688350e+03,5.4381654534e+05,2.0702633460e+06
8.0000000000e+12,7.1000000000e+02,4.5002053746e+03,5.7991521092e+03,5.4572571503e+05,2.0701101222e+06
8.0000000000e+12,7.1100000000e+02,4.5001548552e+03,5.7990356675e+03,5.4762373459e+05,2.0699807974e+06
8.0000000000e+12,7.1200000000e+02,4.5001041819e+03,5.7989195053e+03,5.4951079206e+05,2.0698804223e+06
8.0000000000e+12,7.1300000000e+02,4.5000533584e+03,5.7988036175e+03,5.5138708268e+05,2.0698118807e+06
8.0000000000e+12,7.1400000000e+02,4.5000023873e+03,5.7986879987e+03,5.5325280326e+05,2.0697768303e+06
8.0000000000e+12,7.1500000000e+02,4.4999512702e+03,5.7985726432e+03,5.5510814986e+05,2.0697761688e+06
8.0000000000e+12,7.1600000000e+02,4.4999000083e+03,5.7984575454e+03,5.5695331453e+05,2.0698102918e+06
8.0000000000e+12,7.1700000000e+02,4.4998486044e+03,5.7983426998e+03,5.5878849084e+05,2.0698789535e+06
8.0000000000e+12,7.1800000000e+02,4.4997970603e+03,5.7982281007e+03,5.6061386364e+05,2.0841226005e+06
8.0000000000e+12,7.1900000000e+02,4.4997457435e+03,5.7981131102e+03,5.6243963622e+05,2.0839505990e+06
8.0000000000e+12,7.2000000000e+02,4.4996940802e+03,5.7979977631e+03,5.6426524066e+05,2.0837675635e+06
8.0000000000e+12,7.2100000000e+02,4.4996422427e+03,5.7978826794e+03,5.6608091760e+05,2.0835954667e+06
8.0000000000e+12,7.2200000000e+02,4.4995902488e+03,5.7977678566e+03,5.6788681476e+05,2.0834440175e+06
8.0000000000e+12,7.2300000000e+02,4.4995381054e+03,5.7976532909e+03,5.6968308756e+05,2.0833184440e+06
8.0000000000e+12,7.2400000000e+02,4.4994858164e+03,5.7975389780e+03,5.7146989326e+05,2.0832217865e+06
8.0000000000e+12,7.2500000000e+02,4.4994333840e+03,5.7974249132e+03,5.7324739305e+05,2.0831558438e+06
8.0000000000e+12,7.2600000000e+02,4.4993808099e+03,5.7973110914e+03,5.7501574824e+05,2.0831216420e+06
8.0000000000e+12,7.2700000000e+02,4.4993280951e+03,5.7971975079e+03,5.7677511890e+05,2.0831196946e+06
8.0000000000e+12,7.2800000000e+02,4.4992752407e+03,5.7970841576e+03,5.7852566300e+05,2.0831501612e+06
8.0000000000e+12,7.2900000000e+02,4.4992222489e+03,5.7969710356e+03,5.8026753588e+05,2.0832126824e+06
8.0000000000e+12,7.3000000000e+02,4.4991691214e+03,5.7968581371e+03,5.8200087952e+05,2.0973216453e+06
8.0000000000e+12,7.3100000000e+02,4.4991162169e+03,5.7967448372e+03,5.8373529859e+05,2.0971370980e+06
8.0000000000e+12,7.3200000000e+02,4.4990629754e+03,5.7966311788e+03,5.8547014057e+05,2.0969380499e+06
8.0000000000e+12,7.3300000000e+02,4.4990095652e+03,5.7965177621e+03,5.8719627723e+05,2.0967467486e+06
8.0000000000e+12,7.3400000000e+02,4.4989560034e+03,5.7964045851e+03,5.8891379440e+05,2.0965730967e+06
8.0000000000e+12,7.3500000000e+02,4.4989022969e+03,5.7962916448e+03,5.9062281671e+05,2.0964224849e+06
8.0000000000e+12,7.3600000000e+02,4.4988484492e+03,5.7961789374e+03,5.9232347077e+05,2.0962980966e+06
8.0000000000e+12,7.3700000000e+02,4.4987944625e+03,5.7960664588e+03,5.9401589177e+05,2.0962018597e+06
8.0000000000e+12,7.3800000000e+02,4.4987403384e+03,5.7959542048e+03,5.9570021380e+05,2.0961349177e+06
8.0000000000e+12,7.3900000000e+02,4.4986860780e+03,5.7958421710e+03,5.9737657040e+05,2.0960978928e+06
8.0000000000e+12,7.4000000000e+02,4.4986316821e+03,5.7957303530e+03,5.9904509378e+05,2.0960910449e+06
8.0000000000e+12,7.4100000000e+02,4.4985771516e+03,5.7956187466e+03,6.0070591430e+05,2.0961143740e+06
8.0000000000e+12,7.4200000000e+02,4.4985224881e+03,5.7955073473e+03,6.0235916016e+05,2.0961674848e+06
8.0000000000e+12,7.4300000000e+02,4.4984676933e+03,5.7953961508e+03,6.0400495697e+05,2.1101455910e+06
8.0000000000e+12,7.4400000000e+02,4.4984131170e+03,5.7952845449e+03,6.0565239709e+05,2.1099453205e+06
8.0000000000e+12,7.4500000000e+02,4.4983582134e+03,5.7951725802e+03,6.0730073713e+05,2.1097274042e+06
8.0000000000e+12,7.4600000000e+02,4.4983031467e+03,5.7950608376e+03,6.0894144828e+05,2.1095143660e+06
8.0000000000e+12,7.4700000000e+02,4.4982479333e+03,5.7949493158e+03,6.1057459268e+05,2.1093162930e+06
8.0000000000e+12,7.4800000000e+02,4.4981925799e+03,5.7948380123e+03,6.1220027283e+05,2.1091387276e+06
8.0000000000e+12,7.4900000000e+02,4.4981370899e+03,5.7947269238e+03,6.1381859291e+05,2.1089849857e+06
8.0000000000e+12,7.5000000000e+02,4.4980814655e+03,5.7946160469e+03,6.1542966220e+05,2.1088571137e+06
8.0000000000e+12,7.5100000000e+02,4.4980257080e+03,5.7945053778e+03,6.1703359252e+05,2.1087563631e+06
8.0000000000e+12,7.5200000000e+02,4.4979698186e+03,5.7943949127e+03,6.1863049201e+05,2.1086834553e+06
8.0000000000e+12,7.5300000000e+02,4.4979137980e+03,5.7942846478e+03,6.2022047223e+05,2.1086387421e+06
8.0000000000e+12,7.5400000000e+02,4.4978576470e+03,5.7941745790e+03,6.2180364100e+05,2.1086223090e+06
8.0000000000e+12,7.5500000000e+02,4.4978013662e+03,5.7940647027e+03,6.2338010809e+05,2.1086340452e+06
8.0000000000e+12,7.5600000000e+02,4.4977449567e+03,5.7939550148e+03,6.2494997763e+05,2.1086735891e+06
8.0000000000e+12,7.5700000000e+02,4.4976884201e+03,5.7938455118e+03,6.2651335314e+05,2.1087403460e+06
8.0000000000e+12,7.5800000000e+02,4.4976317572e+03,5.7937361897e+03,6.2807033592e+05,2.1225914536e+06
8.0000000000e+12,7.5900000000e+02,4.4975753083e+03,5.7936264501e+03,6.2962947274e+05,2.1224014889e+06
8.0000000000e+12,7.6000000000e+02,4.4975185418e+03,5.7935163508e+03,6.3118993817e+05,2.1221902282e+06
8.0000000000e+12,7.6100000000e+02,4.4974616180e+03,5.7934064525e+03,6.3274379988e+05,2.1219803635e+06
8.0000000000e+12,7.6200000000e+02,4.4974045528e+03,5.7932967545e+03,6.3429110664e+05,2.1217821381e+06
8.0000000000e+12,7.6300000000e+02,4.4973473526e+03,5.7931872549e+03,6.3583193417e+05,2.1216012386e+06
8.0000000000e+12,7.6400000000e+02,4.4972900208e+03,5.7930779510e+03,6.3736636260e+05,2.1214411143e+06
8.0000000000e+12,7.6500000000e+02,4.4972325594e+03,5.7929688400e+03,6.3889448270e+05,2.1213039361e+06
8.0000000000e+12,7.6600000000e+02,4.4971749698e+03,5.7928599185e+03,6.4041638299e+05,2.1211910722e+06
8.0000000000e+12,7.6700000000e+02,4.4971172530e+03,5.7927511833e+03,6.4193215373e+05,2.1211033542e+06
8.0000000000e+12,7.6800000000e+02,4.4970594098e+03,5.7926426312e+03,6.4344188417e+05,2.1210412379e+06
8.0000000000e+12,7.6900000000e+02,4.4970014409e+03,5.7925342586e+03,6.4494566584e+05,2.1210049077e+06
8.0000000000e+12,7.7000000000e+02,4.4969433468e+03,5.7924260624e+03,6.4644358397e+05,2.1209943466e+06
8.0000000000e+12,7.7100000000e+02,4.4968851280e+03,5.7923180389e+03,6.4793572652e+05,2.1210093858e+06
8.0000000000e+12,7.7200000000e+02,4.4968267858e+03,5.7922101851e+03,6.4942217835e+05,2.1210496077e+06
8.0000000000e+12,7.7300000000e+02,4.4967683214e+03,5.7921024976e+03,6.5090302488e+05,2.1211144402e+06
8.0000000000e+12,7.7400000000e+02,4.4967097356e+03,5.7919949731e+03,6.5237834657e+05,2.1348405569e+06
8.0000000000e+12,7.7500000000e+02,4.4966513590e+03,5.7918870258e+03,6.5385619912e+05,2.1346429229e+06
8.0000000000e+12,7.7600000000e+02,4.4965926751e+03,5.7917787204e+03,6.5533568888e+05,2.1344206977e+06
8.0000000000e+12,7.7700000000e+02,4.4965338398e+03,5.7916705987e+03,6.5680942167e+05,2.1341968700e+06
8.0000000000e+12,7.7800000000e+02,4.4964748684e+03,5.7915626606e+03,6.5827743259e+05,2.1339818916e+06
8.0000000000e+12,7.7900000000e+02,4.4964157672e+03,5.7914549046e+03,6.5973978194e+05,2.1337816223e+06
8.0000000000e+12,7.8000000000e+02,4.4963565394e+03,5.7913473286e+03,6.6119653375e+05,2.1335996617e+06
8.0000000000e+12,7.8100000000e+02,4.4962971869e+03,5.7912399300e+03,6.6264775914e+05,2.1334383143e+06
8.0000000000e+12,7.8200000000e+02,4.4962377112e+03,5.7911327062e+03,6.6409353210e+05,2.1332990695e+06
8.0000000000e+12,7.8300000000e+02,4.4961781131e+03,5.7910256542e+03,6.6553392542e+05,2.1331828694e+06
8.0000000000e+12,7.8400000000e+02,4.4961183935e+03,5.7909187713e+03,6.6696901308e+05,2.1330902716e+06
8.0000000000e+12,7.8500000000e+02,4.4960585530e+03,5.7908120543e+03,6.6839886883e+05,2.1330215550e+06
8.0000000000e+12,7.8600000000e+02,4.4959985920e+03,5.7907055003e+03,6.6982356582e+05,2.1329767906e+06
8.0000000000e+12,7.8700000000e+02,4.4959385112e+03,5.7905991064e+03,6.7124317613e+05,2.1329558920e+06
8.0000000000e+12,7.8800000000e+02,4.4958783109e+03,5.7904928696e+03,6.7265777214e+05,2.1329586518e+06
8.0000000000e+12,7.8900000000e+02,4.4958179917e+03,5.7903867869e+03,6.7406742324e+05,2.1329847441e+06
8.0000000000e+12,7.9000000000e+02,4.4957575549e+03,5.7902808555e+03,6.7547219819e+05,2.1330335928e+06
8.0000000000e+12,7.9100000000e+02,4.4956970016e+03,5.7901750726e+03,6.7687216546e+05,2.1331046035e+06
8.0000000000e+12,7.9200000000e+02,4.4956363322e+03,5.7900694354e+03,6.7826739033e+05,2.1467096075e+06
8.0000000000e+12,7.9300000000e+02,4.4955758674e+03,5.7899633710e+03,6.7966544961e+05,2.1465139984e+06
8.0000000000e+12,7.9400000000e+02,4.4955151059e+03,5.7898569501e+03,6.8106539923e+05,2.1462905676e+06
8.0000000000e+12,7.9500000000e+02,4.4954541992e+03,5.7897506962e+03,6.8246036051e+05,2.1460625267e+06
8.0000000000e+12,7.9600000000e+02,4.4953931623e+03,5.7896446094e+03,6.8385035889e+05,2.1458404999e+06
8.0000000000e+12,7.9700000000e+02,4.4953320011e+03,5.7895386888e+03,6.8523543674e+05,2.1456304963e+06
8.0000000000e+12,7.9800000000e+02,4.4952707188e+03,5.7894329325e+03,6.8661564652e+05,2.1454362494e+06
8.0000000000e+12,7.9900000000e+02,4.4952093173e+03,5.7893273386e+03,6.8799104511e+05,2.1452601854e+06
8.0000000000e+12,8.0000000000e+02,4.4951477978e+03,5.7892219047e+03,6.8936169037e+05,2.1451039057e+06
8.0000000000e+12,8.0100000000e+02,4.4950861614e+03,5.7891166283e+03,6.9072764209e+05,2.1449684564e+06
8.0000000000e+12,8.0200000000e+02,4.4950244086e+03,5.7890115070e+03,6.9208896063e+05,2.1448544926e+06
8.0000000000e+12,8.0300000000e+02,4.4949625403e+03,5.7889065381e+03,6.9344570709e+05,2.1447623844e+06
8.0000000000e+12,8.0400000000e+02,4.4949005568e+03,5.7888017191e+03,6.9479794108e+05,2.1446922890e+06
8.0000000000e+12,8.0500000000e+02,4.4948384587e+03,5.7886970473e+03,6.9614572231e+05,2.1446442015e+06
8.0000000000e+12,8.0600000000e+02,4.4947762463e+03,5.7885925201e+03,6.9748911038e+05,2.1446179918e+06
8.0000000000e+12,8.0700000000e+02,4.4947139201e+03,5.7884881350e+03,6.9882816297e+05,2.1446134321e+06
8.0000000000e+12,8.0800000000e+02,4.4946514804e+03,5.7883838894e+03,7.0016293793e+05,2.1446302175e+06
8.0000000000e+12,8.0900000000e+02,4.4945889285e+03,5.7882797808e+03,7.0149349109e+05,2.1446678340e+06
8.0000000000e+12,8.1000000000e+02,4.4945262651e+03,5.7881758067e+03,7.0281987816e+05,2.1447257098e+06
8.0000000000e+12,8.1100000000e+02,4.4944634909e+03,5.7880719647e+03,7.0414215270e+05,2.1582133289e+06
8.0000000000e+12,8.1200000000e+02,4.4944009171e+03,5.7879676937e+03,7.0546746625e+05,2.1579988121e+06
8.0000000000e+12,8.1300000000e+02,4.4943380578e+03,5.7878630700e+03,7.0679483497e+05,2.1577540174e+06
8.0000000000e+12,8.1400000000e+02,4.4942750600e+03,5.7877586001e+03,7.0811783796e+05,2.1575024583e+06
8.0000000000e+12,8.1500000000e+02,4.4942119379e+03,5.7876542846e+03,7.0943649123e+05,2.1572549414e+06
8.0000000000e+12,8.1600000000e+02,4.4941486975e+03,5.7875501226e+03,7.1075082822e+05,2.1570176200e+06
8.0000000000e+12,8.1700000000e+02,4.4940853416e+03,5.7874461129e+03,7.1206089026e+05,2.1567943495e+06
8.0000000000e+12,8.1800000000e+02,4.4940218722e+03,5.7873422536e+03,7.1336672322e+05,2.1565876630e+06
8.0000000000e+12,8.1900000000e+02,4.4939582905e+03,5.7872385428e+03,7.1466837470e+05,2.1563992569e+06
8.0000000000e+12,8.2000000000e+02,4.4938945974e+03,5.7871349783e+03,7.1596589425e+05,2.1562302638e+06
8.0000000000e+12,8.2100000000e+02,4.4938307935e+03,5.7870315579e+03,7.1725933234e+05,2.1560814171e+06
8.0000000000e+12,8.2200000000e+02,4.4937668796e+03,5.7869282791e+03,7.1854873981e+05,2.1559531595e+06
8.0000000000e+12,8.2300000000e+02,4.4937028561e+03,5.7868251398e+03,7.1983416701e+05,2.1558457150e+06
8.0000000000e+12,8.2400000000e+02,4.4936387234e+03,5.7867221376e+03,7.2111566426e+05,2.1557591410e+06
8.0000000000e+12,8.2500000000e+02,4.4935744821e+03,5.7866192701e+03,7.2239328109e+05,2.1556933656e+06
8.0000000000e+12,8.2600000000e+02,4.4935101324e+03,5.7865165349e+03,7.2366706728e+05,2.1556482156e+06
8.0000000000e+12,8.2700000000e+02,4.4934456747e+03,5.7864139298e+03,7.2493707131e+05,2.1556234379e+06
8.0000000000e+12,8.2800000000e+02,4.4933811094e+03,5.7863114525e+03,7.2620334112e+05,2.1556187156e+06
8.0000000000e+12,8.2900000000e+02,4.4933164369e+03,5.7862091007e+03,7.2746592366e+05,2.1556336818e+06
8.0000000000e+12,8.3000000000e+02,4.4932516580e+03,5.7861068723e+03,7.2872486514e+05,2.1556677963e+06
8.0000000000e+12,8.3100000000e+02,4.4931867738e+03,5.7860047650e+03,7.2998021076e+05,2.1557204733e+06
8.0000000000e+12,8.3200000000e+02,4.4931217847e+03,5.7859027768e+03,7.3123200471e+05,2.1557911286e+06
8.0000000000e+12,8.3300000000e+02,4.4930566914e+03,5.7858009056e+03,7.3248029013e+05,2.1691669758e+06
8.0000000000e+12,8.3400000000e+02,4.4929917944e+03,5.7856986032e+03,7.3373178817e+05,2.1689624600e+06
8.0000000000e+12,8.3500000000e+02,4.4929266237e+03,5.7855959511e+03,7.3498548688e+05,2.1687246749e+06
8.0000000000e+12,8.3600000000e+02,4.4928613217e+03,5.7854934378e+03,7.3623542119e+05,2.1684773093e+06
8.0000000000e+12,8.3700000000e+02,4.4927959024e+03,5.7853910644e+03,7.3748160016e+05,2.1682313166e+06
8.0000000000e+12,8.3800000000e+02,4.4927303714e+03,5.7852888304e+03,7.3872404771e+05,2.1679929822e+06
8.0000000000e+12,8.3900000000e+02,4.4926647315e+03,5.7851867347e+03,7.3996279466e+05,2.1677662811e+06
8.0000000000e+12,8.4000000000e+02,4.4925989846e+03,5.7850847760e+03,7.4119787669e+05,2.1675538565e+06
8.0000000000e+12,8.4100000000e+02,4.4925331319e+03,5.7849829525e+03,7.4242933239e+05,2.1673575072e+06
8.0000000000e+12,8.4200000000e+02,4.4924671743e+03,5.7848812625e+03,7.4365720115e+05,2.1671784612e+06
8.0000000000e+12,8.4300000000e+02,4.4924011125e+03,5.7847797041e+03,7.4488152378e+05,2.1670175420e+06
8.0000000000e+12,8.4400000000e+02,4.4923349470e+03,5.7846782752e+03,7.4610234095e+05,2.1668752771e+06
8.0000000000e+12,8.4500000000e+02,4.4922686784e+03,5.7845769739e+03,7.4731969435e+05,2.1667519710e+06
8.0000000000e+12,8.4600000000e+02,4.4922023072e+03,5.7844757980e+03,7.4853362562e+05,2.1666477575e+06
8.0000000000e+12,8.4700000000e+02,4.4921358337e+03,5.7843747456e+03,7.4974417543e+05,2.1665626375e+06
8.0000000000e+12,8.4800000000e+02,4.4920692583e+03,5.7842738145e+03,7.5095138468e+05,2.1664965071e+06
8.0000000000e+12,8.4900000000e+02,4.4920025814e+03,5.7841730027e+03,7.5215529335e+05,2.1664491797e+06
8.0000000000e+12,8.5000000000e+02,4.4919358034e+03,5.7840723083e+03,7.5335594136e+05,2.1664204020e+06
8.0000000000e+12,8.5100000000e+02,4.4918689245e+03,5.7839717292e+03,7.5455336789e+05,2.1664098682e+06
8.0000000000e+12,8.5200000000e+02,4.4918019452e+03,5.7838712635e+03,7.5574761094e+05,2.1664172297e+06
8.0000000000e+12,8.5300000000e+02,4.4917348660e+03,5.7837709092e+03,7.5693870854e+05,2.1664420386e+06
8.0000000000e+12,8.5400000000e+02,4.4916676879e+03,5.7836706645e+03,7.5812669733e+05,2.1664837418e+06
8.0000000000e+12,8.5500000000e+02,4.4916004116e+03,5.7835705275e+03,7.5931161381e+05,2.1665417922e+06
8.0000000000e+12,8.5600000000e+02,4.4915330375e+03,5.7834704964e+03,7.6049349334e+05,2.1666156465e+06
8.0000000000e+12,8.5700000000e+02,4.4914655662e+03,5.7833705696e+03,7.6167236993e+05,2.1798821551e+06
8.0000000000e+12,8.5800000000e+02,4.4913982878e+03,5.7832702111e+03,7.6285456559e+05,2.1796768632e+06
8.0000000000e+12,8.5900000000e+02,4.4913307485e+03,5.7831695072e+03,7.6403905110e+05,2.1794355878e+06
8.0000000000e+12,8.6000000000e+02,4.4912630860e+03,5.7830689296e+03,7.6522027876e+05,2.1791822659e+06
8.0000000000e+12,8.6100000000e+02,4.4911953138e+03,5.7829684795e+03,7.6639825188e+05,2.1789280259e+06
8.0000000000e+12,8.6200000000e+02,4.4911274373e+03,5.7828681567e+03,7.6757298699e+05,2.1786793007e+06
8.0000000000e+12,8.6300000000e+02,4.4910594593e+03,5.7827679606e+03,7.6874450713e+05,2.1784401940e+06
8.0000000000e+12,8.6400000000e+02,4.4909913815e+03,5.7826678899e+03,7.6991283999e+05,2.1782134639e+06
8.0000000000e+12,8.6500000000e+02,4.4909232051e+03,5.7825679433e+03,7.7107801643e+05,2.1780010136e+06
8.0000000000e+12,8.6600000000e+02,4.4908549310e+03,5.7824681193e+03,7.7224006810e+05,2.1778041666e+06
8.0000000000e+12,8.6700000000e+02,4.4907865599e+03,5.7823684162e+03,7.7339902862e+05,2.1776238344e+06
8.0000000000e+12,8.6800000000e+02,4.4907180925e+03,5.7822688323e+03,7.7455493179e+05,2.1774606263e+06
8.0000000000e+12,8.6900000000e+02,4.4906495290e+03,5.7821693657e+03,7.7570781074e+05,2.1773149231e+06
8.0000000000e+12,8.7000000000e+02,4.4905808702e+03,5.7820700147e+03,7.7685770070e+05,2.1771869299e+06
8.0000000000e+12,8.7100000000e+02,4.4905121162e+03,5.7819707775e+03,7.7800463576e+05,2.1770767148e+06
8.0000000000e+12,8.7200000000e+02,4.4904432676e+03,5.7818716521e+03,7.7914864931e+05,2.1769842371e+06
8.0000000000e+12,8.7300000000e+02,4.4903743246e+03,5.7817726369e+03,7.8028977550e+05,2.1769093700e+06
8.0000000000e+12,8.7400000000e+02,4.4903052877e+03,5.7816737300e+03,7.8142804749e+05,2.1768519169e+06
8.0000000000e+12,8.7500000000e+02,4.4902361572e+03,5.7815749296e+03,7.8256349751e+05,2.1768116259e+06
8.0000000000e+12,8.7600000000e+02,4.4901669334e+03,5.7814762340e+03,7.8369615838e+05,2.1767881997e+06
8.0000000000e+12,8.7700000000e+02,4.4900976166e+03,5.7813776415e+03,7.8482606174e+05,2.1767813050e+06
8.0000000000e+12,8.7800000000e+02,4.4900282072e+03,5.7812791502e+03,7.8595323819e+05,2.1767905796e+06
8.0000000000e+12,8.7900000000e+02,4.4899587059e+03,5.7811807587e+03,7.8707771890e+05,2.1768155554e+06
8.0000000000e+12,8.8000000000e+02,4.4898891135e+03,5.7810824651e+03,7.8819953368e+05,2.1768557025e+06
8.0000000000e+12,8.8100000000e+02,4.4898194305e+03,5.7809842681e+03,7.8931871171e+05,2.1769105008e+06
8.0000000000e+12,8.8200000000e+02,4.4897496574e+03,5.7808861660e+03,7.9043528093e+05,2.1769794370e+06
8.0000000000e+12,8.8300000000e+02,4.4896797948e+03,5.7807881573e+03,7.9154926979e+05,2.1901412609e+06
8.0000000000e+12,8.8400000000e+02,4.4896101228e+03,5.7806897181e+03,7.9266663251e+05,2.1899270596e+06
8.0000000000e+12,8.8500000000e+02,4.4895402035e+03,5.7805909385e+03,7.9378633043e+05,2.1896747278e+06
8.0000000000e+12,8.8600000000e+02,4.4894701700e+03,5.7804922746e+03,7.9490319595e+05,2.1894084532e+06
8.0000000000e+12,8.8700000000e+02,4.4894000350e+03,5.7803937277e+03,7.9601722894e+05,2.1891395207e+06
8.0000000000e+12,8.8800000000e+02,4.4893298039e+03,5.7802952979e+03,7.9712843978e+05,2.1888744899e+06
8.0000000000e+12,8.8900000000e+02,4.4892594793e+03,5.7801969847e+03,7.9823684500e+05,2.1886175726e+06
8.0000000000e+12,8.9000000000e+02,4.4891890630e+03,5.7800987872e+03,7.9934246783e+05,2.1883716223e+06
8.0000000000e+12,8.9100000000e+02,4.4891185561e+03,5.7800007042e+03,8.0044533251e+05,2.1881386276e+06
8.0000000000e+12,8.9200000000e+02,4.4890479594e+03,5.7799027343e+03,8.0154546474e+05,2.1879199893e+06
8.0000000000e+12,8.9300000000e+02,4.4889772737e+03,5.7798048762e+03,8.0264289205e+05,2.1877166900e+06
8.0000000000e+12,8.9400000000e+02,4.4889064995e+03,5.7797071283e+03,8.0373764316e+05,2.1875294040e+06
8.0000000000e+12,8.9500000000e+02,4.4888356373e+03,5.7796094890e+03,8.0482974641e+05,2.1873585727e+06
8.0000000000e+12,8.9600000000e+02,4.4887646876e+03,5.7795119566e+03,8.0591922995e+05,2.1872044573e+06
8.0000000000e+12,8.9700000000e+02,4.4886936507e+03,5.7794145296e+03,8.0700612329e+05,2.1870671785e+06
8.0000000000e+12,8.9800000000e+02,4.4886225270e+03,5.7793172063e+03,8.0809045430e+05,2.1869467450e+06
8.0000000000e+12,8.9900000000e+02,4.4885513169e+03,5.7792199850e+03,8.0917225222e+05,2.1868430761e+06
8.0000000000e+12,9.0000000000e+02,4.4884800208e+03,5.7791228641e+03,8.1025154440e+05,2.1867560191e+06
8.0000000000e+12,9.0100000000e+02,4.4884086389e+03,5.7790258420e+03,8.1132835949e+05,2.1866853633e+06
8.0000000000e+12,9.0200000000e+02,4.4883371716e+03,5.7789289171e+03,8.1240272470e+05,2.1866308508e+06
8.0000000000e+12,9.0300000000e+02,4.4882656193e+03,5.7788320878e+03,8.1347466702e+05,2.1865921855e+06
8.0000000000e+12,9.0400000000e+02,4.4881939822e+03,5.7787353525e+03,8.1454421240e+05,2.1865690408e+06
8.0000000000e+12,9.0500000000e+02,4.4881222607e+03,5.7786387098e+03,8.1561138776e+05,2.1865610652e+06
8.0000000000e+12,9.0600000000e+02,4.4880504551e+03,5.7785421581e+03,8.1667621844e+05,2.1865678878e+06
8.0000000000e+12,9.0700000000e+02,4.4879785659e+03,5.7784456960e+03,8.1773872952e+05,2.1865890613e+06
8.0000000000e+12,9.0800000000e+02,4.4879065941e+03,5.7783493221e+03,8.1879894551e+05,2.1866240694e+06
8.0000000000e+12,9.0900000000e+02,4.4878345400e+03,5.7782530349e+03,8.1985688975e+05,2.1866724093e+06
8.0000000000e+12,9.1000000000e+02,4.4877624043e+03,5.7781568332e+03,8.2091258646e+05,2.1867335889e+06
8.0000000000e+12,9.1100000000e+02,4.4876901872e+03,5.7780607156e+03,8.2196605813e+05,2.1997968860e+06
8.0000000000e+12,9.1200000000e+02,4.4876181597e+03,5.7779641696e+03,8.2302292051e+05,2.1995713773e+06
8.0000000000e+12,9.1300000000e+02,4.4875458989e+03,5.7778672888e+03,8.2408213364e+05,2.1993059983e+06
8.0000000000e+12,9.1400000000e+02,4.4874735334e+03,5.7777705143e+03,8.2513887564e+05,2.1990251725e+06
8.0000000000e+12,9.1500000000e+02,4.4874010755e+03,5.7776738477e+03,8.2619314355e+05,2.1987403221e+06
8.0000000000e+12,9.1600000000e+02,4.4873285303e+03,5.7775772892e+03,8.2724494341e+05,2.1984581150e+06
8.0000000000e+12,9.1700000000e+02,4.4872559003e+03,5.7774808386e+03,8.2829428776e+05,2.1981828543e+06
8.0000000000e+12,9.1800000000e+02,4.4871831873e+03,5.7773844950e+03,8.2934119415e+05,2.1979174730e+06
8.0000000000e+12,9.1900000000e+02,4.4871103922e+03,5.7772882574e+03,8.3038568310e+05,2.1976640302e+06
8.0000000000e+12,9.2000000000e+02,4.4870375161e+03,5.7771921247e+03,8.3142777593e+05,2.1974239900e+06
8.0000000000e+12,9.2100000000e+02,4.4869645594e+03,5.7770960956e+03,8.3246749482e+05,2.1971983927e+06
8.0000000000e+12,9.2200000000e+02,4.4868915228e+03,5.7770001687e+03,8.3350486428e+05,2.1969879653e+06
8.0000000000e+12,9.2300000000e+02,4.4868184067e+03,5.7769043426e+03,8.3453990741e+05,2.1967931977e+06
8.0000000000e+12,9.2400000000e+02,4.4867452116e+03,5.7768086158e+03,8.3557264952e+05,2.1966143963e+06
8.0000000000e+12,9.2500000000e+02,4.4866719379e+03,5.7767129868e+03,8.3660311408e+05,2.1964517232e+06
8.0000000000e+12,9.2600000000e+02,4.4865985859e+03,5.7766174541e+03,8.3763132650e+05,2.1963052262e+06
8.0000000000e+12,9.2700000000e+02,4.4865251560e+03,5.7765220161e+03,8.3865731076e+05,2.1961748610e+06
8.0000000000e+12,9.2800000000e+02,4.4864516485e+03,5.7764266715e+03,8.3968109099e+05,2.1960605094e+06
8.0000000000e+12,9.2900000000e+02,4.4863780638e+03,5.7763314187e+03,8.4070269041e+05,2.1959619928e+06
8.0000000000e+12,9.3000000000e+02,4.4863044022e+03,5.7762362562e+03,8.4172213364e+05,2.1958790839e+06
8.0000000000e+12,9.3100000000e+02,4.4862306639e+03,5.7761411826e+03,8.4273944290e+05,2.1958115156e+06
8.0000000000e+12,9.3200000000e+02,4.4861568494e+03,5.7760461965e+03,8.4375464209e+05,2.1957589886e+06
8.0000000000e+12,9.3300000000e+02,4.4860829589e+03,5.7759512963e+03,8.4476775334e+05,2.1957211778e+06
8.0000000000e+12,9.3400000000e+02,4.4860089928e+03,5.7758564809e+03,8.4577879871e+05,2.1956977372e+06
8.0000000000e+12,9.3500000000e+02,4.4859349513e+03,5.7757617488e+03,8.4678779917e+05,2.1956883043e+06
8.0000000000e+12,9.3600000000e+02,4.4858608347e+03,5.7756670986e+03,8.4779477699e+05,2.1956925040e+06
8.0000000000e+12,9.3700000000e+02,4.4857866436e+03,5.7755725292e+03,8.4879975254e+05,2.1957099138e+06
8.0000000000e+12,9.3800000000e+02,4.4857123787e+03,5.7754780392e+03,8.4980274611e+05,2.1957400300e+06
8.0000000000e+12,9.3900000000e+02,4.4856380404e+03,5.7753836274e+03,8.5080377749e+05,2.1957823654e+06
8.0000000000e+12,9.4000000000e+02,4.4855636294e+03,5.7752892927e+03,8.5180286593e+05,2.1958364463e+06
8.0000000000e+12,9.4100000000e+02,4.4854891459e+03,5.7751950339e+03,8.5280002952e+05,2.1959018103e+06
8.0000000000e+12,9.4200000000e+02,4.4854145904e+03,5.7751008500e+03,8.5379528831e+05,2.2088724991e+06
8.0000000000e+12,9.4300000000e+02,4.4853402242e+03,5.7750062400e+03,8.5479392967e+05,2.2086487156e+06
8.0000000000e+12,9.4400000000e+02,4.4852656392e+03,5.7749113005e+03,8.5579492162e+05,2.2083830783e+06
8.0000000000e+12,9.4500000000e+02,4.4851909597e+03,5.7748164580e+03,8.5679376925e+05,2.2081002036e+06
8.0000000000e+12,9.4600000000e+02,4.4851161975e+03,5.7747217141e+03,8.5779046639e+05,2.2078116459e+06
8.0000000000e+12,9.4700000000e+02,4.4850413575e+03,5.7746270692e+03,8.5878501501e+05,2.2075241838e+06
8.0000000000e+12,9.4800000000e+02,4.4849664422e+03,5.7745325233e+03,8.5977742482e+05,2.2072422174e+06
8.0000000000e+12,9.4900000000e+02,4.4848914532e+03,5.7744380756e+03,8.6076770971e+05,2.2069687659e+06
8.0000000000e+12,9.5000000000e+02,4.4848163916e+03,5.7743437255e+03,8.6175588438e+05,2.2067059662e+06
8.0000000000e+12,9.5100000000e+02,4.4847412582e+03,5.7742494718e+03,8.6274196753e+05,2.2064553537e+06
8.0000000000e+12,9.5200000000e+02,4.4846660535e+03,5.7741553136e+03,8.6372597746e+05,2.2062180343e+06
8.0000000000e+12,9.5300000000e+02,4.4845907782e+03,5.7740612494e+03,8.6470793305e+05,2.2059947955e+06
8.0000000000e+12,9.5400000000e+02,4.4845154328e+03,5.7739672782e+03,8.6568785557e+05,2.2057861835e+06
8.0000000000e+12,9.5500000000e+02,4.4844400175e+03,5.7738733985e+03,8.6666576431e+05,2.2055925573e+06
8.0000000000e+12,9.5600000000e+02,4.4843645328e+03,5.7737796091e+03,8.6764168105e+05,2.2054141284e+06
8.0000000000e+12,9.5700000000e+02,4.4842889791e+03,5.7736859085e+03,8.6861562531e+05,2.2052509908e+06
8.0000000000e+12,9.5800000000e+02,4.4842133567e+03,5.7735922954e+03,8.6958761890e+05,2.2051031441e+06
8.0000000000e+12,9.5900000000e+02,4.4841376659e+03,5.7734987685e+03,8.7055768185e+05,2.2049705110e+06
8.0000000000e+12,9.6000000000e+02,4.4840619070e+03,5.7734053263e+03,8.7152583448e+05,2.2048529520e+06
8.0000000000e+12,9.6100000000e+02,4.4839860804e+03,5.7733119676e+03,8.7249209692e+05,2.2047502769e+06
8.0000000000e+12,9.6200000000e+02,4.4839101863e+03,5.7732186910e+03,8.7345648900e+05,2.2046622539e+06
8.0000000000e+12,9.6300000000e+02,4.4838342250e+03,5.7731254953e+03,8.7441903027e+05,2.2045886171e+06
8.0000000000e+12,9.6400000000e+02,4.4837581969e+03,5.7730323790e+03,8.7537973928e+05,2.2045290735e+06
8.0000000000e+12,9.6500000000e+02,4.4836821023e+03,5.7729393410e+03,8.7633863542e+05,2.2044833077e+06
8.0000000000e+12,9.6600000000e+02,4.4836059413e+03,5.7728463801e+03,8.7729573797e+05,2.2044509866e+06
8.0000000000e+12,9.6700000000e+02,4.4835297144e+03,5.7727534950e+03,8.7825106457e+05,2.2044317632e+06
8.0000000000e+12,9.6800000000e+02,4.4834534218e+03,5.7726606845e+03,8.7920463303e+05,2.2044252796e+06
8.0000000000e+12,9.6900000000e+02,4.4833770638e+03,5.7725679475e+03,8.8015646078e+05,2.2044311701e+06
8.0000000000e+12,9.7000000000e+02,4.4833006409e+03,5.7724752828e+03,8.8110656486e+05,2.2044490104e+06
8.0000000000e+12,9.7100000000e+02,4.4832241538e+03,5.7723826894e+03,8.8205496192e+05,2.2044783266e+06
8.0000000000e+12,9.7200000000e+02,4.4831476030e+03,5.7722901662e+03,8.8300166816e+05,2.2045186616e+06
8.0000000000e+12,9.7300000000e+02,4.4830709888e+03,5.7721977122e+03,8.8394669935e+05,2.2045695720e+06
8.0000000000e+12,9.7400000000e+02,4.4829943116e+03,5.7721053265e+03,8.8489007011e+05,2.2046306264e+06
8.0000000000e+12,9.7500000000e+02,4.4829175719e+03,5.7720130079e+03,8.8583179736e+05,2.2047014050e+06
8.0000000000e+12,9.7600000000e+02,4.4828407700e+03,5.7719207557e+03,8.8677189375e+05,2.2175832090e+06
8.0000000000e+12,9.7700000000e+02,4.4827641570e+03,5.7718280806e+03,8.8771534021e+05,2.2173632217e+06
8.0000000000e+12,9.7800000000e+02,4.4826873419e+03,5.7717350817e+03,8.8866111665e+05,2.2171000358e+06
8.0000000000e+12,9.7900000000e+02,4.4826104421e+03,5.7716421711e+03,8.8960503327e+05,2.2168178909e+06
8.0000000000e+12,9.8000000000e+02,4.4825334697e+03,5.7715493505e+03,8.9054708203e+05,2.2165283868e+06
8.0000000000e+12,9.8100000000e+02,4.4824564295e+03,5.7714566205e+03,8.9148726191e+05,2.2162383796e+06
8.0000000000e+12,9.8200000000e+02,4.4823793239e+03,5.7713639812e+03,8.9242558020e+05,2.2159523531e+06
8.0000000000e+12,9.8300000000e+02,4.4823021544e+03,5.7712714321e+03,8.9336204615e+05,2.2156734093e+06
8.0000000000e+12,9.8400000000e+02,4.4822249221e+03,5.7711789725e+03,8.9429667141e+05,2.2154037648e+06
8.0000000000e+12,9.8500000000e+02,4.4821476278e+03,5.7710866017e+03,8.9522947135e+05,2.2151450308e+06
8.0000000000e+12,9.8600000000e+02,4.4820702720e+03,5.7709943186e+03,8.9616046069e+05,2.2148983842e+06
8.0000000000e+12,9.8700000000e+02,4.4819928552e+03,5.7709021223e+03,8.9708965418e+05,2.2146646801e+06
8.0000000000e+12,9.8800000000e+02,4.4819153780e+03,5.7708100115e+03,8.9801707115e+05,2.2144445282e+06
8.0000000000e+12,9.8900000000e+02,4.4818378406e+03,5.7707179851e+03,8.9894272756e+05,2.2142383470e+06
8.0000000000e+12,9.9000000000e+02,4.4817602434e+03,5.7706260420e+03,8.9986664077e+05,2.2140464045e+06
8.0000000000e+12,9.9100000000e+02,4.4816825869e+03,5.7705341808e+03,9.0078882753e+05,2.2138688478e+06
8.0000000000e+12,9.9200000000e+02,4.4816048712e+03,5.7704424004e+03,9.0170930667e+05,2.2137057265e+06
8.0000000000e+12,9.9300000000e+02,4.4815270967e+03,5.7703506995e+03,9.0262809503e+05,2.2135570108e+06
8.0000000000e+12,9.9400000000e+02,4.4814492637e+03,5.7702590770e+03,9.0354520996e+05,2.2134217381e+06
8.0000000000e+12,9.9500000000e+02,4.4813713725e+03,5.7701675315e+03,9.0446066830e+05,2.2133008556e+06
8.0000000000e+12,9.9600000000e+02,4.4812934233e+03,5.7700760620e+03,9.0537448686e+05,2.2131941053e+06
8.0000000000e+12,9.9700000000e+02,4.4812154165e+03,5.7699846672e+03,9.0628668180e+05,2.2131012289e+06
8.0000000000e+12,9.9800000000e+02,4.4811373523e+03,5.7698933459e+03,9.0719727110e+05,2.2130219489e+06
8.0000000000e+12,9.9900000000e+02,4.4810592309e+03,5.7698020969e+03,9.0810627042e+05,2.2129559694e+06
1.2000000000e+13,0.0000000000e+00,4.4000000000e+03,6.0284983457e+03,0.0000000000e+00,3.4800000000e+06
1.2000000000e+13,1.0000000000e+00,4.4046634112e+03,6.0282182982e+03,0.0000000000e+00,3.4282081199e+06
1.2000000000e+13,2.0000000000e+00,4.4064052996e+03,6.0278484566e+03,0.0000000000e+00,3.4256820816e+06
1.2000000000e+13,3.0000000000e+00,4.4079336242e+03,6.0274806209e+03,0.0000000000e+00,3.4212484285e+06
1.2000000000e+13,4.0000000000e+00,4.4093154333e+03,6.0271127194e+03,0.0000000000e+00,3.4153260974e+06
1.2000000000e+13,5.0000000000e+00,4.4105386903e+03,6.0267447659e+03,0.0000000000e+00,3.4083399012e+06
1.2000000000e+13,6.0000000000e+00,4.4116099786e+03,6.0263767753e+03,0.0000000000e+00,3.4006425267e+06
1.2000000000e+13,7.0000000000e+00,4.4125467493e+03,6.0260087608e+03,0.0000000000e+00,3.3925008194e+06
1.2000000000e+13,8.0000000000e+00,4.4133698394e+03,6.0256407325e+03,0.0000000000e+00,3.3841003721e+06
1.2000000000e+13,9.0000000000e+00,4.4141001316e+03,6.0252726978e+03,0.0000000000e+00,3.3755743957e+06
1.2000000000e+13,1.0000000000e+01,4.4147547294e+03,6.0249046622e+03,0.0000000000e+00,3.3670088823e+06
1.2000000000e+13,1.1000000000e+01,4.4153471756e+03,6.0245366296e+03,0.0000000000e+00,3.3584655673e+06
1.2000000000e+13,1.2000000000e+01,4.4158877373e+03,6.0241686030e+03,0.0000000000e+00,3.3499783064e+06
1.2000000000e+13,1.3000000000e+01,4.4163844143e+03,6.0238005842e+03,0.0000000000e+00,3.3415772918e+06
1.2000000000e+13,1.4000000000e+01,4.4168434385e+03,6.0234325750e+03,0.0000000000e+00,3.3332711885e+06
1.2000000000e+13,1.5000000000e+01,4.4172697809e+03,6.0230645764e+03,0.0000000000e+00,3.3250769272e+06
1.2000000000e+13,1.6000000000e+01,4.4176675467e+03,6.0226965894e+03,0.0000000000e+00,3.3169962067e+06
1.2000000000e+13,1.7000000000e+01,4.4180400197e+03,6.0223286148e+03,0.0000000000e+00,3.3090278240e+06
1.2000000000e+13,1.8000000000e+01,4.4183899519e+03,6.0219606529e+03,0.0000000000e+00,3.3011785769e+06
1.2000000000e+13,1.9000000000e+01,4.4187196768e+03,6.0215927045e+03,0.0000000000e+00,3.2934453550e+06
1.2000000000e+13,2.0000000000e+01,4.4190311379e+03,6.0212247701e+03,0.0000000000e+00,3.2858197994e+06
1.2000000000e+13,2.1000000000e+01,4.4193259745e+03,6.0208568494e+03,0.0000000000e+00,3.2783012519e+06
1.2000000000e+13,2.2000000000e+01,4.4196056130e+03,6.0204889431e+03,0.0000000000e+00,3.2708931847e+06
1.2000000000e+13,2.3000000000e+01,4.4198713054e+03,6.0201210517e+03,0.0000000000e+00,3.2635927898e+06
1.2000000000e+13,2.4000000000e+01,4.4201241365e+03,6.0197531754e+03,0.0000000000e+00,3.2563940628e+06
1.2000000000e+13,2.5000000000e+01,4.4203650420e+03,6.0193853144e+03,0.0000000000e+00,3.2492891320e+06
1.2000000000e+13,2.6000000000e+01,4.4205948401e+03,6.0190174685e+03,0.0000000000e+00,3.2422690161e+06
1.2000000000e+13,2.7000000000e+01,4.4208142607e+03,6.0186496378e+03,0.0000000000e+00,3.2353352442e+06
1.2000000000e+13,2.8000000000e+01,4.4210239635e+03,6.0182818225e+03,0.0000000000e+00,3.2284919763e+06
1.2000000000e+13,2.9000000000e+01,4.4212245505e+03,6.0179140233e+03,0.0000000000e+00,3.2217389766e+06
1.2000000000e+13,3.0000000000e+01,4.4214165684e+03,6.0175462404e+03,0.0000000000e+00,3.2150737919e+06
1.2000000000e+13,3.1000000000e+01,4.4216005098e+03,6.0171784741e+03,0.0000000000e+00,3.2084926583e+06
1.2000000000e+13,3.2000000000e+01,4.4217768154e+03,6.0168107244e+03,0.0000000000e+00,3.2019910114e+06
1.2000000000e+13,3.3000000000e+01,4.4219458802e+03,6.0164429913e+03,0.0000000000e+00,3.1955638052e+06
1.2000000000e+13,3.4000000000e+01,4.4221080618e+03,6.0160752750e+03,0.0000000000e+00,3.1892057222e+06
1.2000000000e+13,3.5000000000e+01,4.4222636869e+03,6.0157075752e+03,0.0000000000e+00,3.1829113097e+06
1.2000000000e+13,3.6000000000e+01,4.4224130564e+03,6.0153398921e+03,0.0000000000e+00,3.1766750674e+06
1.2000000000e+13,3.7000000000e+01,4.4225564500e+03,6.0149722255e+03,0.0000000000e+00,3.1704915032e+06
1.2000000000e+13,3.8000000000e+01,4.4226941285e+03,6.0146045753e+03,0.0000000000e+00,3.1643606673e+06
1.2000000000e+13,3.9000000000e+01,4.4228263362e+03,6.0142369416e+03,0.0000000000e+00,3.1582893224e+06
1.2000000000e+13,4.0000000000e+01,4.4229533019e+03,6.0138693252e+03,0.0000000000e+00,3.1522804887e+06
1.2000000000e+13,4.1000000000e+01,4.4230752409e+03,6.0135017264e+03,0.0000000000e+00,3.1463353662e+06
1.2000000000e+13,4.2000000000e+01,4.4231923560e+03,6.0131341454e+03,0.0000000000e+00,3.1404540403e+06
1.2000000000e+13,4.3000000000e+01,4.4233048376e+03,6.0127665825e+03,0.0000000000e+00,3.1346358445e+06
1.2000000000e+13,4.4000000000e+01,4.4234128640e+03,6.0123990378e+03,0.0000000000e+00,3.1288795923e+06
1.2000000000e+13,4.5000000000e+01,4.4235166016e+03,6.0120315115e+03,0.0000000000e+00,3.1231837249e+06
1.2000000000e+13,4.6000000000e+01,4.4236162052e+03,6.0116640036e+03,0.0000000000e+00,3.1175464184e+06
1.2000000000e+13,4.7000000000e+01,4.4237118189e+03,6.0112965143e+03,0.0000000000e+00,3.1119656712e+06
1.2000000000e+13,4.8000000000e+01,4.4238035769e+03,6.0109290436e+03,0.0000000000e+00,3.1064393581e+06
1.2000000000e+13,4.9000000000e+01,4.4238916045e+03,6.0105615915e+03,0.0000000000e+00,3.1009652784e+06
1.2000000000e+13,5.0000000000e+01,4.4239760191e+03,6.0101941582e+03,0.0000000000e+00,3.0955411912e+06
1.2000000000e+13,5.1000000000e+01,4.4240569310e+03,6.0098267435e+03,0.0000000000e+00,3.0901648434e+06
1.2000000000e+13,5.2000000000e+01,4.4241344447e+03,6.0094593476e+03,0.0000000000e+00,3.0848339906e+06
1.2000000000e+13,5.3000000000e+01,4.4242086588e+03,6.0090919705e+03,0.0000000000e+00,3.0795464129e+06
1.2000000000e+13,5.4000000000e+01,4.4242796671e+03,6.0087246121e+03,0.0000000000e+00,3.0742999323e+06
1.2000000000e+13,5.5000000000e+01,4.4243475590e+03,6.0083572724e+03,0.0000000000e+00,3.0690924084e+06
1.2000000000e+13,5.6000000000e+01,4.4244124197e+03,6.0079899515e+03,0.0000000000e+00,3.0639217567e+06
1.2000000000e+13,5.7000000000e+01,4.4244743309e+03,6.0076226494e+03,0.0000000000e+00,3.0587859501e+06
1.2000000000e+13,5.8000000000e+01,4.4245333706e+03,6.0072553660e+03,0.0000000000e+00,3.0536830274e+06
1.2000000000e+13,5.9000000000e+01,4.4245896137e+03,6.0068881013e+03,0.0000000000e+00,3.0486110781e+06
1.2000000000e+13,6.0000000000e+01,4.4246431323e+03,6.0065208554e+03,0.0000000000e+00,3.0435682585e+06
1.2000000000e+13,6.1000000000e+01,4.4246939954e+03,6.0061536282e+03,0.0000000000e+00,3.0385527939e+06
1.2000000000e+13,6.2000000000e+01,4.4247422694e+03,6.0057864196e+03,0.0000000000e+00,3.0335629580e+06
1.2000000000e+13,6.3000000000e+01,4.4247880183e+03,6.0054192298e+03,0.0000000000e+00,3.0285970959e+06
1.2000000000e+13,6.4000000000e+01,4.4248313037e+03,6.0050520586e+03,0.0000000000e+00,3.0236535955e+06
1.2000000000e+13,6.5000000000e+01,4.4248721849e+03,6.0046849061e+03,0.0000000000e+00,3.0187309107e+06
1.2000000000e+13,6.6000000000e+01,4.4249107190e+03,6.0043177723e+03,0.0000000000e+00,3.0138275278e+06
1.2000000000e+13,6.7000000000e+01,4.4249469612e+03,6.0039506570e+03,0.0000000000e+00,3.0089419918e+06
1.2000000000e+13,6.8000000000e+01,4.4249809645e+03,6.0035835604e+03,0.0000000000e+00,3.0040728649e+06
1.2000000000e+13,6.9000000000e+01,4.4250127803e+03,6.0032164824e+03,0.0000000000e+00,2.9992187638e+06
1.2000000000e+13,7.0000000000e+01,4.4250424579e+03,6.0028494229e+03,0.0000000000e+00,2.9943786061e+06
1.2000000000e+13,7.1000000000e+01,4.4250700452e+03,6.0024823820e+03,0.0000000000e+00,2.9895589218e+06
1.2000000000e+13,7.2000000000e+01,4.4250955878e+03,6.0021153602e+03,0.0000000000e+00,2.9847638492e+06
1.2000000000e+13,7.3000000000e+01,4.4251191298e+03,6.0017483578e+03,0.0000000000e+00,2.9799963951e+06
1.2000000000e+13,7.4000000000e+01,4.4251407139e+03,6.0013813751e+03,0.0000000000e+00,2.9752588895e+06
1.2000000000e+13,7.5000000000e+01,4.4251603814e+03,6.0010144123e+03,0.0000000000e+00,2.9705531446e+06
1.2000000000e+13,7.6000000000e+01,4.4251781721e+03,6.0006474697e+03,0.0000000000e+00,2.9658806220e+06
1.2000000000e+13,7.7000000000e+01,4.4251941246e+03,6.0002805475e+03,0.0000000000e+00,2.9612424737e+06
1.2000000000e+13,7.8000000000e+01,4.4252082762e+03,5.9999136458e+03,0.0000000000e+00,2.9566395903e+06
1.2000000000e+13,7.9000000000e+01,4.4252206630e+03,5.9995467647e+03,0.0000000000e+00,2.9520726894e+06
1.2000000000e+13,8.0000000000e+01,4.4252313199e+03,5.9991799044e+03,0.0000000000e+00,2.9475423038e+06
1.2000000000e+13,8.1000000000e+01,4.4252402809e+03,5.9988130651e+03,0.0000000000e+00,2.9430487984e+06
1.2000000000e+13,8.2000000000e+01,4.4252475787e+03,5.9984462468e+03,0.0000000000e+00,2.9385924476e+06
1.2000000000e+13,8.3000000000e+01,4.4252532449e+03,5.9980794497e+03,0.0000000000e+00,2.9341734011e+06
1.2000000000e+13,8.4000000000e+01,4.4252573102e+03,5.9977126738e+03,0.0000000000e+00,2.9297917122e+06
1.2000000000e+13,8.5000000000e+01,4.4252598043e+03,5.9973459193e+03,0.0000000000e+00,2.9254473267e+06
1.2000000000e+13,8.6000000000e+01,4.4252607558e+03,5.9969791862e+03,0.0000000000e+00,2.9211401623e+06
1.2000000000e+13,8.7000000000e+01,4.4252601924e+03,5.9966124746e+03,0.0000000000e+00,2.9168700553e+06
1.2000000000e+13,8.8000000000e+01,4.4252581410e+03,5.9962457845e+03,0.0000000000e+00,2.9126367853e+06
1.2000000000e+13,8.9000000000e+01,4.4252546274e+03,5.9958791161e+03,0.0000000000e+00,2.9084400551e+06
1.2000000000e+13,9.0000000000e+01,4.4252496766e+03,5.9955124694e+03,0.0000000000e+00,2.9042795791e+06
1.2000000000e+13,9.1000000000e+01,4.4252433128e+03,5.9951458445e+03,0.0000000000e+00,2.9001550136e+06
1.2000000000e+13,9.2000000000e+01,4.4252355594e+03,5.9947792413e+03,0.0000000000e+00,2.8960659820e+06
1.2000000000e+13,9.3000000000e+01,4.4252264389e+03,5.9944126601e+03,0.0000000000e+00,2.8920120806e+06
1.2000000000e+13,9.4000000000e+01,4.4252159734e+03,5.9940461007e+03,0.0000000000e+00,2.8879928480e+06
1.2000000000e+13,9.5000000000e+01,4.4252041838e+03,5.9936795632e+03,0.0000000000e+00,2.8840078688e+06
1.2000000000e+13,9.6000000000e+01,4.4251910907e+03,5.9933130478e+03,0.0000000000e+00,2.8800566848e+06
1.2000000000e+13,9.7000000000e+01,4.4251767141e+03,5.9929465543e+03,0.0000000000e+00,2.8761388222e+06
1.2000000000e+13,9.8000000000e+01,4.4251610731e+03,5.9925800829e+03,0.0000000000e+00,2.8722537961e+06
1.2000000000e+13,9.9000000000e+01,4.4251441865e+03,5.9922136335e+03,0.0000000000e+00,2.8684011131e+06
1.2000000000e+13,1.0000000000e+02,4.4251260725e+03,5.9918472063e+03,0.0000000000e+00,2.8645802303e+06
1.2000000000e+13,1.0100000000e+02,4.4251067486e+03,5.9914808012e+03,0.0000000000e+00,2.8607906812e+06
1.2000000000e+13,1.0200000000e+02,4.4250862320e+03,5.9911144182e+03,0.0000000000e+00,2.8570319628e+06
1.2000000000e+13,1.0300000000e+02,4.4250645395e+03,5.9907480574e+03,0.0000000000e+00,2.8533035675e+06
1.2000000000e+13,1.0400000000e+02,4.4250416872e+03,5.9903817189e+03,0.0000000000e+00,2.8496049872e+06
1.2000000000e+13,1.0500000000e+02,4.4250176911e+03,5.9900154025e+03,0.0000000000e+00,2.8459357145e+06
1.2000000000e+13,1.0600000000e+02,4.4249925664e+03,5.9896491083e+03,0.0000000000e+00,2.8422951899e+06
1.2000000000e+13,1.0700000000e+02,4.4249663283e+03,5.9892828364e+03,0.0000000000e+00,2.8386829584e+06
1.2000000000e+13,1.0800000000e+02,4.4249389914e+03,5.9889165868e+03,0.0000000000e+00,2.8350985258e+06
1.2000000000e+13,1.0900000000e+02,4.4249105700e+03,5.9885503594e+03,0.0000000000e+00,2.8315413988e+06
1.2000000000e+13,1.1000000000e+02,4.4248810782e+03,5.9881841543e+03,0.0000000000e+00,2.8280110883e+06
1.2000000000e+13,1.1100000000e+02,4.4248505296e+03,5.9878179715e+03,0.0000000000e+00,2.8245071106e+06
1.2000000000e+13,1.1200000000e+02,4.4248189376e+03,5.9874518110e+03,0.0000000000e+00,2.8210289875e+06
1.2000000000e+13,1.1300000000e+02,4.4247863152e+03,5.9870856729e+03,0.0000000000e+00,2.8175762475e+06
1.2000000000e+13,1.1400000000e+02,4.4247526753e+03,5.9867195570e+03,0.0000000000e+00,2.8141483560e+06
1.2000000000e+13,1.1500000000e+02,4.4247180304e+03,5.9863534635e+03,0.0000000000e+00,2.8107449173e+06
1.2000000000e+13,1.1600000000e+02,4.4246823926e+03,5.9859873923e+03,0.0000000000e+00,2.8073654863e+06
1.2000000000e+13,1.1700000000e+02,4.4246457741e+03,5.9856213435e+03,0.0000000000e+00,2.8040096211e+06
1.2000000000e+13,1.1800000000e+02,4.4246081866e+03,5.9852553171e+03,0.0000000000e+00,2.8006768864e+06
1.2000000000e+13,1.1900000000e+02,4.4245696416e+03,5.9848893130e+03,0.0000000000e+00,2.7973668542e+06
1.2000000000e+13,1.2000000000e+02,4.4245301504e+03,5.9845233313e+03,0.0000000000e+00,2.7940791040e+06
1.2000000000e+13,1.2100000000e+02,4.4244897241e+03,5.9841573719e+03,0.0000000000e+00,2.7908132233e+06
1.2000000000e+13,1.2200000000e+02,4.4244483735e+03,5.9837914350e+03,0.0000000000e+00,2.7875688072e+06
1.2000000000e+13,1.2300000000e+02,4.4244061094e+03,5.9834255204e+03,0.0000000000e+00,2.7843454587e+06
1.2000000000e+13,1.2400000000e+02,4.4243629422e+03,5.9830596282e+03,0.0000000000e+00,2.7811427016e+06
1.2000000000e+13,1.2500000000e+02,4.4243188821e+03,5.9826937584e+03,0.0000000000e+00,2.7779602328e+06
1.2000000000e+13,1.2600000000e+02,4.4242739393e+03,5.9823279110e+03,0.0000000000e+00,2.7747976861e+06
1.2000000000e+13,1.2700000000e+02,4.4242281236e+03,5.9819620860e+03,0.0000000000e+00,2.7716546977e+06
1.2000000000e+13,1.2800000000e+02,4.4241814447e+03,5.9815962834e+03,0.0000000000e+00,2.7685309101e+06
1.2000000000e+13,1.2900000000e+02,4.4241339122e+03,5.9812305032e+03,0.0000000000e+00,2.7654259731e+06
1.2000000000e+13,1.3000000000e+02,4.4240855356e+03,5.9808647454e+03,0.0000000000e+00,2.7623395439e+06
1.2000000000e+13,1.3100000000e+02,4.4240363239e+03,5.9804990101e+03,0.0000000000e+00,2.7592712869e+06
1.2000000000e+13,1.3200000000e+02,4.4239862862e+03,5.9801332971e+03,0.0000000000e+00,2.7562208738e+06
1.2000000000e+13,1.3300000000e+02,4.4239354315e+03,5.9797676066e+03,0.0000000000e+00,2.7531879836e+06
1.2000000000e+13,1.3400000000e+02,4.4238837684e+03,5.9794019385e+03,0.0000000000e+00,2.7501723022e+06
1.2000000000e+13,1.3500000000e+02,4.4238313057e+03,5.9790362928e+03,0.0000000000e+00,2.7471735225e+06
1.2000000000e+13,1.3600000000e+02,4.4237780517e+03,5.9786706696e+03,0.0000000000e+00,2.7441912182e+06
1.2000000000e+13,1.3700000000e+02,4.4237240147e+03,5.9783050687e+03,0.0000000000e+00,2.7412252131e+06
1.2000000000e+13,1.3800000000e+02,4.4236692029e+03,5.9779394903e+03,0.0000000000e+00,2.7382752294e+06
1.2000000000e+13,1.3900000000e+02,4.4236136244e+03,5.9775739343e+03,0.0000000000e+00,2.7353409889e+06
1.2000000000e+13,1.4000000000e+02,4.4235572871e+03,5.9772084008e+03,0.0000000000e+00,2.7324222181e+06
1.2000000000e+13,1.4100000000e+02,4.4235001986e+03,5.9768428897e+03,0.0000000000e+00,2.7295186493e+06
1.2000000000e+13,1.4200000000e+02,4.4234423668e+03,5.9764774010e+03,0.0000000000e+00,2.7266300208e+06
1.2000000000e+13,1.4300000000e+02,4.4233837991e+03,5.9761119348e+03,0.0000000000e+00,2.7237560769e+06
1.2000000000e+13,1.4400000000e+02,4.4233245029e+03,5.9757464910e+03,0.0000000000e+00,2.7208965674e+06
1.2000000000e+13,1.4500000000e+02,4.4232644855e+03,5.9753810696e+03,0.0000000000e+00,2.7180512481e+06
1.2000000000e+13,1.4600000000e+02,4.4232037541e+03,5.9750156707e+03,0.0000000000e+00,2.7152198801e+06
1.2000000000e+13,1.4700000000e+02,4.4231423157e+03,5.9746502943e+03,0.0000000000e+00,2.7124022302e+06
1.2000000000e+13,1.4800000000e+02,4.4230801773e+03,5.9742849403e+03,0.0000000000e+00,2.7095980704e+06
1.2000000000e+13,1.4900000000e+02,4.4230173458e+03,5.9739196087e+03,0.0000000000e+00,2.7068071779e+06
1.2000000000e+13,1.5000000000e+02,4.4229538278e+03,5.9735542996e+03,0.0000000000e+00,2.7040293350e+06
1.2000000000e+13,1.5100000000e+02,4.4228896300e+03,5.9731890129e+03,0.0000000000e+00,2.7012641876e+06
1.2000000000e+13,1.5200000000e+02,4.4228247590e+03,5.9728237487e+03,0.0000000000e+00,2.6985116541e+06
1.2000000000e+13,1.5300000000e+02,4.4227592211e+03,5.9724585069e+03,0.0000000000e+00,2.6957715444e+06
1.2000000000e+13,1.5400000000e+02,4.4226930228e+03,5.9720932876e+03,0.0000000000e+00,2.6930436629e+06
1.2000000000e+13,1.5500000000e+02,4.4226261701e+03,5.9717280908e+03,0.0000000000e+00,2.6903278167e+06
1.2000000000e+13,1.5600000000e+02,4.4225586693e+03,5.9713629164e+03,0.0000000000e+00,2.6876238169e+06
1.2000000000e+13,1.5700000000e+02,4.4224905265e+03,5.9709977645e+03,0.0000000000e+00,2.6849314782e+06
1.2000000000e+13,1.5800000000e+02,4.4224217476e+03,5.9706326350e+03,0.0000000000e+00,2.6822506198e+06
1.2000000000e+13,1.5900000000e+02,4.4223523384e+03,5.9702675280e+03,0.0000000000e+00,2.6795810647e+06
1.2000000000e+13,1.6000000000e+02,4.4222823047e+03,5.9699024435e+03,0.0000000000e+00,2.6769226398e+06
1.2000000000e+13,1.6100000000e+02,4.4222116523e+03,5.9695373814e+03,0.0000000000e+00,2.6742751760e+06
1.2000000000e+13,1.6200000000e+02,4.4221403868e+03,5.9691723418e+03,0.0000000000e+00,2.6716385080e+06
1.2000000000e+13,1.6300000000e+02,4.4220685136e+03,5.9688073247e+03,0.0000000000e+00,2.6690124738e+06
1.2000000000e+13,1.6400000000e+02,4.4219960383e+03,5.9684423301e+03,0.0000000000e+00,2.6663969155e+06
1.2000000000e+13,1.6500000000e+02,4.4219229663e+03,5.9680773579e+03,0.0000000000e+00,2.6637916783e+06
1.2000000000e+13,1.6600000000e+02,4.4218493028e+03,5.9677124082e+03,0.0000000000e+00,2.6611966110e+06
1.2000000000e+13,1.6700000000e+02,4.4217750530e+03,5.9673474810e+03,0.0000000000e+00,2.6586115656e+06
1.2000000000e+13,1.6800000000e+02,4.4217002222e+03,5.9669825762e+03,0.0000000000e+00,2.6560363974e+06
1.2000000000e+13,1.6900000000e+02,4.4216248153e+03,5.9666176940e+03,0.0000000000e+00,2.6534709650e+06
1.2000000000e+13,1.7000000000e+02,4.4215488374e+03,5.9662528342e+03,0.0000000000e+00,2.6509151298e+06
1.2000000000e+13,1.7100000000e+02,4.4214722935e+03,5.9658879969e+03,0.0000000000e+00,2.6483684466e+06
1.2000000000e+13,1.7200000000e+02,4.4213951883e+03,5.9655231821e+03,0.0000000000e+00,2.6458310884e+06
1.2000000000e+13,1.7300000000e+02,4.4213175267e+03,5.9651583897e+03,0.0000000000e+00,2.6433029404e+06
1.2000000000e+13,1.7400000000e+02,4.4212393135e+03,5.9647936199e+03,0.0000000000e+00,2.6407838778e+06
1.2000000000e+13,1.7500000000e+02,4.4211605532e+03,5.9644288725e+03,0.0000000000e+00,2.6382737761e+06
1.2000000000e+13,1.7600000000e+02,4.4210812506e+03,5.9640641477e+03,0.0000000000e+00,2.6357725133e+06
1.2000000000e+13,1.7700000000e+02,4.4210014100e+03,5.9636994453e+03,0.0000000000e+00,2.6332799696e+06
1.2000000000e+13,1.7800000000e+02,4.4209210361e+03,5.9633347654e+03,0.0000000000e+00,2.6307960276e+06
1.2000000000e+13,1.7900000000e+02,4.4208401332e+03,5.9629701080e+03,0.0000000000e+00,2.6283205726e+06
1.2000000000e+13,1.8000000000e+02,4.4207587057e+03,5.9626054732e+03,0.0000000000e+00,2.6258534922e+06
1.2000000000e+13,1.8100000000e+02,4.4206767579e+03,5.9622408608e+03,0.0000000000e+00,2.6233946763e+06
1.2000000000e+13,1.8200000000e+02,4.4205942939e+03,5.9618762709e+03,0.0000000000e+00,2.6209440174e+06
1.2000000000e+13,1.8300000000e+02,4.4205113181e+03,5.9615117036e+03,0.0000000000e+00,2.6185014098e+06
1.2000000000e+13,1.8400000000e+02,4.4204278346e+03,5.9611471587e+03,0.0000000000e+00,2.6160667504e+06
1.2000000000e+13,1.8500000000e+02,4.4203438473e+03,5.9607826364e+03,0.0000000000e+00,2.6136399380e+06
1.2000000000e+13,1.8600000000e+02,4.4202593604e+03,5.9604181365e+03,0.0000000000e+00,2.6112208736e+06
1.2000000000e+13,1.8700000000e+02,4.4201743778e+03,5.9600536592e+03,0.0000000000e+00,2.6088094599e+06
1.2000000000e+13,1.8800000000e+02,4.4200889034e+03,5.9596892044e+03,0.0000000000e+00,2.6064056020e+06
1.2000000000e+13,1.8900000000e+02,4.4200029411e+03,5.9593247721e+03,0.0000000000e+00,2.6040092067e+06
1.2000000000e+13,1.9000000000e+02,4.4199164947e+03,5.9589603623e+03,0.0000000000e+00,2.6016201826e+06
1.2000000000e+13,1.9100000000e+02,4.4198295680e+03,5.9585959751e+03,0.0000000000e+00,2.5992384402e+06
1.2000000000e+13,1.9200000000e+02,4.4197421647e+03,5.9582316103e+03,0.0000000000e+00,2.5968638918e+06
1.2000000000e+13,1.9300000000e+02,4.4196542885e+03,5.9578672681e+03,0.0000000000e+00,2.5944964514e+06
1.2000000000e+13,1.9400000000e+02,4.4195659429e+03,5.9575029484e+03,0.0000000000e+00,2.5921360346e+06
1.2000000000e+13,1.9500000000e+02,4.4194771317e+03,5.9571386513e+03,0.0000000000e+00,2.5897825588e+06
1.2000000000e+13,1.9600000000e+02,4.4193878582e+03,5.9567743766e+03,0.0000000000e+00,2.5874359428e+06
1.2000000000e+13,1.9700000000e+02,4.4192981260e+03,5.9564101245e+03,0.0000000000e+00,2.5850961070e+06
1.2000000000e+13,1.9800000000e+02,4.4192079386e+03,5.9560458950e+03,0.0000000000e+00,2.5827629736e+06
1.2000000000e+13,1.9900000000e+02,4.4191172994e+03,5.9556816879e+03,0.0000000000e+00,2.5804363183e+06
1.2000000000e+13,2.0000000000e+02,4.4190262117e+03,5.9553175034e+03,0.0000000000e+00,2.5781161694e+06
1.2000000000e+13,2.0100000000e+02,4.4189346788e+03,5.9549533414e+03,0.0000000000e+00,2.5758024832e+06
1.2000000000e+13,2.0200000000e+02,4.4188427040e+03,5.9545892020e+03,0.0000000000e+00,2.5734951944e+06
1.2000000000e+13,2.0300000000e+02,4.4187502906e+03,5.9542250851e+03,0.0000000000e+00,2.5711942348e+06
1.2000000000e+13,2.0400000000e+02,4.4186574417e+03,5.9538609907e+03,0.0000000000e+00,2.5688995361e+06
1.2000000000e+13,2.0500000000e+02,4.4185641605e+03,5.9534969189e+03,0.0000000000e+00,2.5666110308e+06
1.2000000000e+13,2.0600000000e+02,4.4184704502e+03,5.9531328696e+03,0.0000000000e+00,2.5643286524e+06
1.2000000000e+13,2.0700000000e+02,4.4183763139e+03,5.9527688429e+03,0.0000000000e+00,2.5620523355e+06
1.2000000000e+13,2.0800000000e+02,4.4182817545e+03,5.9524048387e+03,0.0000000000e+00,2.5597820158e+06
1.2000000000e+13,2.0900000000e+02,4.4181867751e+03,5.9520408571e+03,0.0000000000e+00,2.5575176301e+06
1.2000000000e+13,2.1000000000e+02,4.4180913787e+03,5.9516768980e+03,0.0000000000e+00,2.5552591163e+06
1.2000000000e+13,2.1100000000e+02,4.4179955682e+03,5.9513129615e+03,0.0000000000e+00,2.5530064133e+06
1.2000000000e+13,2.1200000000e+02,4.4178993465e+03,5.9509490475e+03,0.0000000000e+00,2.5507594612e+06
1.2000000000e+13,2.1300000000e+02,4.4178027165e+03,5.9505851561e+03,0.0000000000e+00,2.5485182010e+06
1.2000000000e+13,2.1400000000e+02,4.4177056810e+03,5.9502212872e+03,0.0000000000e+00,2.5462825746e+06
1.2000000000e+13,2.1500000000e+02,4.4176082429e+03,5.9498574409e+03,0.0000000000e+00,2.5440525251e+06
1.2000000000e+13,2.1600000000e+02,4.4175104050e+03,5.9494936172e+03,0.0000000000e+00,2.5418279964e+06
1.2000000000e+13,2.1700000000e+02,4.4174121698e+03,5.9491298160e+03,0.0000000000e+00,2.5396089335e+06
1.2000000000e+13,2.1800000000e+02,4.4173135403e+03,5.9487660374e+03,0.0000000000e+00,2.5373952821e+06
1.2000000000e+13,2.1900000000e+02,4.4172145190e+03,5.9484022814e+03,0.0000000000e+00,2.5351869890e+06
1.2000000000e+13,2.2000000000e+02,4.4171151086e+03,5.9480385479e+03,0.0000000000e+00,2.5329840017e+06
1.2000000000e+13,2.2100000000e+02,4.4170153118e+03,5.9476748370e+03,0.0000000000e+00,2.5307862688e+06
1.2000000000e+13,2.2200000000e+02,4.4169151310e+03,5.9473111487e+03,0.0000000000e+00,2.5285937394e+06
1.2000000000e+13,2.2300000000e+02,4.4168145689e+03,5.9469474829e+03,0.0000000000e+00,2.5264063638e+06
1.2000000000e+13,2.2400000000e+02,4.4167136281e+03,5.9465838397e+03,0.0000000000e+00,2.5242240928e+06
1.2000000000e+13,2.2500000000e+02,4.4166123110e+03,5.9462202191e+03,0.0000000000e+00,2.5220468782e+06
1.2000000000e+13,2.2600000000e+02,4.4165106200e+03,5.9458566211e+03,0.0000000000e+00,2.5198746724e+06
1.2000000000e+13,2.2700000000e+02,4.4164085577e+03,5.9454930457e+03,0.0000000000e+00,2.5177074287e+06
1.2000000000e+13,2.2800000000e+02,4.4163061265e+03,5.9451294928e+03,0.0000000000e+00,2.5155451010e+06
1.2000000000e+13,2.2900000000e+02,4.4162033288e+03,5.9447659625e+03,0.0000000000e+00,2.5133876440e+06
1.2000000000e+13,2.3000000000e+02,4.4161001668e+03,5.9444024548e+03,0.0000000000e+00,2.5112350131e+06
1.2000000000e+13,2.3100000000e+02,4.4159966431e+03,5.9440389697e+03,0.0000000000e+00,2.5090871645e+06
1.2000000000e+13,2.3200000000e+02,4.4158927598e+03,5.9436755072e+03,0.0000000000e+00,2.5069440548e+06
1.2000000000e+13,2.3300000000e+02,4.4157885194e+03,5.9433120672e+03,0.0000000000e+00,2.5048056415e+06
1.2000000000e+13,2.3400000000e+02,4.4156839240e+03,5.9429486499e+03,0.0000000000e+00,2.5026718827e+06
1.2000000000e+13,2.3500000000e+02,4.4155789759e+03,5.9425852551e+03,0.0000000000e+00,2.5005427371e+06
1.2000000000e+13,2.3600000000e+02,4.4154736774e+03,5.9422218830e+03,0.0000000000e+00,2.4984181640e+06
1.2000000000e+13,2.3700000000e+02,4.4153680306e+03,5.9418585334e+03,0.0000000000e+00,2.4962968118e+06
1.2000000000e+13,2.3800000000e+02,4.4152620377e+03,5.9414952063e+03,0.0000000000e+00,2.4941800300e+06
1.2000000000e+13,2.3900000000e+02,4.4151557009e+03,5.9411319018e+03,0.0000000000e+00,2.4920677898e+06
1.2000000000e+13,2.4000000000e+02,4.4150490223e+03,5.9407686199e+03,0.0000000000e+00,2.4899600452e+06
1.2000000000e+13,2.4100000000e+02,4.4149420039e+03,5.9404053606e+03,0.0000000000e+00,2.4878567501e+06
1.2000000000e+13,2.4200000000e+02,4.4148346480e+03,5.9400421239e+03,0.0000000000e+00,2.4857578602e+06
1.2000000000e+13,2.4300000000e+02,4.4147269565e+03,5.9396789098e+03,0.0000000000e+00,2.4836633328e+06
1.2000000000e+13,2.4400000000e+02,4.4146189315e+03,5.9393157184e+03,0.0000000000e+00,2.4815731267e+06
1.2000000000e+13,2.4500000000e+02,4.4145105750e+03,5.9389525495e+03,0.0000000000e+00,2.4794872017e+06
1.2000000000e+13,2.4600000000e+02,4.4144018890e+03,5.9385894033e+03,0.0000000000e+00,2.4774055190e+06
1.2000000000e+13,2.4700000000e+02,4.4142928754e+03,5.9382262796e+03,0.0000000000e+00,2.4753280405e+06
1.2000000000e+13,2.4800000000e+02,4.4141835364e+03,5.9378631786e+03,0.0000000000e+00,2.4732547290e+06
1.2000000000e+13,2.4900000000e+02,4.4140738737e+03,5.9375001002e+03,0.0000000000e+00,2.4711855482e+06
1.2000000000e+13,2.5000000000e+02,4.4139638893e+03,5.9371370444e+03,0.0000000000e+00,2.4691204624e+06
1.2000000000e+13,2.5100000000e+02,4.4138535851e+03,5.9367740112e+03,0.0000000000e+00,2.4670594366e+06
1.2000000000e+13,2.5200000000e+02,4.4137429630e+03,5.9364110007e+03,0.0000000000e+00,2.4650024366e+06
1.2000000000e+13,2.5300000000e+02,4.4136320249e+03,5.9360480127e+03,0.0000000000e+00,2.4629494286e+06
1.2000000000e+13,2.5400000000e+02,4.4135207726e+03,5.9356850474e+03,0.0000000000e+00,2.4609003795e+06
1.2000000000e+13,2.5500000000e+02,4.4134092079e+03,5.9353221047e+03,0.0000000000e+00,2.4588552567e+06
1.2000000000e+13,2.5600000000e+02,4.4132973326e+03,5.9349591846e+03,0.0000000000e+00,2.4568140282e+06
1.2000000000e+13,2.5700000000e+02,4.4131851485e+03,5.9345962871e+03,0.0000000000e+00,2.4547766625e+06
1.2000000000e+13,2.5800000000e+02,4.4130726575e+03,5.9342334123e+03,0.0000000000e+00,2.4527431285e+06
1.2000000000e+13,2.5900000000e+02,4.4129598612e+03,5.9338705601e+03,0.0000000000e+00,2.4507133958e+06
1.2000000000e+13,2.6000000000e+02,4.4128467615e+03,5.9335077305e+03,0.0000000000e+00,2.4486874343e+06
1.2000000000e+13,2.6100000000e+02,4.4127333599e+03,5.9331449235e+03,0.0000000000e+00,2.4466652143e+06
1.2000000000e+13,2.6200000000e+02,4.4126196583e+03,5.9327821391e+03,0.0000000000e+00,2.4446467067e+06
1.2000000000e+13,2.6300000000e+02,4.4125056583e+03,5.9324193774e+03,0.0000000000e+00,2.4426318827e+06
1.2000000000e+13,2.6400000000e+02,4.4123913616e+03,5.9320566383e+03,0.0000000000e+00,2.4406207139e+06
1.2000000000e+13,2.6500000000e+02,4.4122767698e+03,5.9316939219e+03,0.0000000000e+00,2.4386131726e+06
1.2000000000e+13,2.6600000000e+02,4.4121618846e+03,5.9313312280e+03,0.0000000000e+00,2.4366092310e+06
1.2000000000e+13,2.6700000000e+02,4.4120467077e+03,5.9309685568e+03,0.0000000000e+00,2.4346088622e+06
1.2000000000e+13,2.6800000000e+02,4.4119312405e+03,5.9306059083e+03,0.0000000000e+00,2.4326120392e+06
1.2000000000e+13,2.6900000000e+02,4.4118154848e+03,5.9302432823e+03,0.0000000000e+00,2.4306187357e+06
1.2000000000e+13,2.7000000000e+02,4.4116994422e+03,5.9298806790e+03,0.0000000000e+00,2.4286289256e+06
1.2000000000e+13,2.7100000000e+02,4.4115831140e+03,5.9295180983e+03,0.0000000000e+00,2.4266425832e+06
1.2000000000e+13,2.7200000000e+02,4.4114665021e+03,5.9291555403e+03,0.0000000000e+00,2.4246596832e+06
1.2000000000e+13,2.7300000000e+02,4.4113496078e+03,5.9287930049e+03,0.0000000000e+00,2.4226802005e+06
1.2000000000e+13,2.7400000000e+02,4.4112324326e+03,5.9284304921e+03,0.0000000000e+00,2.4207041104e+06
1.2000000000e+13,2.7500000000e+02,4.4111149782e+03,5.9280680020e+03,0.0000000000e+00,2.4187313885e+06
1.2000000000e+13,2.7600000000e+02,4.4109972460e+03,5.9277055345e+03,0.0000000000e+00,2.4167620108e+06
1.2000000000e+13,2.7700000000e+02,4.4108792374e+03,5.9273430897e+03,0.0000000000e+00,2.4147959535e+06
1.2000000000e+13,2.7800000000e+02,4.4107609540e+03,5.9269806675e+03,0.0000000000e+00,2.4128331930e+06
1.2000000000e+13,2.7900000000e+02,4.4106423972e+03,5.9266182679e+03,0.0000000000e+00,2.4108737063e+06
1.2000000000e+13,2.8000000000e+02,4.4105235685e+03,5.9262558910e+03,0.0000000000e+00,2.4089174704e+06
1.2000000000e+13,2.8100000000e+02,4.4104044692e+03,5.9258935367e+03,0.0000000000e+00,2.4069644628e+06
1.2000000000e+13,2.8200000000e+02,4.4102851009e+03,5.9255312051e+03,0.0000000000e+00,2.4050146610e+06
1.2000000000e+13,2.8300000000e+02,4.4101654648e+03,5.9251688961e+03,0.0000000000e+00,2.4030680431e+06
1.2000000000e+13,2.8400000000e+02,4.4100455624e+03,5.9248066097e+03,0.0000000000e+00,2.4011245872e+06
1.2000000000e+13,2.8500000000e+02,4.4099253951e+03,5.9244443460e+03,0.0000000000e+00,2.3991842718e+06
1.2000000000e+13,2.8600000000e+02,4.4098049642e+03,5.9240821049e+03,0.0000000000e+00,2.3972470756e+06
1.2000000000e+13,2.8700000000e+02,4.4096842711e+03,5.9237198865e+03,0.0000000000e+00,2.3953129776e+06
1.2000000000e+13,2.8800000000e+02,4.4095633172e+03,5.9233576908e+03,0.0000000000e+00,2.3933819569e+06
1.2000000000e+13,2.8900000000e+02,4.4094421037e+03,5.9229955176e+03,0.0000000000e+00,2.3914539932e+06
1.2000000000e+13,2.9000000000e+02,4.4093206320e+03,5.9226333672e+03,0.0000000000e+00,2.3895290659e+06
1.2000000000e+13,2.9100000000e+02,4.4091989034e+03,5.9222712393e+03,0.0000000000e+00,2.3876071551e+06
1.2000000000e+13,2.9200000000e+02,4.4090769192e+03,5.9219091342e+03,0.0000000000e+00,2.3856882409e+06
1.2000000000e+13,2.9300000000e+02,4.4089546807e+03,5.9215470516e+03,0.0000000000e+00,2.3837723037e+06
1.2000000000e+13,2.9400000000e+02,4.4088321891e+03,5.9211849918e+03,0.0000000000e+00,2.3818593241e+06
1.2000000000e+13,2.9500000000e+02,4.4087094458e+03,5.9208229546e+03,0.0000000000e+00,2.3799503965e+06
1.2000000000e+13,2.9600000000e+02,4.4085864520e+03,5.9204609401e+03,0.0000000000e+00,2.3780440748e+06
1.2000000000e+13,2.9700000000e+02,4.4084632088e+03,5.9200989483e+03,0.0000000000e+00,2.3761404924e+06
1.2000000000e+13,2.9800000000e+02,4.4083397176e+03,5.9197369791e+03,0.0000000000e+00,2.3742396765e+06
1.2000000000e+13,2.9900000000e+02,4.4082159796e+03,5.9193750325e+03,0.0000000000e+00,2.3723416309e+06
1.2000000000e+13,3.0000000000e+02,4.4080919959e+03,5.9190131086e+03,0.0000000000e+00,2.3704463510e+06
1.2000000000e+13,3.0100000000e+02,4.4079677679e+03,5.9186512074e+03,0.0000000000e+00,2.3685538284e+06
1.2000000000e+13,3.0200000000e+02,4.4078432966e+03,5.9182893288e+03,0.0000000000e+00,2.3666640527e+06
1.2000000000e+13,3.0300000000e+02,4.4077185833e+03,5.9179274728e+03,0.0000000000e+00,2.3647770124e+06
1.2000000000e+13,3.0400000000e+02,4.4075936291e+03,5.9175656395e+03,0.0000000000e+00,2.3628926951e+06
1.2000000000e+13,3.0500000000e+02,4.4074684352e+03,5.9172038288e+03,0.0000000000e+00,2.3610110880e+06
1.2000000000e+13,3.0600000000e+02,4.4073430028e+03,5.9168420408e+03,0.0000000000e+00,2.3591321780e+06
1.2000000000e+13,3.0700000000e+02,4.4072173330e+03,5.9164802755e+03,0.0000000000e+00,2.3572559514e+06
1.2000000000e+13,3.0800000000e+02,4.4070914269e+03,5.9161185328e+03,0.0000000000e+00,2.3553823948e+06
1.2000000000e+13,3.0900000000e+02,4.4069652857e+03,5.9157568127e+03,0.0000000000e+00,2.3535114944e+06
1.2000000000e+13,3.1000000000e+02,4.4068389104e+03,5.9153951153e+03,0.0000000000e+00,2.3516432363e+06
1.2000000000e+13,3.1100000000e+02,4.4067123023e+03,5.9150334406e+03,0.0000000000e+00,2.3497776068e+06
1.2000000000e+13,3.1200000000e+02,4.4065854623e+03,5.9146717885e+03,0.0000000000e+00,2.3479145919e+06
1.2000000000e+13,3.1300000000e+02,4.4064583915e+03,5.9143101591e+03,0.0000000000e+00,2.3460541777e+06
1.2000000000e+13,3.1400000000e+02,4.4063310911e+03,5.9139485523e+03,0.0000000000e+00,2.3441963505e+06
1.2000000000e+13,3.1500000000e+02,4.4062035622e+03,5.9135869682e+03,0.0000000000e+00,2.3423410963e+06
1.2000000000e+13,3.1600000000e+02,4.4060758057e+03,5.9132254068e+03,0.0000000000e+00,2.3404884014e+06
1.2000000000e+13,3.1700000000e+02,4.4059478228e+03,5.9128638680e+03,0.0000000000e+00,2.3386382519e+06
1.2000000000e+13,3.1800000000e+02,4.4058196144e+03,5.9125023519e+03,0.0000000000e+00,2.3367906342e+06
1.2000000000e+13,3.1900000000e+02,4.4056911817e+03,5.9121408584e+03,0.0000000000e+00,2.3349455347e+06
1.2000000000e+13,3.2000000000e+02,4.4055625256e+03,5.9117793876e+03,0.0000000000e+00,2.3331029396e+06
1.2000000000e+13,3.2100000000e+02,4.4054336472e+03,5.9114179395e+03,0.0000000000e+00,2.3312628356e+06
1.2000000000e+13,3.2200000000e+02,4.4053045475e+03,5.9110565140e+03,0.0000000000e+00,2.3294252092e+06
1.2000000000e+13,3.2300000000e+02,4.4051752274e+03,5.9106951112e+03,0.0000000000e+00,2.3275900469e+06
1.2000000000e+13,3.2400000000e+02,4.4050456881e+03,5.9103337310e+03,0.0000000000e+00,2.3257573354e+06
1.2000000000e+13,3.2500000000e+02,4.4049159305e+03,5.9099723735e+03,0.0000000000e+00,2.3239270616e+06
1.2000000000e+13,3.2600000000e+02,4.4047859555e+03,5.9096110387e+03,0.0000000000e+00,2.3220992123e+06
1.2000000000e+13,3.2700000000e+02,4.4046557642e+03,5.9092497265e+03,0.0000000000e+00,2.3202737745e+06
1.2000000000e+13,3.2800000000e+02,4.4045253575e+03,5.9088884370e+03,0.0000000000e+00,2.3184507350e+06
1.2000000000e+13,3.2900000000e+02,4.4043947363e+03,5.9085271702e+03,0.0000000000e+00,2.3166300811e+06
1.2000000000e+13,3.3000000000e+02,4.4042639017e+03,5.9081659260e+03,0.0000000000e+00,2.3148117999e+06
1.2000000000e+13,3.3100000000e+02,4.4041328546e+03,5.9078047045e+03,0.0000000000e+00,2.3129958786e+06
1.2000000000e+13,3.3200000000e+02,4.4040015959e+03,5.9074435056e+03,0.0000000000e+00,2.3111823047e+06
1.2000000000e+13,3.3300000000e+02,4.4038701265e+03,5.9070823295e+03,0.0000000000e+00,2.3093710656e+06
1.2000000000e+13,3.3400000000e+02,4.4037384474e+03,5.9067211759e+03,0.0000000000e+00,2.3075621487e+06
1.2000000000e+13,3.3500000000e+02,4.4036065594e+03,5.9063600451e+03,0.0000000000e+00,2.3057555417e+06
1.2000000000e+13,3.3600000000e+02,4.4034744636e+03,5.9059989369e+03,0.0000000000e+00,2.3039512323e+06
1.2000000000e+13,3.3700000000e+02,4.4033421608e+03,5.9056378514e+03,0.0000000000e+00,2.3021492082e+06
1.2000000000e+13,3.3800000000e+02,4.4032096518e+03,5.9052767885e+03,0.0000000000e+00,2.3003494574e+06
1.2000000000e+13,3.3900000000e+02,4.4030769377e+03,5.9049157484e+03,0.0000000000e+00,2.2985519677e+06
1.2000000000e+13,3.4000000000e+02,4.4029440193e+03,5.9045547308e+03,0.0000000000e+00,2.2967567273e+06
1.2000000000e+13,3.4100000000e+02,4.4028108973e+03,5.9041937360e+03,0.0000000000e+00,2.2949637242e+06
1.2000000000e+13,3.4200000000e+02,4.4026775729e+03,5.9038327638e+03,0.0000000000e+00,2.2931729466e+06
1.2000000000e+13,3.4300000000e+02,4.4025440467e+03,5.9034718143e+03,0.0000000000e+00,2.2913843828e+06
1.2000000000e+13,3.4400000000e+02,4.4024103197e+03,5.9031108874e+03,0.0000000000e+00,2.2895980213e+06
1.2000000000e+13,3.4500000000e+02,4.4022763926e+03,5.9027499832e+03,0.0000000000e+00,2.2878138504e+06
1.2000000000e+13,3.4600000000e+02,4.4021422664e+03,5.9023891017e+03,0.0000000000e+00,2.2860318587e+06
1.2000000000e+13,3.4700000000e+02,4.4020079420e+03,5.9020282428e+03,0.0000000000e+00,2.2842520348e+06
1.2000000000e+13,3.4800000000e+02,4.4018734200e+03,5.9016674067e+03,0.0000000000e+00,2.2824743675e+06
1.2000000000e+13,3.4900000000e+02,4.4017387014e+03,5.9013065931e+03,0.0000000000e+00,2.2806988455e+06
1.2000000000e+13,3.5000000000e+02,4.4016037870e+03,5.9009458023e+03,0.0000000000e+00,2.2789254577e+06
1.2000000000e+13,3.5100000000e+02,4.4014686775e+03,5.9005850341e+03,0.0000000000e+00,2.2771541931e+06
1.2000000000e+13,3.5200000000e+02,4.4013333739e+03,5.9002242886e+03,0.0000000000e+00,2.2753850407e+06
1.2000000000e+13,3.5300000000e+02,4.4011978768e+03,5.8998635657e+03,0.0000000000e+00,2.2736179895e+06
1.2000000000e+13,3.5400000000e+02,4.4010621872e+03,5.8995028655e+03,0.0000000000e+00,2.2718530289e+06
1.2000000000e+13,3.5500000000e+02,4.4009263058e+03,5.8991421880e+03,0.0000000000e+00,2.2700901480e+06
1.2000000000e+13,3.5600000000e+02,4.4007902334e+03,5.8987815331e+03,0.0000000000e+00,2.2683293362e+06
1.2000000000e+13,3.5700000000e+02,4.4006539707e+03,5.8984209009e+03,0.0000000000e+00,2.2665705830e+06
1.2000000000e+13,3.5800000000e+02,4.4005175186e+03,5.8980602914e+03,0.0000000000e+00,2.2648138778e+06
1.2000000000e+13,3.5900000000e+02,4.4003808779e+03,5.8976997046e+03,0.0000000000e+00,2.2630592102e+06
1.2000000000e+13,3.6000000000e+02,4.4002440492e+03,5.8973391404e+03,0.0000000000e+00,2.2613065699e+06
1.2000000000e+13,3.6100000000e+02,4.4001070333e+03,5.8969785988e+03,0.0000000000e+00,2.2595559467e+06
1.2000000000e+13,3.6200000000e+02,4.3999698311e+03,5.8966180800e+03,0.0000000000e+00,2.2578073302e+06
1.2000000000e+13,3.6300000000e+02,4.3998324432e+03,5.8962575838e+03,0.0000000000e+00,2.2560607105e+06
1.2000000000e+13,3.6400000000e+02,4.3996948705e+03,5.8958971103e+03,0.0000000000e+00,2.2543160774e+06
1.2000000000e+13,3.6500000000e+02,4.3995571135e+03,5.8955366594e+03,0.0000000000e+00,2.2525734210e+06
1.2000000000e+13,3.6600000000e+02,4.3994191732e+03,5.8951762312e+03,0.0000000000e+00,2.2508327313e+06
1.2000000000e+13,3.6700000000e+02,4.3992810501e+03,5.8948158257e+03,0.0000000000e+00,2.2490939986e+06
1.2000000000e+13,3.6800000000e+02,4.3991427451e+03,5.8944554428e+03,0.0000000000e+00,2.2473572131e+06
1.2000000000e+13,3.6900000000e+02,4.3990042589e+03,5.8940950826e+03,0.0000000000e+00,2.2456223651e+06
1.2000000000e+13,3.7000000000e+02,4.3988655921e+03,5.8937347450e+03,0.0000000000e+00,2.2438894450e+06
1.2000000000e+13,3.7100000000e+02,4.3987267455e+03,5.8933744302e+03,0.0000000000e+00,2.2421584431e+06
1.2000000000e+13,3.7200000000e+02,4.3985877198e+03,5.8930141379e+03,0.0000000000e+00,2.2404293502e+06
1.2000000000e+13,3.7300000000e+02,4.3984485157e+03,5.8926538684e+03,0.0000000000e+00,2.2387021566e+06
1.2000000000e+13,3.7400000000e+02,4.3983091339e+03,5.8922936215e+03,0.0000000000e+00,2.2369768532e+06
1.2000000000e+13,3.7500000000e+02,4.3981695750e+03,5.8919333973e+03,0.0000000000e+00,2.2352534305e+06
1.2000000000e+13,3.7600000000e+02,4.3980298398e+03,5.8915731957e+03,0.0000000000e+00,2.2335318794e+06
1.2000000000e+13,3.7700000000e+02,4.3978899290e+03,5.8912130168e+03,0.0000000000e+00,2.2318121907e+06
1.2000000000e+13,3.7800000000e+02,4.3977498432e+03,5.8908528606e+03,0.0000000000e+00,2.2300943554e+06
1.2000000000e+13,3.7900000000e+02,4.3976095831e+03,5.8904927270e+03,0.0000000000e+00,2.2283783644e+06
1.2000000000e+13,3.8000000000e+02,4.3974691494e+03,5.8901326161e+03,0.0000000000e+00,2.2266642088e+06
1.2000000000e+13,3.8100000000e+02,4.3973285427e+03,5.8897725278e+03,0.0000000000e+00,2.2249518796e+06
1.2000000000e+13,3.8200000000e+02,4.3971877637e+03,5.8894124623e+03,0.0000000000e+00,2.2232413681e+06
1.2000000000e+13,3.8300000000e+02,4.3970468130e+03,5.8890524193e+03,0.0000000000e+00,2.2215326655e+06
1.2000000000e+13,3.8400000000e+02,4.3969056914e+03,5.8886923991e+03,0.0000000000e+00,2.2198257630e+06
1.2000000000e+13,3.8500000000e+02,4.3967643994e+03,5.8883324014e+03,0.0000000000e+00,2.2181206520e+06
1.2000000000e+13,3.8600000000e+02,4.3966229378e+03,5.8879724265e+03,0.0000000000e+00,2.2164173239e+06
1.2000000000e+13,3.8700000000e+02,4.3964813070e+03,5.8876124742e+03,0.0000000000e+00,2.2147157702e+06
1.2000000000e+13,3.8800000000e+02,4.3963395079e+03,5.8872525446e+03,0.0000000000e+00,2.2130159825e+06
1.2000000000e+13,3.8900000000e+02,4.3961975411e+03,5.8868926376e+03,0.0000000000e+00,2.2113081061e+06
1.2000000000e+13,3.9000000000e+02,4.3960554071e+03,5.8865327521e+03,0.0000000000e+00,2.2096032507e+06
1.2000000000e+13,3.9100000000e+02,4.3959131067e+03,5.8861728894e+03,0.0000000000e+00,2.2079010055e+06
1.2000000000e+13,3.9200000000e+02,4.3957706404e+03,5.8858130495e+03,0.0000000000e+00,2.2062011717e+06
1.2000000000e+13,3.9300000000e+02,4.3956280088e+03,5.8854532323e+03,0.0000000000e+00,2.2045036204e+06
1.2000000000e+13,3.9400000000e+02,4.3954852125e+03,5.8850934378e+03,0.0000000000e+00,2.2028082598e+06
1.2000000000e+13,3.9500000000e+02,4.3953422522e+03,5.8847336661e+03,0.0000000000e+00,2.2011150199e+06
1.2000000000e+13,3.9600000000e+02,4.3951991284e+03,5.8843739170e+03,0.0000000000e+00,2.1994238448e+06
1.2000000000e+13,3.9700000000e+02,4.3950558417e+03,5.8840141907e+03,0.0000000000e+00,2.1977346883e+06
1.2000000000e+13,3.9800000000e+02,4.3949123927e+03,5.8836544870e+03,0.0000000000e+00,2.1960475112e+06
1.2000000000e+13,3.9900000000e+02,4.3947687821e+03,5.8832948061e+03,0.0000000000e+00,2.1943622793e+06
1.2000000000e+13,4.0000000000e+02,4.3946250103e+03,5.8829351478e+03,0.0000000000e+00,2.1926789624e+06
1.2000000000e+13,4.0100000000e+02,4.3944810780e+03,5.8825755122e+03,0.0000000000e+00,2.1909975335e+06
1.2000000000e+13,4.0200000000e+02,4.3943369858e+03,5.8822158993e+03,0.0000000000e+00,2.1893179681e+06
1.2000000000e+13,4.0300000000e+02,4.3941927342e+03,5.8818563091e+03,0.0000000000e+00,2.1876402435e+06
1.2000000000e+13,4.0400000000e+02,4.3940483239e+03,5.8814967415e+03,0.0000000000e+00,2.1859643390e+06
1.2000000000e+13,4.0500000000e+02,4.3939037553e+03,5.8811371966e+03,0.0000000000e+00,2.1842902351e+06
1.2000000000e+13,4.0600000000e+02,4.3937590291e+03,5.8807776744e+03,0.0000000000e+00,2.1826179137e+06
1.2000000000e+13,4.0700000000e+02,4.3936141458e+03,5.8804181749e+03,0.0000000000e+00,2.1809473577e+06
1.2000000000e+13,4.0800000000e+02,4.3934691060e+03,5.8800586980e+03,0.0000000000e+00,2.1792785508e+06
1.2000000000e+13,4.0900000000e+02,4.3933239103e+03,5.8796992438e+03,0.0000000000e+00,2.1776114776e+06
1.2000000000e+13,4.1000000000e+02,4.3931785591e+03,5.8793398123e+03,0.0000000000e+00,2.1759461234e+06
1.2000000000e+13,4.1100000000e+02,4.3930330530e+03,5.8789804034e+03,0.0000000000e+00,2.1742824741e+06
1.2000000000e+13,4.1200000000e+02,4.3928873927e+03,5.8786210172e+03,0.0000000000e+00,2.1726205162e+06
1.2000000000e+13,4.1300000000e+02,4.3927415786e+03,5.8782616537e+03,0.0000000000e+00,2.1709602366e+06
1.2000000000e+13,4.1400000000e+02,4.3925956112e+03,5.8779023128e+03,0.0000000000e+00,2.1693016227e+06
1.2000000000e+13,4.1500000000e+02,4.3924494912e+03,5.8775429946e+03,0.0000000000e+00,2.1676446625e+06
1.2000000000e+13,4.1600000000e+02,4.3923032190e+03,5.8771836990e+03,0.0000000000e+00,2.1659893441e+06
1.2000000000e+13,4.1700000000e+02,4.3921567952e+03,5.8768244261e+03,0.0000000000e+00,2.1643356562e+06
1.2000000000e+13,4.1800000000e+02,4.3920102203e+03,5.8764651758e+03,0.0000000000e+00,2.1626835875e+06
1.2000000000e+13,4.1900000000e+02,4.3918634949e+03,5.8761059482e+03,0.0000000000e+00,2.1610331274e+06
1.2000000000e+13,4.2000000000e+02,4.3917166194e+03,5.8757467433e+03,0.0000000000e+00,2.1593842651e+06
1.2000000000e+13,4.2100000000e+02,4.3915695943e+03,5.8753875610e+03,0.0000000000e+00,2.1577369906e+06
1.2000000000e+13,4.2200000000e+02,4.3914224203e+03,5.8750284013e+03,0.0000000000e+00,2.1560912937e+06
1.2000000000e+13,4.2300000000e+02,4.3912750977e+03,5.8746692643e+03,0.0000000000e+00,2.1544471645e+06
1.2000000000e+13,4.2400000000e+02,4.3911276272e+03,5.8743101500e+03,0.0000000000e+00,2.1528045936e+06
1.2000000000e+13,4.2500000000e+02,4.3909800091e+03,5.8739510583e+03,0.0000000000e+00,2.1511635714e+06
1.2000000000e+13,4.2600000000e+02,4.3908322441e+03,5.8735919892e+03,0.0000000000e+00,2.1495240888e+06
1.2000000000e+13,4.2700000000e+02,4.3906843326e+03,5.8732329428e+03,0.0000000000e+00,2.1478861366e+06
1.2000000000e+13,4.2800000000e+02,4.3905362752e+03,5.8728739191e+03,0.0000000000e+00,2.1462497060e+06
1.2000000000e+13,4.2900000000e+02,4.3903880722e+03,5.8725149179e+03,0.0000000000e+00,2.1446147882e+06
1.2000000000e+13,4.3000000000e+02,4.3902397243e+03,5.8721559395e+03,0.0000000000e+00,2.1429813747e+06
1.2000000000e+13,4.3100000000e+02,4.3900912318e+03,5.8717969836e+03,0.0000000000e+00,2.1413494569e+06
1.2000000000e+13,4.3200000000e+02,4.3899425954e+03,5.8714380504e+03,0.0000000000e+00,2.1397190267e+06
1.2000000000e+13,4.3300000000e+02,4.3897938154e+03,5.8710791399e+03,0.0000000000e+00,2.1380900758e+06
1.2000000000e+13,4.3400000000e+02,4.3896448923e+03,5.8707202519e+03,0.0000000000e+00,2.1364625961e+06
1.2000000000e+13,4.3500000000e+02,4.3894958267e+03,5.8703613867e+03,0.0000000000e+00,2.1348365797e+06
1.2000000000e+13,4.3600000000e+02,4.3893466190e+03,5.8700025440e+03,0.0000000000e+00,2.1332120188e+06
1.2000000000e+13,4.3700000000e+02,4.3891972697e+03,5.8696437240e+03,0.0000000000e+00,2.1315889057e+06
1.2000000000e+13,4.3800000000e+02,4.3890477792e+03,5.8692849266e+03,0.0000000000e+00,2.1299672327e+06
1.2000000000e+13,4.3900000000e+02,4.3888981480e+03,5.8689261519e+03,0.0000000000e+00,2.1283469923e+06
1.2000000000e+13,4.4000000000e+02,4.3887483766e+03,5.8685673998e+03,0.0000000000e+00,2.1267281771e+06
1.2000000000e+13,4.4100000000e+02,4.3885984654e+03,5.8682086703e+03,0.0000000000e+00,2.1251107798e+06
1.2000000000e+13,4.4200000000e+02,4.3884484150e+03,5.8678499635e+03,0.0000000000e+00,2.1234947931e+06
1.2000000000e+13,4.4300000000e+02,4.3882982257e+03,5.8674912793e+03,0.0000000000e+00,2.1218802099e+06
1.2000000000e+13,4.4400000000e+02,4.3881478980e+03,5.8671326177e+03,0.0000000000e+00,2.1202670232e+06
1.2000000000e+13,4.4500000000e+02,4.3879974324e+03,5.8667739787e+03,0.0000000000e+00,2.1186552259e+06
1.2000000000e+13,4.4600000000e+02,4.3878468293e+03,5.8664153624e+03,0.0000000000e+00,2.1170448112e+06
1.2000000000e+13,4.4700000000e+02,4.3876960892e+03,5.8660567687e+03,0.0000000000e+00,2.1154357721e+06
1.2000000000e+13,4.4800000000e+02,4.3875452125e+03,5.8656981976e+03,0.0000000000e+00,2.1138281020e+06
1.2000000000e+13,4.4900000000e+02,4.3873941996e+03,5.8653396492e+03,0.0000000000e+00,2.1122217942e+06
1.2000000000e+13,4.5000000000e+02,4.3872430510e+03,5.8649811233e+03,0.0000000000e+00,2.1106168421e+06
1.2000000000e+13,4.5100000000e+02,4.3870917672e+03,5.8646226201e+03,0.0000000000e+00,2.1090132391e+06
1.2000000000e+13,4.5200000000e+02,4.3869403485e+03,5.8642641395e+03,0.0000000000e+00,2.1074109788e+06
1.2000000000e+13,4.5300000000e+02,4.3867887954e+03,5.8639056816e+03,0.0000000000e+00,2.1058100546e+06
1.2000000000e+13,4.5400000000e+02,4.3866371084e+03,5.8635472462e+03,0.0000000000e+00,2.1042104604e+06
1.2000000000e+13,4.5500000000e+02,4.3864852878e+03,5.8631888335e+03,0.0000000000e+00,2.1026121898e+06
1.2000000000e+13,4.5600000000e+02,4.3863333340e+03,5.8628304434e+03,0.0000000000e+00,2.1010152365e+06
1.2000000000e+13,4.5700000000e+02,4.3861812476e+03,5.8624720759e+03,0.0000000000e+00,2.0994195944e+06
1.2000000000e+13,4.5800000000e+02,4.3860290289e+03,5.8621137310e+03,0.0000000000e+00,2.0978252574e+06
1.2000000000e+13,4.5900000000e+02,4.3858766784e+03,5.8617554088e+03,0.0000000000e+00,2.0962322195e+06
1.2000000000e+13,4.6000000000e+02,4.3857241964e+03,5.8613971091e+03,0.0000000000e+00,2.0946404745e+06
1.2000000000e+13,4.6100000000e+02,4.3855715834e+03,5.8610388321e+03,0.0000000000e+00,2.0930500167e+06
1.2000000000e+13,4.6200000000e+02,4.3854188398e+03,5.8606805777e+03,0.0000000000e+00,2.0914608399e+06
1.2000000000e+13,4.6300000000e+02,4.3852659659e+03,5.8603223459e+03,0.0000000000e+00,2.0898729386e+06
1.2000000000e+13,4.6400000000e+02,4.3851129623e+03,5.8599641367e+03,0.0000000000e+00,2.0882863067e+06
1.2000000000e+13,4.6500000000e+02,4.3849598293e+03,5.8596059501e+03,0.0000000000e+00,2.0867009386e+06
1.2000000000e+13,4.6600000000e+02,4.3848065673e+03,5.8592477861e+03,0.0000000000e+00,2.0851168286e+06
1.2000000000e+13,4.6700000000e+02,4.3846531768e+03,5.8588896448e+03,0.0000000000e+00,2.0835339709e+06
1.2000000000e+13,4.6800000000e+02,4.3844996580e+03,5.8585315260e+03,0.0000000000e+00,2.0819523601e+06
1.2000000000e+13,4.6900000000e+02,4.3843460115e+03,5.8581734298e+03,0.0000000000e+00,2.0803719905e+06
1.2000000000e+13,4.7000000000e+02,4.3841922376e+03,5.8578153563e+03,0.0000000000e+00,2.0787928566e+06
1.2000000000e+13,4.7100000000e+02,4.3840383366e+03,5.8574573053e+03,0.0000000000e+00,2.0772149530e+06
1.2000000000e+13,4.7200000000e+02,4.3838843091e+03,5.8570992770e+03,0.0000000000e+00,2.0756382741e+06
1.2000000000e+13,4.7300000000e+02,4.3837301553e+03,5.8567412712e+03,0.0000000000e+00,2.0740628147e+06
1.2000000000e+13,4.7400000000e+02,4.3835758758e+03,5.8563832881e+03,0.0000000000e+00,2.0724885693e+06
1.2000000000e+13,4.7500000000e+02,4.3834214707e+03,5.8560253275e+03,0.0000000000e+00,2.0709155326e+06
1.2000000000e+13,4.7600000000e+02,4.3832669407e+03,5.8556673896e+03,0.0000000000e+00,2.0693436994e+06
1.2000000000e+13,4.7700000000e+02,4.3831122859e+03,5.8553094742e+03,0.0000000000e+00,2.0677730643e+06
1.2000000000e+13,4.7800000000e+02,4.3829575068e+03,5.8549515815e+03,0.0000000000e+00,2.0662036224e+06
1.2000000000e+13,4.7900000000e+02,4.3828026038e+03,5.8545937113e+03,0.0000000000e+00,2.0646353682e+06
1.2000000000e+13,4.8000000000e+02,4.3826475773e+03,5.8542358638e+03,0.0000000000e+00,2.0630682968e+06
1.2000000000e+13,4.8100000000e+02,4.3824924275e+03,5.8538780388e+03,0.0000000000e+00,2.0615024030e+06
1.2000000000e+13,4.8200000000e+02,4.3823371550e+03,5.8535202364e+03,0.0000000000e+00,2.0599376819e+06
1.2000000000e+13,4.8300000000e+02,4.3821817600e+03,5.8531624566e+03,0.0000000000e+00,2.0583741283e+06
1.2000000000e+13,4.8400000000e+02,4.3820262430e+03,5.8528046994e+03,0.0000000000e+00,2.0568117373e+06
1.2000000000e+13,4.8500000000e+02,4.3818706043e+03,5.8524469648e+03,0.0000000000e+00,2.0552505039e+06
1.2000000000e+13,4.8600000000e+02,4.3817148442e+03,5.8520892528e+03,0.0000000000e+00,2.0536904232e+06
1.2000000000e+13,4.8700000000e+02,4.3815589631e+03,5.8517315633e+03,0.0000000000e+00,2.0521314904e+06
1.2000000000e+13,4.8800000000e+02,4.3814029615e+03,5.8513738965e+03,0.0000000000e+00,2.0505737006e+06
1.2000000000e+13,4.8900000000e+02,4.3812468395e+03,5.8510162522e+03,0.0000000000e+00,2.0490170489e+06
1.2000000000e+13,4.9000000000e+02,4.3810905977e+03,5.8506586306e+03,0.0000000000e+00,2.0474615307e+06
1.2000000000e+13,4.9100000000e+02,4.3809342363e+03,5.8503010315e+03,0.0000000000e+00,2.0459071410e+06
1.2000000000e+13,4.9200000000e+02,4.3807777557e+03,5.8499434550e+03,0.0000000000e+00,2.0443538753e+06
1.2000000000e+13,4.9300000000e+02,4.3806211563e+03,5.8495859010e+03,0.0000000000e+00,2.0428017287e+06
1.2000000000e+13,4.9400000000e+02,4.3804644384e+03,5.8492283697e+03,0.0000000000e+00,2.0412506967e+06
1.2000000000e+13,4.9500000000e+02,4.3803076023e+03,5.8488708609e+03,0.0000000000e+00,2.0397007745e+06
1.2000000000e+13,4.9600000000e+02,4.3801506485e+03,5.8485133747e+03,0.0000000000e+00,2.0381519577e+06
1.2000000000e+13,4.9700000000e+02,4.3799935772e+03,5.8481559111e+03,0.0000000000e+00,2.0366042416e+06
1.2000000000e+13,4.9800000000e+02,4.3798363888e+03,5.8477984700e+03,0.0000000000e+00,2.0350576216e+06
1.2000000000e+13,4.9900000000e+02,4.3796790836e+03,5.8474410516e+03,0.0000000000e+00,2.0335120932e+06
1.2000000000e+13,5.0000000000e+02,4.3795216619e+03,5.8470836557e+03,0.0000000000e+00,2.0319676520e+06
1.2000000000e+13,5.0100000000e+02,4.3793641242e+03,5.8467262823e+03,0.0000000000e+00,2.0304242934e+06
1.2000000000e+13,5.0200000000e+02,4.3792064707e+03,5.8463689316e+03,0.0000000000e+00,2.0288820131e+06
1.2000000000e+13,5.0300000000e+02,4.3790487018e+03,5.8460116034e+03,0.0000000000e+00,2.0273408066e+06
1.2000000000e+13,5.0400000000e+02,4.3788908178e+03,5.8456542978e+03,0.0000000000e+00,2.0258006694e+06
1.2000000000e+13,5.0500000000e+02,4.3787328191e+03,5.8452970147e+03,0.0000000000e+00,2.0242615973e+06
1.2000000000e+13,5.0600000000e+02,4.3785747059e+03,5.8449397542e+03,0.0000000000e+00,2.0227235859e+06
1.2000000000e+13,5.0700000000e+02,4.3784164786e+03,5.8445825163e+03,0.0000000000e+00,2.0211866309e+06
1.2000000000e+13,5.0800000000e+02,4.3782581375e+03,5.8442253010e+03,0.0000000000e+00,2.0196507280e+06
1.2000000000e+13,5.0900000000e+02,4.3780996830e+03,5.8438681082e+03,0.0000000000e+00,2.0181158730e+06
1.2000000000e+13,5.1000000000e+02,4.3779411153e+03,5.8435109379e+03,0.0000000000e+00,2.0165820615e+06
1.2000000000e+13,5.1100000000e+02,4.3777824349e+03,5.8431537903e+03,0.0000000000e+00,2.0150492894e+06
1.2000000000e+13,5.1200000000e+02,4.3776236419e+03,5.8427966652e+03,0.0000000000e+00,2.0135175524e+06
1.2000000000e+13,5.1300000000e+02,4.3774647368e+03,5.8424395626e+03,0.0000000000e+00,2.0119868465e+06
1.2000000000e+13,5.1400000000e+02,4.3773057198e+03,5.8420824826e+03,0.0000000000e+00,2.0104571674e+06
1.2000000000e+13,5.1500000000e+02,4.3771465913e+03,5.8417254252e+03,0.0000000000e+00,2.0089285111e+06
1.2000000000e+13,5.1600000000e+02,4.3769873516e+03,5.8413683903e+03,0.0000000000e+00,2.0074008734e+06
1.2000000000e+13,5.1700000000e+02,4.3768280010e+03,5.8410113780e+03,0.0000000000e+00,2.0058742502e+06
1.2000000000e+13,5.1800000000e+02,4.3766685397e+03,5.8406543882e+03,0.0000000000e+00,2.0043486375e+06
1.2000000000e+13,5.1900000000e+02,4.3765089682e+03,5.8402974210e+03,0.0000000000e+00,2.0028240312e+06
1.2000000000e+13,5.2000000000e+02,4.3763492867e+03,5.8399404763e+03,0.0000000000e+00,2.0013004274e+06
1.2000000000e+13,5.2100000000e+02,4.3761894955e+03,5.8395835542e+03,0.0000000000e+00,1.9997778220e+06
1.2000000000e+13,5.2200000000e+02,4.3760295950e+03,5.8392266546e+03,0.0000000000e+00,1.9982562110e+06
1.2000000000e+13,5.2300000000e+02,4.3758695854e+03,5.8388697776e+03,0.0000000000e+00,1.9967355906e+06
1.2000000000e+13,5.2400000000e+02,4.3757094670e+03,5.8385129231e+03,0.0000000000e+00,1.9952159568e+06
1.2000000000e+13,5.2500000000e+02,4.3755492401e+03,5.8381560912e+03,0.0000000000e+00,1.9936973056e+06
1.2000000000e+13,5.2600000000e+02,4.3753889051e+03,5.8377992818e+03,0.0000000000e+00,1.9921796331e+06
1.2000000000e+13,5.2700000000e+02,4.3752284623e+03,5.8374424949e+03,0.0000000000e+00,1.9906629356e+06
1.2000000000e+13,5.2800000000e+02,4.3750679118e+03,5.8370857306e+03,0.0000000000e+00,1.9891472091e+06
1.2000000000e+13,5.2900000000e+02,4.3749072541e+03,5.8367289888e+03,0.0000000000e+00,1.9876324499e+06
1.2000000000e+13,5.3000000000e+02,4.3747464894e+03,5.8363722696e+03,0.0000000000e+00,1.9861186540e+06
1.2000000000e+13,5.3100000000e+02,4.3745856181e+03,5.8360155729e+03,0.0000000000e+00,1.9846058177e+06
1.2000000000e+13,5.3200000000e+02,4.3744246403e+03,5.8356588987e+03,0.0000000000e+00,1.9830939372e+06
1.2000000000e+13,5.3300000000e+02,4.3742635564e+03,5.8353022471e+03,0.0000000000e+00,1.9815830088e+06
1.2000000000e+13,5.3400000000e+02,4.3741023668e+03,5.8349456180e+03,0.0000000000e+00,1.9800730288e+06
1.2000000000e+13,5.3500000000e+02,4.3739410715e+03,5.8345890114e+03,0.0000000000e+00,1.9785639933e+06
1.2000000000e+13,5.3600000000e+02,4.3737796711e+03,5.8342324274e+03,0.0000000000e+00,1.9770558988e+06
1.2000000000e+13,5.3700000000e+02,4.3736181657e+03,5.8338758659e+03,0.0000000000e+00,1.9755487414e+06
1.2000000000e+13,5.3800000000e+02,4.3734565556e+03,5.8335193269e+03,0.0000000000e+00,1.9740425177e+06
1.2000000000e+13,5.3900000000e+02,4.3732948411e+03,5.8331628105e+03,0.0000000000e+00,1.9725372238e+06
1.2000000000e+13,5.4000000000e+02,4.3731330225e+03,5.8328063166e+03,0.0000000000e+00,1.9710328562e+06
1.2000000000e+13,5.4100000000e+02,4.3729711001e+03,5.8324498452e+03,0.0000000000e+00,1.9695294112e+06
1.2000000000e+13,5.4200000000e+02,4.3728090741e+03,5.8320933963e+03,0.0000000000e+00,1.9680268854e+06
1.2000000000e+13,5.4300000000e+02,4.3726469449e+03,5.8317369700e+03,0.0000000000e+00,1.9665252750e+06
1.2000000000e+13,5.4400000000e+02,4.3724847126e+03,5.8313805661e+03,0.0000000000e+00,1.9650245765e+06
1.2000000000e+13,5.4500000000e+02,4.3723223776e+03,5.8310241848e+03,0.0000000000e+00,1.9635247863e+06
1.2000000000e+13,5.4600000000e+02,4.3721599402e+03,5.8306678260e+03,0.0000000000e+00,1.9620259011e+06
1.2000000000e+13,5.4700000000e+02,4.3719974006e+03,5.8303114897e+03,0.0000000000e+00,1.9605279171e+06
1.2000000000e+13,5.4800000000e+02,4.3718347591e+03,5.8299551760e+03,0.0000000000e+00,1.9590308310e+06
1.2000000000e+13,5.4900000000e+02,4.3716720159e+03,5.8295988847e+03,0.0000000000e+00,1.9575346392e+06
1.2000000000e+13,5.5000000000e+02,4.3715091714e+03,5.8292426160e+03,0.0000000000e+00,1.9560393382e+06
1.2000000000e+13,5.5100000000e+02,4.3713462258e+03,5.8288863698e+03,0.0000000000e+00,1.9545449247e+06
1.2000000000e+13,5.5200000000e+02,4.3711831793e+03,5.8285301461e+03,0.0000000000e+00,1.9530513952e+06
1.2000000000e+13,5.5300000000e+02,4.3710200323e+03,5.8281739449e+03,0.0000000000e+00,1.9515587463e+06
1.2000000000e+13,5.5400000000e+02,4.3708567849e+03,5.8278177662e+03,0.0000000000e+00,1.9500669745e+06
1.2000000000e+13,5.5500000000e+02,4.3706934376e+03,5.8274616100e+03,0.0000000000e+00,1.9485760765e+06
1.2000000000e+13,5.5600000000e+02,4.3705299904e+03,5.8271054763e+03,0.0000000000e+00,1.9470860490e+06
1.2000000000e+13,5.5700000000e+02,4.3703664437e+03,5.8267493652e+03,0.0000000000e+00,1.9455968884e+06
1.2000000000e+13,5.5800000000e+02,4.3702027977e+03,5.8263932765e+03,0.0000000000e+00,1.9441085915e+06
1.2000000000e+13,5.5900000000e+02,4.3700390528e+03,5.8260372103e+03,0.0000000000e+00,1.9426211551e+06
1.2000000000e+13,5.6000000000e+02,4.3698752090e+03,5.8256811666e+03,0.0000000000e+00,1.9411345756e+06
1.2000000000e+13,5.6100000000e+02,4.3697112668e+03,5.8253251455e+03,0.0000000000e+00,1.9396488499e+06
1.2000000000e+13,5.6200000000e+02,4.3695472264e+03,5.8249691468e+03,0.0000000000e+00,1.9381639747e+06
1.2000000000e+13,5.6300000000e+02,4.3693830879e+03,5.8246131706e+03,0.0000000000e+00,1.9366799467e+06
1.2000000000e+13,5.6400000000e+02,4.3692188518e+03,5.8242572169e+03,0.0000000000e+00,1.9351967626e+06
1.2000000000e+13,5.6500000000e+02,4.3690545181e+03,5.8239012857e+03,0.0000000000e+00,1.9337144192e+06
1.2000000000e+13,5.6600000000e+02,4.3688900872e+03,5.8235453770e+03,0.0000000000e+00,1.9322329132e+06
1.2000000000e+13,5.6700000000e+02,4.3687255594e+03,5.8231894908e+03,0.0000000000e+00,1.9307522415e+06
1.2000000000e+13,5.6800000000e+02,4.3685609348e+03,5.8228336271e+03,0.0000000000e+00,1.9292724008e+06
1.2000000000e+13,5.6900000000e+02,4.3683962137e+03,5.8224777859e+03,0.0000000000e+00,1.9277933879e+06
1.2000000000e+13,5.7000000000e+02,4.3682313963e+03,5.8221219671e+03,0.0000000000e+00,1.9263323740e+06
1.2000000000e+13,5.7100000000e+02,4.3680664828e+03,5.8217661734e+03,0.0000000000e+00,1.9248686706e+06
1.2000000000e+13,5.7200000000e+02,4.3679014735e+03,5.8214104017e+03,0.0000000000e+00,1.9234036894e+06
1.2000000000e+13,5.7300000000e+02,4.3677363686e+03,5.8210546521e+03,0.0000000000e+00,1.9219381197e+06
1.2000000000e+13,5.7400000000e+02,4.3675711685e+03,5.8206989248e+03,0.0000000000e+00,1.9204723054e+06
1.2000000000e+13,5.7500000000e+02,4.3674058733e+03,5.8203432198e+03,0.0000000000e+00,1.9190064500e+06
1.2000000000e+13,5.7600000000e+02,4.3672404833e+03,5.8199875371e+03,0.0000000000e+00,1.9175406883e+06
1.2000000000e+13,5.7700000000e+02,4.3670749988e+03,5.8196318768e+03,0.0000000000e+00,1.9160751164e+06
1.2000000000e+13,5.7800000000e+02,4.3669094199e+03,5.8192762389e+03,0.0000000000e+00,1.9146098065e+06
1.2000000000e+13,5.7900000000e+02,4.3667437470e+03,5.8189206234e+03,0.0000000000e+00,1.9131448146e+06
1.2000000000e+13,5.8000000000e+02,4.3665779803e+03,5.8185650303e+03,0.0000000000e+00,1.9116801854e+06
1.2000000000e+13,5.8100000000e+02,4.3664121199e+03,5.8182094596e+03,0.0000000000e+00,1.9102159554e+06
1.2000000000e+13,5.8200000000e+02,4.3662461662e+03,5.8178539113e+03,0.0000000000e+00,1.9087521549e+06
1.2000000000e+13,5.8300000000e+02,4.3660801193e+03,5.8174983854e+03,0.0000000000e+00,1.9072888092e+06
1.2000000000e+13,5.8400000000e+02,4.3659139796e+03,5.8171428820e+03,0.0000000000e+00,1.9058259402e+06
1.2000000000e+13,5.8500000000e+02,4.3657477471e+03,5.8167874009e+03,0.0000000000e+00,1.9043635661e+06
1.2000000000e+13,5.8600000000e+02,4.3655814223e+03,5.8164319423e+03,0.0000000000e+00,1.9029017032e+06
1.2000000000e+13,5.8700000000e+02,4.3654150052e+03,5.8160765061e+03,0.0000000000e+00,1.9014403653e+06
1.2000000000e+13,5.8800000000e+02,4.3652484961e+03,5.8157210923e+03,6.1373234736e+04,1.8999795645e+06
1.2000000000e+13,5.8900000000e+02,4.3650818953e+03,5.8154448089e+03,9.2982548057e+04,1.8986567887e+06
1.2000000000e+13,5.9000000000e+02,4.3649152013e+03,5.8151970730e+03,1.1411734204e+05,1.8974879016e+06
1.2000000000e+13,5.9100000000e+02,4.3647484135e+03,5.8149654147e+03,1.3083133710e+05,1.8964729175e+06
1.2000000000e+13,5.9200000000e+02,4.3645815314e+03,5.8147451015e+03,1.4495257814e+05,1.8956084674e+06
1.2000000000e+13,5.9300000000e+02,4.3644145546e+03,5.8145335607e+03,1.5732514228e+05,1.8948902045e+06
1.2000000000e+13,5.9400000000e+02,4.3642474831e+03,5.8143291596e+03,1.6842048321e+05,1.8943135994e+06
1.2000000000e+13,5.9500000000e+02,4.3640803166e+03,5.8141307642e+03,1.7853267658e+05,1.8938742429e+06
1.2000000000e+13,5.9600000000e+02,4.3639130551e+03,5.8139375393e+03,1.8785975021e+05,1.8935679619e+06
1.2000000000e+13,5.9700000000e+02,4.3637456986e+03,5.8137488423e+03,1.9654299763e+05,1.8933908594e+06
1.2000000000e+13,5.9800000000e+02,4.3635782469e+03,5.8135641637e+03,2.0468636118e+05,1.8933393198e+06
1.2000000000e+13,5.9900000000e+02,4.3634107002e+03,5.8133830888e+03,2.1236782098e+05,1.9093661954e+06
1.2000000000e+13,6.0000000000e+02,4.3632432379e+03,5.8132046671e+03,2.1967513460e+05,1.9093767782e+06
1.2000000000e+13,6.0100000000e+02,4.3630755855e+03,5.8130280103e+03,2.2667880194e+05,1.9252416592e+06
1.2000000000e+13,6.0200000000e+02,4.3629079971e+03,5.8128535045e+03,2.3339216443e+05,1.9252793690e+06
1.2000000000e+13,6.0300000000e+02,4.3627402117e+03,5.8126804035e+03,2.3986579333e+05,1.9409836178e+06
1.2000000000e+13,6.0400000000e+02,4.3625724837e+03,5.8125090861e+03,2.4610568838e+05,1.9410325166e+06
1.2000000000e+13,6.0500000000e+02,4.3624045541e+03,5.8123389072e+03,2.5215238847e+05,1.9565776427e+06
1.2000000000e+13,6.0600000000e+02,4.3622366786e+03,5.8121702331e+03,2.5800651569e+05,1.9566243236e+06
1.2000000000e+13,6.0700000000e+02,4.3620686009e+03,5.8120024952e+03,2.6369915933e+05,1.9720119567e+06
1.2000000000e+13,6.0800000000e+02,4.3619005738e+03,5.8118360440e+03,2.6922950087e+05,1.9720446562e+06
1.2000000000e+13,6.0900000000e+02,4.3617323442e+03,5.8116703707e+03,2.7462407125e+05,1.9872765284e+06
1.2000000000e+13,6.1000000000e+02,4.3615641626e+03,5.8115058106e+03,2.7988034903e+05,1.9872841138e+06
1.2000000000e+13,6.1100000000e+02,4.3613957789e+03,5.8113419028e+03,2.8502025131e+05,2.0023620521e+06
1.2000000000e+13,6.1200000000e+02,4.3612274407e+03,5.8111789678e+03,2.9003953168e+05,2.0023337109e+06
1.2000000000e+13,6.1300000000e+02,4.3610589015e+03,5.8110165837e+03,2.9495690445e+05,2.0023821241e+06
1.2000000000e+13,6.1400000000e+02,4.3608902422e+03,5.8108556698e+03,2.9975039265e+05,2.0173075572e+06
1.2000000000e+13,6.1500000000e+02,4.3607216371e+03,5.8106955396e+03,3.0444594712e+05,2.0173428385e+06
1.2000000000e+13,6.1600000000e+02,4.3605528375e+03,5.8105358229e+03,3.0905876848e+05,2.0321171532e+06
1.2000000000e+13,6.1700000000e+02,4.3603840822e+03,5.8103768017e+03,3.1358461586e+05,2.0321056804e+06
1.2000000000e+13,6.1800000000e+02,4.3602151302e+03,5.8102181327e+03,3.1803684574e+05,2.0321630108e+06
1.2000000000e+13,6.1900000000e+02,4.3600460604e+03,5.8100606889e+03,3.2239456686e+05,2.0467876269e+06
1.2000000000e+13,6.2000000000e+02,4.3598770417e+03,5.8099038149e+03,3.2667927513e+05,2.0468158416e+06
1.2000000000e+13,6.2100000000e+02,4.3597078321e+03,5.8097472030e+03,3.3090156014e+05,2.0612924493e+06
1.2000000000e+13,6.2200000000e+02,4.3595386638e+03,5.8095911034e+03,3.3505719716e+05,2.0612552952e+06
1.2000000000e+13,6.2300000000e+02,4.3593693026e+03,5.8094352273e+03,3.3915622641e+05,2.0612798045e+06
1.2000000000e+13,6.2400000000e+02,4.3591998248e+03,5.8092804060e+03,3.4317924478e+05,2.0756103115e+06
1.2000000000e+13,6.2500000000e+02,4.3590303948e+03,5.8091260090e+03,3.4714501869e+05,2.0755872006e+06
1.2000000000e+13,6.2600000000e+02,4.3588607772e+03,5.8089717733e+03,3.5106217854e+05,2.0756243459e+06
1.2000000000e+13,6.2700000000e+02,4.3586910459e+03,5.8088185068e+03,3.5491218804e+05,2.0898099586e+06
1.2000000000e+13,6.2800000000e+02,4.3585213620e+03,5.8086655916e+03,3.5871252134e+05,2.0897958337e+06
1.2000000000e+13,6.2900000000e+02,4.3583514932e+03,5.8085127875e+03,3.6247063004e+05,2.0898383570e+06
1.2000000000e+13,6.3000000000e+02,4.3581815123e+03,5.8083608804e+03,3.6616879825e+05,2.1038803938e+06
1.2000000000e+13,6.3100000000e+02,4.3580115775e+03,5.8082092642e+03,3.6982340016e+05,2.1038648128e+06
1.2000000000e+13,6.3200000000e+02,4.3578414601e+03,5.8080577184e+03,3.7344093807e+05,2.1039021713e+06
1.2000000000e+13,6.3300000000e+02,4.3576712318e+03,5.8079070086e+03,3.7700448504e+05,2.1178021494e+06
1.2000000000e+13,6.3400000000e+02,4.3575010483e+03,5.8077565395e+03,3.8052947731e+05,2.1177734890e+06
1.2000000000e+13,6.3500000000e+02,4.3573306843e+03,5.8076061077e+03,3.8402164926e+05,2.1177944135e+06
1.2000000000e+13,6.3600000000e+02,4.3571602102e+03,5.8074564601e+03,3.8746471255e+05,2.1315540659e+06
1.2000000000e+13,6.3700000000e+02,4.3569897797e+03,5.8073070113e+03,3.9087307638e+05,2.1315006210e+06
1.2000000000e+13,6.3800000000e+02,4.3568191710e+03,5.8071575729e+03,3.9425188289e+05,2.1314939053e+06
1.2000000000e+13,6.3900000000e+02,4.3566484528e+03,5.8070088741e+03,3.9758561358e+05,2.1451151790e+06
1.2000000000e+13,6.4000000000e+02,4.3564777769e+03,5.8068603390e+03,4.0088811995e+05,2.1450255806e+06
1.2000000000e+13,6.4100000000e+02,4.3563069250e+03,5.8067117922e+03,4.0416407790e+05,2.1449804097e+06
1.2000000000e+13,6.4200000000e+02,4.3561359649e+03,5.8065639469e+03,4.0739858233e+05,2.1449955331e+06
1.2000000000e+13,6.4300000000e+02,4.3559649049e+03,5.8064167831e+03,4.1059303446e+05,2.1584804268e+06
1.2000000000e+13,6.4400000000e+02,4.3557938892e+03,5.8062697343e+03,4.1376053358e+05,2.1584247864e+06
1.2000000000e+13,6.4500000000e+02,4.3556227017e+03,5.8061226416e+03,4.1690511093e+05,2.1584119285e+06
1.2000000000e+13,6.4600000000e+02,4.3554514086e+03,5.8059761966e+03,4.2001265138e+05,2.1584569281e+06
1.2000000000e+13,6.4700000000e+02,4.3552800180e+03,5.8058303817e+03,4.2308434370e+05,2.1718058481e+06
1.2000000000e+13,6.4800000000e+02,4.3551086711e+03,5.8056846411e+03,4.2613255802e+05,2.1717781205e+06
1.2000000000e+13,6.4900000000e+02,4.3549371549e+03,5.8055388305e+03,4.2916078866e+05,2.1717893075e+06
1.2000000000e+13,6.5000000000e+02,4.3547655348e+03,5.8053936218e+03,4.3215565006e+05,2.1850035569e+06
1.2000000000e+13,6.5100000000e+02,4.3545939542e+03,5.8052484686e+03,4.3512898954e+05,2.1849177279e+06
1.2000000000e+13,6.5200000000e+02,4.3544222052e+03,5.8051032359e+03,4.3808398714e+05,2.1848663830e+06
1.2000000000e+13,6.5300000000e+02,4.3542503523e+03,5.8049585830e+03,4.4100773168e+05,2.1848662987e+06
1.2000000000e+13,6.5400000000e+02,4.3540784028e+03,5.8048144954e+03,4.4390113921e+05,2.1979484573e+06
1.2000000000e+13,6.5500000000e+02,4.3539064941e+03,5.8046704348e+03,4.4677550849e+05,2.1978588461e+06
1.2000000000e+13,6.5600000000e+02,4.3537344207e+03,5.8045262772e+03,4.4963365158e+05,2.1978029626e+06
1.2000000000e+13,6.5700000000e+02,4.3535622455e+03,5.8043826650e+03,4.5246325841e+05,2.1977969640e+06
1.2000000000e+13,6.5800000000e+02,4.3533899754e+03,5.8042395852e+03,4.5526513049e+05,2.2107485098e+06
1.2000000000e+13,6.5900000000e+02,4.3532177452e+03,5.8040965080e+03,4.5805005906e+05,2.2106494410e+06
1.2000000000e+13,6.6000000000e+02,4.3530453528e+03,5.8039533197e+03,4.6082052798e+05,2.2105817566e+06
1.2000000000e+13,6.6100000000e+02,4.3528728601e+03,5.8038106471e+03,4.6356478448e+05,2.2105617692e+06
1.2000000000e+13,6.6200000000e+02,4.3527002738e+03,5.8036684783e+03,4.6628353584e+05,2.2105963228e+06
1.2000000000e+13,6.6300000000e+02,4.3525275976e+03,5.8035268006e+03,4.6897746700e+05,2.2234185821e+06
1.2000000000e+13,6.6400000000e+02,4.3523549611e+03,5.8033850941e+03,4.7165680125e+05,2.2233687400e+06
1.2000000000e+13,6.6500000000e+02,4.3521821667e+03,5.8032432571e+03,4.7432367541e+05,2.2233481830e+06
1.2000000000e+13,6.6600000000e+02,4.3520092738e+03,5.8031018967e+03,4.7696698134e+05,2.2233722885e+06
1.2000000000e+13,6.6700000000e+02,4.3518362895e+03,5.8029610024e+03,4.7958732819e+05,2.2360654977e+06
1.2000000000e+13,6.6800000000e+02,4.3516633424e+03,5.8028200629e+03,4.8219450878e+05,2.2359906915e+06
1.2000000000e+13,6.6900000000e+02,4.3514902392e+03,5.8026789851e+03,4.8479038994e+05,2.2359410462e+06
1.2000000000e+13,6.7000000000e+02,4.3513170382e+03,5.8025383625e+03,4.8736426928e+05,2.2359328589e+06
1.2000000000e+13,6.7100000000e+02,4.3511437462e+03,5.8023981857e+03,4.8991664349e+05,2.2359732986e+06
1.2000000000e+13,6.7200000000e+02,4.3509703668e+03,5.8022584443e+03,4.9244803791e+05,2.2485392249e+06
1.2000000000e+13,6.7300000000e+02,4.3507970247e+03,5.8021186357e+03,4.9496782021e+05,2.2484857121e+06
1.2000000000e+13,6.7400000000e+02,4.3506235296e+03,5.8019786761e+03,4.9747768269e+05,2.2484556989e+06
1.2000000000e+13,6.7500000000e+02,4.3504499386e+03,5.8018391426e+03,4.9996750626e+05,2.2484650089e+06
1.2000000000e+13,6.7600000000e+02,4.3502762583e+03,5.8017000265e+03,5.0243772116e+05,2.2609047563e+06
1.2000000000e+13,6.7700000000e+02,4.3501026129e+03,5.8015608330e+03,5.0489734781e+05,2.2608044288e+06
1.2000000000e+13,6.7800000000e+02,4.3499288161e+03,5.8014214849e+03,5.0734791020e+05,2.2607240734e+06
1.2000000000e+13,6.7900000000e+02,4.3497549243e+03,5.8012825481e+03,5.0977965496e+05,2.2606804965e+06
1.2000000000e+13,6.8000000000e+02,4.3495809438e+03,5.8011440148e+03,5.1219297021e+05,2.2606812606e+06
1.2000000000e+13,6.8100000000e+02,4.3494068774e+03,5.8010058762e+03,5.1458827062e+05,2.2729976115e+06
1.2000000000e+13,6.8200000000e+02,4.3492328459e+03,5.8008676448e+03,5.1697420726e+05,2.2728934142e+06
1.2000000000e+13,6.8300000000e+02,4.3490586662e+03,5.8007292509e+03,5.1935211581e+05,2.2728086656e+06
1.2000000000e+13,6.8400000000e+02,4.3488843932e+03,5.8005912464e+03,5.2171268361e+05,2.2727596609e+06
1.2000000000e+13,6.8500000000e+02,4.3487100332e+03,5.8004536241e+03,5.2405626155e+05,2.2727537188e+06
1.2000000000e+13,6.8600000000e+02,4.3485355886e+03,5.8003163759e+03,5.2638321350e+05,2.2727947302e+06
1.2000000000e+13,6.8700000000e+02,4.3483610617e+03,5.8001794935e+03,5.2869390193e+05,2.2849887229e+06
1.2000000000e+13,6.8800000000e+02,4.3481865694e+03,5.8000424983e+03,5.3099656765e+05,2.2849321702e+06
1.2000000000e+13,6.8900000000e+02,4.3480119320e+03,5.7999053294e+03,5.3329234159e+05,2.2848935253e+06
1.2000000000e+13,6.9000000000e+02,4.3478372032e+03,5.7997685218e+03,5.3557241269e+05,2.2848884437e+06
1.2000000000e+13,6.9100000000e+02,4.3476623890e+03,5.7996320689e+03,5.3783708326e+05,2.2849239761e+06
1.2000000000e+13,6.9200000000e+02,4.3474874926e+03,5.7994959636e+03,5.4008666660e+05,2.2969954511e+06
1.2000000000e+13,6.9300000000e+02,4.3473126289e+03,5.7993597353e+03,5.4232908196e+05,2.2969232976e+06
1.2000000000e+13,6.9400000000e+02,4.3471376221e+03,5.7992233295e+03,5.4456531646e+05,2.2968655046e+06
1.2000000000e+13,6.9500000000e+02,4.3469625250e+03,5.7990872690e+03,5.4678692466e+05,2.2968383665e+06
1.2000000000e+13,6.9600000000e+02,4.3467873434e+03,5.7989515479e+03,5.4899417568e+05,2.2968493599e+06
1.2000000000e+13,6.9700000000e+02,4.3466120802e+03,5.7988161597e+03,5.5118734916e+05,2.3088003765e+06
1.2000000000e+13,6.9800000000e+02,4.3464368484e+03,5.7986806407e+03,5.5337408060e+05,2.3086974991e+06
1.2000000000e+13,6.9900000000e+02,4.3462614759e+03,5.7985449420e+03,5.5555523452e+05,2.3086070025e+06
1.2000000000e+13,7.0000000000e+02,4.3460860144e+03,5.7984095753e+03,5.5772269648e+05,2.3085454866e+06
1.2000000000e+13,7.0100000000e+02,4.3459104696e+03,5.7982745354e+03,5.5987670902e+05,2.3085206302e+06
1.2000000000e+13,7.0200000000e+02,4.3457348440e+03,5.7981398160e+03,5.6201752470e+05,2.3085366633e+06
1.2000000000e+13,7.0300000000e+02,4.3455591391e+03,5.7980054107e+03,5.6414539820e+05,2.3203696263e+06
1.2000000000e+13,7.0400000000e+02,4.3453834652e+03,5.7978708632e+03,5.6626765771e+05,2.3202763989e+06
1.2000000000e+13,7.0500000000e+02,4.3452076536e+03,5.7977361308e+03,5.6838503630e+05,2.3201949676e+06
1.2000000000e+13,7.0600000000e+02,4.3450317547e+03,5.7976017120e+03,5.7048979653e+05,2.3201414380e+06
1.2000000000e+13,7.0700000000e+02,4.3448557740e+03,5.7974676020e+03,5.7258215465e+05,2.3201232482e+06
1.2000000000e+13,7.0800000000e+02,4.3446797139e+03,5.7973337950e+03,5.7466233387e+05,2.3201444977e+06
1.2000000000e+13,7.0900000000e+02,4.3445035761e+03,5.7972002850e+03,5.7673056014e+05,2.3318602099e+06
1.2000000000e+13,7.1000000000e+02,4.3443274681e+03,5.7970666235e+03,5.7879387346e+05,2.3317707649e+06
1.2000000000e+13,7.1100000000e+02,4.3441512250e+03,5.7969327734e+03,5.8085289066e+05,2.3316912582e+06
1.2000000000e+13,7.1200000000e+02,4.3439748960e+03,5.7967992209e+03,5.8290021985e+05,2.3316377818e+06
1.2000000000e+13,7.1300000000e+02,4.3437984866e+03,5.7966659615e+03,5.8493605316e+05,2.3316178200e+06
1.2000000000e+13,7.1400000000e+02,4.3436219991e+03,5.7965329901e+03,5.8696059082e+05,2.3316355312e+06
1.2000000000e+13,7.1500000000e+02,4.3434454349e+03,5.7964003011e+03,5.8897403428e+05,2.3432351723e+06
1.2000000000e+13,7.1600000000e+02,4.3432688995e+03,5.7962674530e+03,5.9098315973e+05,2.3431394492e+06
1.2000000000e+13,7.1700000000e+02,4.3430922315e+03,5.7961344141e+03,5.9298848516e+05,2.3430518292e+06
1.2000000000e+13,7.1800000000e+02,4.3429154790e+03,5.7960016590e+03,5.9498293161e+05,2.3429884852e+06
1.2000000000e+13,7.1900000000e+02,4.3427386474e+03,5.7958691838e+03,5.9696667128e+05,2.3429569956e+06
1.2000000000e+13,7.2000000000e+02,4.3425617388e+03,5.7957369838e+03,5.9893988105e+05,2.3429616074e+06
1.2000000000e+13,7.2100000000e+02,4.3423847546e+03,5.7956050536e+03,6.0090274346e+05,2.3544468437e+06
1.2000000000e+13,7.2200000000e+02,4.3422077982e+03,5.7954729586e+03,6.0286179365e+05,2.3543349040e+06
1.2000000000e+13,7.2300000000e+02,4.3420307115e+03,5.7953406716e+03,6.0481746400e+05,2.3542295261e+06
1.2000000000e+13,7.2400000000e+02,4.3418535418e+03,5.7952086569e+03,6.0676295809e+05,2.3541469928e+06
1.2000000000e+13,7.2500000000e+02,4.3416762943e+03,5.7950769109e+03,6.0869843257e+05,2.3540949800e+06
1.2000000000e+13,7.2600000000e+02,4.3414989711e+03,5.7949454290e+03,6.1062404884e+05,2.3540778202e+06
1.2000000000e+13,7.2700000000e+02,4.3413215734e+03,5.7948142064e+03,6.1253996999e+05,2.3540981359e+06
1.2000000000e+13,7.2800000000e+02,4.3411441023e+03,5.7946832380e+03,6.1444635938e+05,2.3654708820e+06
1.2000000000e+13,7.2900000000e+02,4.3409666583e+03,5.7945520966e+03,6.1634949603e+05,2.3653788247e+06
1.2000000000e+13,7.3000000000e+02,4.3407890869e+03,5.7944207600e+03,6.1824972124e+05,2.3652926144e+06
1.2000000000e+13,7.3100000000e+02,4.3406114343e+03,5.7942896802e+03,6.2014055600e+05,2.3652280867e+06
1.2000000000e+13,7.3200000000e+02,4.3404337054e+03,5.7941588538e+03,6.2202213973e+05,2.3651927066e+06
1.2000000000e+13,7.3300000000e+02,4.3402559023e+03,5.7940282768e+03,6.2389461459e+05,2.3651906920e+06
1.2000000000e+13,7.3400000000e+02,4.3400780262e+03,5.7938979446e+03,6.2575812517e+05,2.3652246025e+06
1.2000000000e+13,7.3500000000e+02,4.3399000785e+03,5.7937678525e+03,6.2761282060e+05,2.3764849601e+06
1.2000000000e+13,7.3600000000e+02,4.3397221568e+03,5.7936375807e+03,6.2946473410e+05,2.3764057595e+06
1.2000000000e+13,7.3700000000e+02,4.3395441104e+03,5.7935071119e+03,6.3131412857e+05,2.3763305964e+06
1.2000000000e+13,7.3800000000e+02,4.3393659844e+03,5.7933768863e+03,6.3315481392e+05,2.3762752436e+06
1.2000000000e+13,7.3900000000e+02,4.3391877836e+03,5.7932469010e+03,6.3498691460e+05,2.3762471951e+06
1.2000000000e+13,7.4000000000e+02,4.3390095101e+03,5.7931171524e+03,6.3681055688e+05,2.3762507180e+06
1.2000000000e+13,7.4100000000e+02,4.3388311650e+03,5.7929876362e+03,6.3862587100e+05,2.3762884080e+06
1.2000000000e+13,7.4200000000e+02,4.3386527497e+03,5.7928583480e+03,6.4043298709e+05,2.3874370099e+06
1.2000000000e+13,7.4300000000e+02,4.3384743597e+03,5.7927288752e+03,6.4223771945e+05,2.3873597817e+06
1.2000000000e+13,7.4400000000e+02,4.3382958476e+03,5.7925992045e+03,6.4404026134e+05,2.3872847078e+06
1.2000000000e+13,7.4500000000e+02,4.3381172575e+03,5.7924697656e+03,6.4583468540e+05,2.3872277131e+06
1.2000000000e+13,7.4600000000e+02,4.3379385941e+03,5.7923405559e+03,6.4762110183e+05,2.3871963747e+06
1.2000000000e+13,7.4700000000e+02,4.3377598596e+03,5.7922115721e+03,6.4939962634e+05,2.3871950382e+06
1.2000000000e+13,7.4800000000e+02,4.3375810549e+03,5.7920828102e+03,6.5117037466e+05,2.3872263923e+06
1.2000000000e+13,7.4900000000e+02,4.3374021814e+03,5.7919542662e+03,6.5293346549e+05,2.3982645095e+06
1.2000000000e+13,7.5000000000e+02,4.3372233325e+03,5.7918255339e+03,6.5469450694e+05,2.3981786834e+06
1.2000000000e+13,7.5100000000e+02,4.3370443641e+03,5.7916966039e+03,6.5645363421e+05,2.3980935337e+06
1.2000000000e+13,7.5200000000e+02,4.3368653195e+03,5.7915678961e+03,6.5820515914e+05,2.3980250583e+06
1.2000000000e+13,7.5300000000e+02,4.3366862034e+03,5.7914394082e+03,6.5994918263e+05,2.3979809121e+06
1.2000000000e+13,7.5400000000e+02,4.3365070175e+03,5.7913111371e+03,6.6168580144e+05,2.3979655153e+06
1.2000000000e+13,7.5500000000e+02,4.3363277632e+03,5.7911830790e+03,6.6341510352e+05,2.3979816256e+06
1.2000000000e+13,7.5600000000e+02,4.3361484413e+03,5.7910552303e+03,6.6513718576e+05,2.4089111042e+06
1.2000000000e+13,7.5700000000e+02,4.3359691433e+03,5.7909271908e+03,6.6685747721e+05,2.4088077871e+06
1.2000000000e+13,7.5800000000e+02,4.3357897289e+03,5.7907989544e+03,6.6857608004e+05,2.4087040281e+06
1.2000000000e+13,7.5900000000e+02,4.3356102401e+03,5.7906709322e+03,6.7028751881e+05,2.4086159060e+06
1.2000000000e+13,7.6000000000e+02,4.3354306813e+03,5.7905431220e+03,6.7199186698e+05,2.4085511451e+06
1.2000000000e+13,7.6100000000e+02,4.3352510546e+03,5.7904155208e+03,6.7368921767e+05,2.4085142280e+06
1.2000000000e+13,7.6200000000e+02,4.3350713610e+03,5.7902881253e+03,6.7537966851e+05,2.4085079696e+06
1.2000000000e+13,7.6300000000e+02,4.3348916014e+03,5.7901609318e+03,6.7706331910e+05,2.4085341904e+06
1.2000000000e+13,7.6400000000e+02,4.3347117766e+03,5.7900339367e+03,6.7874026974e+05,2.4193570774e+06
1.2000000000e+13,7.6500000000e+02,4.3345319757e+03,5.7899067464e+03,6.8041574924e+05,2.4192674268e+06
1.2000000000e+13,7.6600000000e+02,4.3343520615e+03,5.7897793586e+03,6.8208980728e+05,2.4191769825e+06
1.2000000000e+13,7.6700000000e+02,4.3341720752e+03,5.7896521739e+03,6.8375720713e+05,2.4191014503e+06
1.2000000000e+13,7.6800000000e+02,4.3339920211e+03,5.7895251903e+03,6.8541801346e+05,2.4190483635e+06
1.2000000000e+13,7.6900000000e+02,4.3338119012e+03,5.7893984051e+03,6.8707231220e+05,2.4190220917e+06
1.2000000000e+13,7.7000000000e+02,4.3336317165e+03,5.7892718152e+03,6.8872018995e+05,2.4190253799e+06
1.2000000000e+13,7.7100000000e+02,4.3334514678e+03,5.7891454170e+03,6.9036173660e+05,2.4190599882e+06
1.2000000000e+13,7.7200000000e+02,4.3332711563e+03,5.7890192072e+03,6.9199704286e+05,2.4297765540e+06
1.2000000000e+13,7.7300000000e+02,4.3330908685e+03,5.7888927991e+03,6.9363114864e+05,2.4296950841e+06
1.2000000000e+13,7.7400000000e+02,4.3329104707e+03,5.7887661934e+03,6.9526405711e+05,2.4296115448e+06
1.2000000000e+13,7.7500000000e+02,4.3327300031e+03,5.7886397812e+03,6.9689075091e+05,2.4295415677e+06
1.2000000000e+13,7.7600000000e+02,4.3325494700e+03,5.7885135607e+03,6.9851128866e+05,2.4294926865e+06
1.2000000000e+13,7.7700000000e+02,4.3323688732e+03,5.7883875293e+03,7.0012574429e+05,2.4294692940e+06
1.2000000000e+13,7.7800000000e+02,4.3321882140e+03,5.7882616842e+03,7.0173419910e+05,2.4294741668e+06
1.2000000000e+13,7.7900000000e+02,4.3320074930e+03,5.7881360222e+03,7.0333673331e+05,2.4295090918e+06
1.2000000000e+13,7.8000000000e+02,4.3318267114e+03,5.7880105399e+03,7.0493342921e+05,2.4401201111e+06
1.2000000000e+13,7.8100000000e+02,4.3316459537e+03,5.7878848571e+03,7.0652915242e+05,2.4400379006e+06
1.2000000000e+13,7.8200000000e+02,4.3314650894e+03,5.7877589777e+03,7.0812386570e+05,2.4399523850e+06
1.2000000000e+13,7.8300000000e+02,4.3312841579e+03,5.7876332834e+03,7.0971275163e+05,2.4398791912e+06
1.2000000000e+13,7.8400000000e+02,4.3311031633e+03,5.7875077729e+03,7.1129586451e+05,2.4398258889e+06
1.2000000000e+13,7.8500000000e+02,4.3309221075e+03,5.7873824437e+03,7.1287327068e+05,2.4397969167e+06
1.2000000000e+13,7.8600000000e+02,4.3307409916e+03,5.7872572931e+03,7.1444504198e+05,2.4397950991e+06
1.2000000000e+13,7.8700000000e+02,4.3305598163e+03,5.7871323182e+03,7.1601125244e+05,2.4398222962e+06
1.2000000000e+13,7.8800000000e+02,4.3303785828e+03,5.7870075159e+03,7.1757197720e+05,2.4503291417e+06
1.2000000000e+13,7.8900000000e+02,4.3301973736e+03,5.7868825117e+03,7.1913192077e+05,2.4502379562e+06
1.2000000000e+13,7.9000000000e+02,4.3300160616e+03,5.7867573124e+03,7.2069101238e+05,2.4501424677e+06
1.2000000000e+13,7.9100000000e+02,4.3298346850e+03,5.7866322912e+03,7.2224461851e+05,2.4500583250e+06
1.2000000000e+13,7.9200000000e+02,4.3296532481e+03,5.7865074470e+03,7.2379278652e+05,2.4499931390e+06
1.2000000000e+13,7.9300000000e+02,4.3294717525e+03,5.7863827775e+03,7.2533557708e+05,2.4499513934e+06
1.2000000000e+13,7.9400000000e+02,4.3292901996e+03,5.7862582803e+03,7.2687305741e+05,2.4499359577e+06
1.2000000000e+13,7.9500000000e+02,4.3291085899e+03,5.7861339524e+03,7.2840529436e+05,2.4499487351e+06
1.2000000000e+13,7.9600000000e+02,4.3289269244e+03,5.7860097910e+03,7.2993235683e+05,2.4603532933e+06
1.2000000000e+13,7.9700000000e+02,4.3287452840e+03,5.7858854272e+03,7.3145880261e+05,2.4602465376e+06
1.2000000000e+13,7.9800000000e+02,4.3285635447e+03,5.7857608700e+03,7.3298452692e+05,2.4601347584e+06
1.2000000000e+13,7.9900000000e+02,4.3283817438e+03,5.7856364852e+03,7.3450506889e+05,2.4600336360e+06
1.2000000000e+13,8.0000000000e+02,4.3281998854e+03,5.7855122716e+03,7.3602047077e+05,2.4599508174e+06
1.2000000000e+13,8.0100000000e+02,4.3280179712e+03,5.7853882271e+03,7.3753078864e+05,2.4598908237e+06
1.2000000000e+13,8.0200000000e+02,4.3278360025e+03,5.7852643493e+03,7.3903608248e+05,2.4598565609e+06
1.2000000000e+13,8.0300000000e+02,4.3276539801e+03,5.7851406356e+03,7.4053641641e+05,2.4598499667e+06
1.2000000000e+13,8.0400000000e+02,4.3274719044e+03,5.7850170830e+03,7.4203185364e+05,2.4598723435e+06
1.2000000000e+13,8.0500000000e+02,4.3272897766e+03,5.7848936888e+03,7.4352245837e+05,2.4701766633e+06
1.2000000000e+13,8.0600000000e+02,4.3271076753e+03,5.7847700902e+03,7.4501263060e+05,2.4700829533e+06
1.2000000000e+13,8.0700000000e+02,4.3269254796e+03,5.7846462989e+03,7.4650223616e+05,2.4699841172e+06
1.2000000000e+13,8.0800000000e+02,4.3267432258e+03,5.7845226716e+03,7.4798699545e+05,2.4698954940e+06
1.2000000000e+13,8.0900000000e+02,4.3265609180e+03,5.7843992073e+03,7.4946694742e+05,2.4698245499e+06
1.2000000000e+13,8.1000000000e+02,4.3263785581e+03,5.7842759041e+03,7.5094214282e+05,2.4697756943e+06
1.2000000000e+13,8.1100000000e+02,4.3261961471e+03,5.7841527597e+03,7.5241263666e+05,2.4697517599e+06
1.2000000000e+13,8.1200000000e+02,4.3260136858e+03,5.7840297715e+03,7.5387848588e+05,2.4697546358e+06
1.2000000000e+13,8.1300000000e+02,4.3258311750e+03,5.7839069370e+03,7.5533975006e+05,2.4697855776e+06
1.2000000000e+13,8.1400000000e+02,4.3256486156e+03,5.7837842533e+03,7.5679648759e+05,2.4799897637e+06
1.2000000000e+13,8.1500000000e+02,4.3254660845e+03,5.7836613640e+03,7.5825294658e+05,2.4799050181e+06
1.2000000000e+13,8.1600000000e+02,4.3252834635e+03,5.7835382829e+03,7.5970896775e+05,2.4798142197e+06
1.2000000000e+13,8.1700000000e+02,4.3251007884e+03,5.7834153587e+03,7.6116044098e+05,2.4797326037e+06
1.2000000000e+13,8.1800000000e+02,4.3249180629e+03,5.7832925902e+03,7.6260740084e+05,2.4796676140e+06
1.2000000000e+13,8.1900000000e+02,4.3247352890e+03,5.7831699758e+03,7.6404989403e+05,2.4796236641e+06
1.2000000000e+13,8.2000000000e+02,4.3245524678e+03,5.7830475132e+03,7.6548796982e+05,2.4796036020e+06
1.2000000000e+13,8.2100000000e+02,4.3243696002e+03,5.7829252003e+03,7.6692168025e+05,2.4796093382e+06
1.2000000000e+13,8.2200000000e+02,4.3241866868e+03,5.7828030343e+03,7.6835107978e+05,2.4897142943e+06
1.2000000000e+13,8.2300000000e+02,4.3240038033e+03,5.7826806639e+03,7.6978029555e+05,2.4895999081e+06
1.2000000000e+13,8.2400000000e+02,4.3238208343e+03,5.7825581048e+03,7.7120914535e+05,2.4894781576e+06
1.2000000000e+13,8.2500000000e+02,4.3236378148e+03,5.7824356991e+03,7.7263365429e+05,2.4893645948e+06
1.2000000000e+13,8.2600000000e+02,4.3234547485e+03,5.7823134460e+03,7.7405385358e+05,2.4892668769e+06
1.2000000000e+13,8.2700000000e+02,4.3232716373e+03,5.7821913438e+03,7.7546978533e+05,2.4891895809e+06
1.2000000000e+13,8.2800000000e+02,4.3230884824e+03,5.7820693905e+03,7.7688149686e+05,2.4891356861e+06
1.2000000000e+13,8.2900000000e+02,4.3229052845e+03,5.7819475839e+03,7.7828903634e+05,2.4891072099e+06
1.2000000000e+13,8.3000000000e+02,4.3227220444e+03,5.7818259215e+03,7.7969245481e+05,2.4891055361e+06
1.2000000000e+13,8.3100000000e+02,4.3225387627e+03,5.7817044009e+03,7.8109180278e+05,2.4891316043e+06
1.2000000000e+13,8.3200000000e+02,4.3223554404e+03,5.7815830193e+03,7.8248713159e+05,2.4991403760e+06
1.2000000000e+13,8.3300000000e+02,4.3221721510e+03,5.7814614316e+03,7.8388242392e+05,2.4990527663e+06
1.2000000000e+13,8.3400000000e+02,4.3219887817e+03,5.7813396557e+03,7.8527747560e+05,2.4989583677e+06
1.2000000000e+13,8.3500000000e+02,4.3218053666e+03,5.7812180248e+03,7.8666847866e+05,2.4988720828e+06
1.2000000000e+13,8.3600000000e+02,4.3216219096e+03,5.7810965381e+03,7.8805546272e+05,2.4988013104e+06
1.2000000000e+13,8.3700000000e+02,4.3214384124e+03,5.7809751942e+03,7.8943846556e+05,2.4987504116e+06
1.2000000000e+13,8.3800000000e+02,4.3212548761e+03,5.7808539911e+03,7.9081753017e+05,2.4987222118e+06
1.2000000000e+13,8.3900000000e+02,4.3210713017e+03,5.7807329266e+03,7.9219270060e+05,2.4987186165e+06
1.2000000000e+13,8.4000000000e+02,4.3208876898e+03,5.7806119986e+03,7.9356402336e+05,2.4987409266e+06
1.2000000000e+13,8.4100000000e+02,4.3207040414e+03,5.7804912046e+03,7.9493154463e+05,2.5086526344e+06
1.2000000000e+13,8.4200000000e+02,4.3205204286e+03,5.7803702047e+03,7.9629912262e+05,2.5085591425e+06
1.2000000000e+13,8.4300000000e+02,4.3203367411e+03,5.7802490188e+03,7.9766653618e+05,2.5084576260e+06
1.2000000000e+13,8.4400000000e+02,4.3201530123e+03,5.7801279731e+03,7.9903011230e+05,2.5083631610e+06
1.2000000000e+13,8.4500000000e+02,4.3199692459e+03,5.7800070669e+03,8.0038987751e+05,2.5082831829e+06
1.2000000000e+13,8.4600000000e+02,4.3197854439e+03,5.7798862988e+03,8.0174586628e+05,2.5082221455e+06
1.2000000000e+13,8.4700000000e+02,4.3196016072e+03,5.7797656671e+03,8.0309811803e+05,2.5081829568e+06
1.2000000000e+13,8.4800000000e+02,4.3194177368e+03,5.7796451698e+03,8.0444667361e+05,2.5081675952e+06
1.2000000000e+13,8.4900000000e+02,4.3192338334e+03,5.7795248046e+03,8.0579157525e+05,2.5081774264e+06
1.2000000000e+13,8.5000000000e+02,4.3190498978e+03,5.7794045693e+03,8.0713286722e+05,2.5179938160e+06
1.2000000000e+13,8.5100000000e+02,4.3188660009e+03,5.7792841291e+03,8.0847429406e+05,2.5178872475e+06
1.2000000000e+13,8.5200000000e+02,4.3186820348e+03,5.7791635053e+03,8.0981561968e+05,2.5177721387e+06
1.2000000000e+13,8.5300000000e+02,4.3184980320e+03,5.7790430176e+03,8.1115329577e+05,2.5176635781e+06
1.2000000000e+13,8.5400000000e+02,4.3183139963e+03,5.7789226656e+03,8.1248734616e+05,2.5175690297e+06
1.2000000000e+13,8.5500000000e+02,4.3181299296e+03,5.7788024478e+03,8.1381780314e+05,2.5174929800e+06
1.2000000000e+13,8.5600000000e+02,4.3179458328e+03,5.7786823626e+03,8.1514470325e+05,2.5174383700e+06
1.2000000000e+13,8.5700000000e+02,4.3177617070e+03,5.7785624081e+03,8.1646808468e+05,2.5174072096e+06
1.2000000000e+13,8.5800000000e+02,4.3175775529e+03,5.7784425821e+03,8.1778798767e+05,2.5174008938e+06
1.2000000000e+13,8.5900000000e+02,4.3173933712e+03,5.7783228824e+03,8.1910445265e+05,2.5174203857e+06
1.2000000000e+13,8.6000000000e+02,4.3172091627e+03,5.7782033069e+03,8.2041752108e+05,2.5271434121e+06
1.2000000000e+13,8.6100000000e+02,4.3170249968e+03,5.7780835262e+03,8.2173081602e+05,2.5270498329e+06
1.2000000000e+13,8.6200000000e+02,4.3168407677e+03,5.7779635634e+03,8.2304408653e+05,2.5269478089e+06
1.2000000000e+13,8.6300000000e+02,4.3166565073e+03,5.7778437307e+03,8.2435392073e+05,2.5268521113e+06
1.2000000000e+13,8.6400000000e+02,4.3164722193e+03,5.7777240277e+03,8.2566034026e+05,2.5267700350e+06
1.2000000000e+13,8.6500000000e+02,4.3162879057e+03,5.7776044530e+03,8.2696337489e+05,2.5267059594e+06
1.2000000000e+13,8.6600000000e+02,4.3161035673e+03,5.7774850051e+03,8.2826305778e+05,2.5266627528e+06
1.2000000000e+13,8.6700000000e+02,4.3159192053e+03,5.7773656822e+03,8.2955942474e+05,2.5266423744e+06
1.2000000000e+13,8.6800000000e+02,4.3157348202e+03,5.7772464822e+03,8.3085251253e+05,2.5266461841e+06
1.2000000000e+13,8.6900000000e+02,4.3155504130e+03,5.7771274030e+03,8.3214235908e+05,2.5266751016e+06
1.2000000000e+13,8.7000000000e+02,4.3153659844e+03,5.7770084425e+03,8.3342900241e+05,2.5363046460e+06
1.2000000000e+13,8.7100000000e+02,4.3151816027e+03,5.7768892771e+03,8.3471594988e+05,2.5362213989e+06
1.2000000000e+13,8.7200000000e+02,4.3149971636e+03,5.7767699313e+03,8.3600293778e+05,2.5361290890e+06
1.2000000000e+13,8.7300000000e+02,4.3148126988e+03,5.7766507102e+03,8.3728668052e+05,2.5360423528e+06
1.2000000000e+13,8.7400000000e+02,4.3146282120e+03,5.7765316134e+03,8.3856719778e+05,2.5359684430e+06
1.2000000000e+13,8.7500000000e+02,4.3144437048e+03,5.7764126398e+03,8.3984451621e+05,2.5359117266e+06
1.2000000000e+13,8.7600000000e+02,4.3142591784e+03,5.7762937879e+03,8.4111866682e+05,2.5358750735e+06
1.2000000000e+13,8.7700000000e+02,4.3140746338e+03,5.7761750559e+03,8.4238968231e+05,2.5358604523e+06
1.2000000000e+13,8.7800000000e+02,4.3138900716e+03,5.7760564419e+03,8.4365759694e+05,2.5358692362e+06
1.2000000000e+13,8.7900000000e+02,4.3137054927e+03,5.7759379439e+03,8.4492244562e+05,2.5454059106e+06
1.2000000000e+13,8.8000000000e+02,4.3135209645e+03,5.7758192430e+03,8.4618764058e+05,2.5452996612e+06
1.2000000000e+13,8.8100000000e+02,4.3133363846e+03,5.7757003647e+03,8.4745290799e+05,2.5451833848e+06
1.2000000000e+13,8.8200000000e+02,4.3131517839e+03,5.7755816088e+03,8.4871506347e+05,2.5450719283e+06
1.2000000000e+13,8.8300000000e+02,4.3129671662e+03,5.7754629750e+03,8.4997412489e+05,2.5449726997e+06
1.2000000000e+13,8.8400000000e+02,4.3127825332e+03,5.7753444620e+03,8.5123011736e+05,2.5448901911e+06
1.2000000000e+13,8.8500000000e+02,4.3125978860e+03,5.7752260686e+03,8.5248306933e+05,2.5448273758e+06
1.2000000000e+13,8.8600000000e+02,4.3124132255e+03,5.7751077931e+03,8.5373301169e+05,2.5447863090e+06
1.2000000000e+13,8.8700000000e+02,4.3122285525e+03,5.7749896335e+03,8.5497997674e+05,2.5447684372e+06
1.2000000000e+13,8.8800000000e+02,4.3120438676e+03,5.7748715880e+03,8.5622399769e+05,2.5447747776e+06
1.2000000000e+13,8.8900000000e+02,4.3118591717e+03,5.7747536546e+03,8.5746510820e+05,2.5542214970e+06
1.2000000000e+13,8.9000000000e+02,4.3116745311e+03,5.7746355191e+03,8.5870661991e+05,2.5541157546e+06
1.2000000000e+13,8.9100000000e+02,4.3114898449e+03,5.7745172084e+03,8.5994825030e+05,2.5540003748e+06
1.2000000000e+13,8.9200000000e+02,4.3113051438e+03,5.7743990159e+03,8.6118692523e+05,2.5538899476e+06
1.2000000000e+13,8.9300000000e+02,4.3111204312e+03,5.7742809412e+03,8.6242266167e+05,2.5537917352e+06
1.2000000000e+13,8.9400000000e+02,4.3109357089e+03,5.7741629833e+03,8.6365548265e+05,2.5537101341e+06
1.2000000000e+13,8.9500000000e+02,4.3107509780e+03,5.7740451409e+03,8.6488541511e+05,2.5536480502e+06
1.2000000000e+13,8.9600000000e+02,4.3105662395e+03,5.7739274122e+03,8.6611248801e+05,2.5536074900e+06
1.2000000000e+13,8.9700000000e+02,4.3103814940e+03,5.7738097956e+03,8.6733673184e+05,2.5535898644e+06
1.2000000000e+13,8.9800000000e+02,4.3101967423e+03,5.7736922890e+03,8.6855817797e+05,2.5535961642e+06
1.2000000000e+13,8.9900000000e+02,4.3100119851e+03,5.7735748907e+03,8.6977685790e+05,2.5629537787e+06
1.2000000000e+13,9.0000000000e+02,4.3098272881e+03,5.7734572915e+03,8.7099598642e+05,2.5628491185e+06
1.2000000000e+13,9.0100000000e+02,4.3096425515e+03,5.7733395191e+03,8.7221527325e+05,2.5627346152e+06
1.2000000000e+13,9.0200000000e+02,4.3094578057e+03,5.7732218610e+03,8.7343174836e+05,2.5626247398e+06
1.2000000000e+13,9.0300000000e+02,4.3092730540e+03,5.7731043168e+03,8.7464542733e+05,2.5625267078e+06
1.2000000000e+13,9.0400000000e+02,4.3090882982e+03,5.7729868856e+03,8.7585633143e+05,2.5624448941e+06
1.2000000000e+13,9.0500000000e+02,4.3089035395e+03,5.7728695661e+03,8.7706448591e+05,2.5623821957e+06
1.2000000000e+13,9.0600000000e+02,4.3087187787e+03,5.7727523567e+03,8.7826991779e+05,2.5623406173e+06
1.2000000000e+13,9.0700000000e+02,4.3085340166e+03,5.7726352556e+03,8.7947265577e+05,2.5623215717e+06
1.2000000000e+13,9.0800000000e+02,4.3083492538e+03,5.7725182612e+03,8.8067272935e+05,2.5623260546e+06
1.2000000000e+13,9.0900000000e+02,4.3081644911e+03,5.7724013714e+03,8.8187016812e+05,2.5715954884e+06
1.2000000000e+13,9.1000000000e+02,4.3079797937e+03,5.7722842820e+03,8.8306809503e+05,2.5714898005e+06
1.2000000000e+13,9.1100000000e+02,4.3077950625e+03,5.7721670217e+03,8.8426621320e+05,2.5713740127e+06
1.2000000000e+13,9.1200000000e+02,4.3076103276e+03,5.7720498721e+03,8.8546165052e+05,2.5712625064e+06
1.2000000000e+13,9.1300000000e+02,4.3074255927e+03,5.7719328331e+03,8.8665442129e+05,2.5711624681e+06
1.2000000000e+13,9.1400000000e+02,4.3072408592e+03,5.7718159035e+03,8.8784454518e+05,2.5710782649e+06
1.2000000000e+13,9.1500000000e+02,4.3070561284e+03,5.7716990823e+03,8.8903204586e+05,2.5710127958e+06
1.2000000000e+13,9.1600000000e+02,4.3068714010e+03,5.7715823678e+03,8.9021694889e+05,2.5709680718e+06
1.2000000000e+13,9.1700000000e+02,4.3066866779e+03,5.7714657584e+03,8.9139928081e+05,2.5709455151e+06
1.2000000000e+13,9.1800000000e+02,4.3065019598e+03,5.7713492524e+03,8.9257906955e+05,2.5709461319e+06
1.2000000000e+13,9.1900000000e+02,4.3063172472e+03,5.7712328480e+03,8.9375634339e+05,2.5709706185e+06
1.2000000000e+13,9.2000000000e+02,4.3061325412e+03,5.7711165433e+03,8.9493113054e+05,2.5801527334e+06
1.2000000000e+13,9.2100000000e+02,4.3059479061e+03,5.7710000393e+03,8.9610645462e+05,2.5800704864e+06
1.2000000000e+13,9.2200000000e+02,4.3057632435e+03,5.7708833659e+03,8.9728201330e+05,2.5799781840e+06
1.2000000000e+13,9.2300000000e+02,4.3055785834e+03,5.7707667980e+03,8.9845504051e+05,2.5798898687e+06
1.2000000000e+13,9.2400000000e+02,4.3053939292e+03,5.7706503354e+03,8.9962554932e+05,2.5798125529e+06
1.2000000000e+13,9.2500000000e+02,4.3052092827e+03,5.7705339772e+03,9.0079355778e+05,2.5797504937e+06
1.2000000000e+13,9.2600000000e+02,4.3050246449e+03,5.7704177222e+03,9.0195908787e+05,2.5797065156e+06
1.2000000000e+13,9.2700000000e+02,4.3048400167e+03,5.7703015690e+03,9.0312216330e+05,2.5796825772e+06
1.2000000000e+13,9.2800000000e+02,4.3046553987e+03,5.7701855160e+03,9.0428280870e+05,2.5796800637e+06
1.2000000000e+13,9.2900000000e+02,4.3044707918e+03,5.7700695616e+03,9.0544105019e+05,2.5796999557e+06
1.2000000000e+13,9.3000000000e+02,4.3042861968e+03,5.7699537040e+03,9.0659691409e+05,2.5887938956e+06
1.2000000000e+13,9.3100000000e+02,4.3041016777e+03,5.7698376490e+03,9.0775333954e+05,2.5887056749e+06
1.2000000000e+13,9.3200000000e+02,4.3039171368e+03,5.7697214271e+03,9.0891002015e+05,2.5886065012e+06
1.2000000000e+13,9.3300000000e+02,4.3037326040e+03,5.7696053080e+03,9.1006427621e+05,2.5885105088e+06
1.2000000000e+13,9.3400000000e+02,4.3035480826e+03,5.7694892915e+03,9.1121611911e+05,2.5884247969e+06
1.2000000000e+13,9.3500000000e+02,4.3033635742e+03,5.7693733769e+03,9.1236556608e+05,2.5883537027e+06
1.2000000000e+13,9.3600000000e+02,4.3031790801e+03,5.7692575629e+03,9.1351263728e+05,2.5883001218e+06
1.2000000000e+13,9.3700000000e+02,4.3029946009e+03,5.7691418483e+03,9.1465735454e+05,2.5882660763e+06
1.2000000000e+13,9.3800000000e+02,4.3028101375e+03,5.7690262316e+03,9.1579974172e+05,2.5882530077e+06
1.2000000000e+13,9.3900000000e+02,4.3026256905e+03,5.7689107110e+03,9.1693982312e+05,2.5882619465e+06
1.2000000000e+13,9.4000000000e+02,4.3024412607e+03,5.7687952851e+03,9.1807762363e+05,2.5972694016e+06
1.2000000000e+13,9.4100000000e+02,4.3022569119e+03,5.7686796637e+03,9.1921600470e+05,2.5971704909e+06
1.2000000000e+13,9.4200000000e+02,4.3020725470e+03,5.7685638782e+03,9.2035465637e+05,2.5970604563e+06
1.2000000000e+13,9.4300000000e+02,4.3018881956e+03,5.7684481932e+03,9.2149097986e+05,2.5969534054e+06
1.2000000000e+13,9.4400000000e+02,4.3017038609e+03,5.7683326086e+03,9.2262498570e+05,2.5968564409e+06
1.2000000000e+13,9.4500000000e+02,4.3015195448e+03,5.7682171236e+03,9.2375668977e+05,2.5967739134e+06
1.2000000000e+13,9.4600000000e+02,4.3013352481e+03,5.7681017371e+03,9.2488611152e+05,2.5967087357e+06
1.2000000000e+13,9.4700000000e+02,4.3011509719e+03,5.7679864478e+03,9.2601327157e+05,2.5966629480e+06
1.2000000000e+13,9.4800000000e+02,4.3009667167e+03,5.7678712542e+03,9.2713819275e+05,2.5966380096e+06
1.2000000000e+13,9.4900000000e+02,4.3007824833e+03,5.7677561547e+03,9.2826089820e+05,2.5966349681e+06
1.2000000000e+13,9.5000000000e+02,4.3005982722e+03,5.7676411478e+03,9.2938141173e+05,2.5966545659e+06
1.2000000000e+13,9.5100000000e+02,4.3004140844e+03,5.7675262318e+03,9.3049975709e+05,2.6055772470e+06
1.2000000000e+13,9.5200000000e+02,4.3002299834e+03,5.7674111215e+03,9.3161871226e+05,2.6054924272e+06
1.2000000000e+13,9.5300000000e+02,4.3000458721e+03,5.7672958489e+03,9.3273796435e+05,2.6053968414e+06
1.2000000000e+13,9.5400000000e+02,4.2998617800e+03,5.7671806727e+03,9.3385500296e+05,2.6053042873e+06
1.2000000000e+13,9.5500000000e+02,4.2996777106e+03,5.7670655930e+03,9.3496983880e+05,2.6052216977e+06
1.2000000000e+13,9.5600000000e+02,4.2994936653e+03,5.7669506090e+03,9.3608248661e+05,2.6051533111e+06
1.2000000000e+13,9.5700000000e+02,4.2993096454e+03,5.7668357196e+03,9.3719296434e+05,2.6051019609e+06
1.2000000000e+13,9.5800000000e+02,4.2991256516e+03,5.7667209235e+03,9.3830129143e+05,2.6050696288e+06
1.2000000000e+13,9.5900000000e+02,4.2989416846e+03,5.7666062194e+03,9.3940748944e+05,2.6050577304e+06
1.2000000000e+13,9.6000000000e+02,4.2987577450e+03,5.7664916056e+03,9.4051158018e+05,2.6050672802e+06
1.2000000000e+13,9.6100000000e+02,4.2985738336e+03,5.7663770808e+03,9.4161358569e+05,2.6139049845e+06
1.2000000000e+13,9.6200000000e+02,4.2983900142e+03,5.7662623638e+03,9.4271621231e+05,2.6138089951e+06
1.2000000000e+13,9.6300000000e+02,4.2982061896e+03,5.7661474873e+03,9.4381914468e+05,2.6137016312e+06
1.2000000000e+13,9.6400000000e+02,4.2980223894e+03,5.7660327054e+03,9.4491994571e+05,2.6135967702e+06
1.2000000000e+13,9.6500000000e+02,4.2978386169e+03,5.7659180181e+03,9.4601862434e+05,2.6135014244e+06
1.2000000000e+13,9.6600000000e+02,4.2976548737e+03,5.7658034246e+03,9.4711519488e+05,2.6134199043e+06
1.2000000000e+13,9.6700000000e+02,4.2974711609e+03,5.7656889240e+03,9.4820967370e+05,2.6133551064e+06
1.2000000000e+13,9.6800000000e+02,4.2972874793e+03,5.7655745150e+03,9.4930208014e+05,2.6133090679e+06
1.2000000000e+13,9.6900000000e+02,4.2971038296e+03,5.7654601962e+03,9.5039243373e+05,2.6132832528e+06
1.2000000000e+13,9.7000000000e+02,4.2969202123e+03,5.7653459662e+03,9.5148075591e+05,2.6132787180e+06
1.2000000000e+13,9.7100000000e+02,4.2967366281e+03,5.7652318235e+03,9.5256706804e+05,2.6132962186e+06
1.2000000000e+13,9.7200000000e+02,4.2965530778e+03,5.7651177664e+03,9.5365139193e+05,2.6220508022e+06
1.2000000000e+13,9.7300000000e+02,4.2963696252e+03,5.7650035187e+03,9.5473635620e+05,2.6219659229e+06
1.2000000000e+13,9.7400000000e+02,4.2961861728e+03,5.7648891133e+03,9.5582164510e+05,2.6218700388e+06
1.2000000000e+13,9.7500000000e+02,4.2960027501e+03,5.7647747992e+03,9.5690490115e+05,2.6217767453e+06
1.2000000000e+13,9.7600000000e+02,4.2958193607e+03,5.7646605762e+03,9.5798613314e+05,2.6216929001e+06
1.2000000000e+13,9.7700000000e+02,4.2956360060e+03,5.7645464436e+03,9.5906535366e+05,2.6216227123e+06
1.2000000000e+13,9.7800000000e+02,4.2954526871e+03,5.7644324005e+03,9.6014257922e+05,2.6215690065e+06
1.2000000000e+13,9.7900000000e+02,4.2952694047e+03,5.7643184457e+03,9.6121782746e+05,2.6215337673e+06
1.2000000000e+13,9.8000000000e+02,4.2950861597e+03,5.7642045779e+03,9.6229111736e+05,2.6215184192e+06
1.2000000000e+13,9.8100000000e+02,4.2949029524e+03,5.7640907955e+03,9.6336246831e+05,2.6215239895e+06
1.2000000000e+13,9.8200000000e+02,4.2947197837e+03,5.7639770973e+03,9.6443190124e+05,2.6301954644e+06
1.2000000000e+13,9.8300000000e+02,4.2945367178e+03,5.7638632107e+03,9.6550197979e+05,2.6300975957e+06
1.2000000000e+13,9.8400000000e+02,4.2943536566e+03,5.7637491694e+03,9.6657238632e+05,2.6299881942e+06
1.2000000000e+13,9.8500000000e+02,4.2941706301e+03,5.7636352177e+03,9.6764082833e+05,2.6298809396e+06
1.2000000000e+13,9.8600000000e+02,4.2939876416e+03,5.7635213556e+03,9.6870731507e+05,2.6297827699e+06
1.2000000000e+13,9.8700000000e+02,4.2938046926e+03,5.7634075826e+03,9.6977185837e+05,2.6296979656e+06
1.2000000000e+13,9.8800000000e+02,4.2936217841e+03,5.7632938976e+03,9.7083447334e+05,2.6296294138e+06
1.2000000000e+13,9.8900000000e+02,4.2934389170e+03,5.7631802996e+03,9.7189517696e+05,2.6295791535e+06
1.2000000000e+13,9.9000000000e+02,4.2932560919e+03,5.7630667871e+03,9.7295398698e+05,2.6295486565e+06
1.2000000000e+13,9.9100000000e+02,4.2930733093e+03,5.7629533589e+03,9.7401092303e+05,2.6295389914e+06
1.2000000000e+13,9.9200000000e+02,4.2928905699e+03,5.7628400135e+03,9.7506600450e+05,2.6295509267e+06
1.2000000000e+13,9.9300000000e+02,4.2927078743e+03,5.7627267493e+03,9.7611925135e+05,2.6381413213e+06
1.2000000000e+13,9.9400000000e+02,4.2925252871e+03,5.7626132984e+03,9.7717315711e+05,2.6380530552e+06
1.2000000000e+13,9.9500000000e+02,4.2923427095e+03,5.7624996946e+03,9.7822740378e+05,2.6379537292e+06
1.2000000000e+13,9.9600000000e+02,4.2921601717e+03,5.7623861775e+03,9.7927977260e+05,2.6378567430e+06
1.2000000000e+13,9.9700000000e+02,4.2919776769e+03,5.7622727470e+03,9.8033027108e+05,2.6377688778e+06
1.2000000000e+13,9.9800000000e+02,4.2917952267e+03,5.7621594025e+03,9.8137891033e+05,2.6376943092e+06
1.2000000000e+13,9.9900000000e+02,4.2916128221e+03,5.7620461431e+03,9.8242570494e+05,2.6376358494e+06
