# {"source": "thermal_history (https://github.com/sam-greenwood/thermal_history), MIT licence", "inputs": {"rho_cen": 12500.0, "length_scale": 7272000.0, "r_cmb": 3480000.0, "p_cmb": 139000000000.0, "alpha": 1.25e-05, "c_p": 840.0, "k_core": 130.0, "latent_heat": 750000.0, "t_m0": 2677.0, "t_m1": 2.95e-12, "t_m2": 8.37e-25, "alpha_c": 1.0, "c_light": 0.04609053497942387, "q_cmb": 10000000000000.0, "t_cmb_start": 4400.0, "dt_myr": 1.0, "t_end_myr": 1500.0, "n_profiles": 4000, "taylor_terms": 8, "G": 6.6743e-11}, "columns": ["time_myr", "T_cmb", "T_cen", "r_icb", "conc_l", "Qs_per_dTcen", "Ql_per_dTcen", "Qg_per_dTcen", "Es_per_dTcen", "El_per_dTcen", "Eg_per_dTcen", "Ek"], "versions": {"thermal_history": "ea9aa99", "numpy": "2.0.2", "scipy": "1.13.1", "numba": "0.60.0"}}
0.0000000000e+00,4.4000000000e+03,6.0284983457e+03,0.0000000000e+00,4.6090534979e-02,-1.3513134575e+27,0.0000000000e+00,0.0000000000e+00,-3.8632748545e+22,0.0000000000e+00,0.0000000000e+00,4.5097206557e+08
1.0000000000e+00,4.3998296689e+03,6.0282649728e+03,0.0000000000e+00,4.6090534979e-02,-1.3513134575e+27,0.0000000000e+00,0.0000000000e+00,-3.8634244139e+22,0.0000000000e+00,0.0000000000e+00,4.5097206557e+08
2.0000000000e+00,4.3996593377e+03,6.0280315999e+03,0.0000000000e+00,4.6090534979e-02,-1.3513134575e+27,0.0000000000e+00,0.0000000000e+00,-3.8635739849e+22,0.0000000000e+00,0.0000000000e+00,4.5097206557e+08
3.0000000000e+00,4.3994890066e+03,6.0277982269e+03,0.0000000000e+00,4.6090534979e-02,-1.3513134575e+27,0.0000000000e+00,0.0000000000e+00,-3.8637235675e+22,0.0000000000e+00,0.0000000000e+00,4.5097206557e+08
4.0000000000e+00,4.3993186755e+03,6.0275648540e+03,0.0000000000e+00,4.6090534979e-02,-1.3513134575e+27,0.0000000000e+00,0.0000000000e+00,-3.8638731616e+22,0.0000000000e+00,0.0000000000e+00,4.5097206557e+08
5.0000000000e+00,4.3991483443e+03,6.0273314810e+03,0.0000000000e+00,4.6090534979e-02,-1.3513134575e+27,0.0000000000e+00,0.0000000000e+00,-3.8640227674e+22,0.0000000000e+00,0.0000000000e+00,4.5097206557e+08
6.0000000000e+00,4.3989780132e+03,6.0270981081e+03,0.0000000000e+00,4.6090534979e-02,-1.3513134575e+27,0.0000000000e+00,0.0000000000e+00,-3.8641723847e+22,0.0000000000e+00,0.0000000000e+00,4.5097206557e+08
7.0000000000e+00,4.3988076821e+03,6.0268647351e+03,0.0000000000e+00,4.6090534979e-02,-1.3513134575e+27,0.0000000000e+00,0.0000000000e+00,-3.8643220137e+22,0.0000000000e+00,0.0000000000e+00,4.5097206557e+08
8.0000000000e+00,4.3986373509e+03,6.0266313622e+03,0.0000000000e+00,4.6090534979e-02,-1.3513134575e+27,0.0000000000e+00,0.0000000000e+00,-3.8644716542e+22,0.0000000000e+00,0.0000000000e+00,4.5097206557e+08
9.0000000000e+00,4.3984670198e+03,6.0263979893e+03,0.0000000000e+00,4.6090534979e-02,-1.3513134575e+27,0.0000000000e+00,0.0000000000e+00,-3.8646213063e+22,0.0000000000e+00,0.0000000000e+00,4.5097206557e+08
1.0000000000e+01,4.3982966887e+03,6.0261646163e+03,0.0000000000e+00,4.6090534979e-02,-1.3513134575e+27,0.0000000000e+00,0.0000000000e+00,-3.8647709700e+22,0.0000000000e+00,0.0000000000e+00,4.5097206557e+08
1.1000000000e+01,4.3981263575e+03,6.0259312434e+03,0.0000000000e+00,4.6090534979e-02,-1.3513134575e+27,0.0000000000e+00,0.0000000000e+00,-3.8649206452e+22,0.0000000000e+00,0.0000000000e+00,4.5097206557e+08
1.2000000000e+01,4.3979560264e+03,6.0256978704e+03,0.0000000000e+00,4.6090534979e-02,-1.3513134575e+27,0.0000000000e+00,0.0000000000e+00,-3.8650703321e+22,0.0000000000e+00,0.0000000000e+00,4.5097206557e+08
1.3000000000e+01,4.3977856953e+03,6.0254644975e+03,0.0000000000e+00,4.6090534979e-02,-1.3513134575e+27,0.0000000000e+00,0.0000000000e+00,-3.8652200306e+22,0.0000000000e+00,0.0000000000e+00,4.5097206557e+08
1.4000000000e+01,4.3976153641e+03,6.0252311245e+03,0.0000000000e+00,4.6090534979e-02,-1.3513134575e+27,0.0000000000e+00,0.0000000000e+00,-3.8653697407e+22,0.0000000000e+00,0.0000000000e+00,4.5097206557e+08
1.5000000000e+01,4.3974450330e+03,6.0249977516e+03,0.0000000000e+00,4.6090534979e-02,-1.3513134575e+27,0.0000000000e+00,0.0000000000e+00,-3.8655194623e+22,0.0000000000e+00,0.0000000000e+00,4.5097206557e+08
1.6000000000e+01,4.3972747019e+03,6.0247643786e+03,0.0000000000e+00,4.6090534979e-02,-1.3513134575e+27,0.0000000000e+00,0.0000000000e+00,-3.8656691956e+22,0.0000000000e+00,0.0000000000e+00,4.5097206557e+08
1.7000000000e+01,4.3971043707e+03,6.0245310057e+03,0.0000000000e+00,4.6090534979e-02,-1.3513134575e+27,0.0000000000e+00,0.0000000000e+00,-3.8658189405e+22,0.0000000000e+00,0.0000000000e+00,4.5097206557e+08
1.8000000000e+01,4.3969340396e+03,6.0242976328e+03,0.0000000000e+00,4.6090534979e-02,-1.3513134575e+27,0.0000000000e+00,0.0000000000e+00,-3.8659686969e+22,0.0000000000e+00,0.0000000000e+00,4.5097206557e+08
1.9000000000e+01,4.3967637085e+03,6.0240642598e+03,0.0000000000e+00,4.6090534979e-02,-1.3513134575e+27,0.0000000000e+00,0.0000000000e+00,-3.8661184650e+22,0.0000000000e+00,0.0000000000e+00,4.5097206557e+08
2.0000000000e+01,4.3965933773e+03,6.0238308869e+03,0.0000000000e+00,4.6090534979e-02,-1.3513134575e+27,0.0000000000e+00,0.0000000000e+00,-3.8662682447e+22,0.0000000000e+00,0.0000000000e+00,4.5097206557e+08
2.1000000000e+01,4.3964230462e+03,6.0235975139e+03,0.0000000000e+00,4.6090534979e-02,-1.3513134575e+27,0.0000000000e+00,0.0000000000e+00,-3.8664180360e+22,0.0000000000e+00,0.0000000000e+00,4.5097206557e+08
2.2000000000e+01,4.3962527151e+03,6.0233641410e+03,0.0000000000e+00,4.6090534979e-02,-1.3513134575e+27,0.0000000000e+00,0.0000000000e+00,-3.8665678389e+22,0.0000000000e+00,0.0000000000e+00,4.5097206557e+08
2.3000000000e+01,4.3960823839e+03,6.0231307680e+03,0.0000000000e+00,4.6090534979e-02,-1.3513134575e+27,0.0000000000e+00,0.0000000000e+00,-3.8667176534e+22,0.0000000000e+00,0.0000000000e+00,4.5097206557e+08
2.4000000000e+01,4.3959120528e+03,6.0228973951e+03,0.0000000000e+00,4.6090534979e-02,-1.3513134575e+27,0.0000000000e+00,0.0000000000e+00,-3.8668674795e+22,0.0000000000e+00,0.0000000000e+00,4.5097206557e+08
2.5000000000e+01,4.3957417217e+03,6.0226640221e+03,0.0000000000e+00,4.6090534979e-02,-1.3513134575e+27,0.0000000000e+00,0.0000000000e+00,-3.8670173172e+22,0.0000000000e+00,0.0000000000e+00,4.5097206557e+08
2.6000000000e+01,4.3955713905e+03,6.0224306492e+03,0.0000000000e+00,4.6090534979e-02,-1.3513134575e+27,0.0000000000e+00,0.0000000000e+00,-3.8671671665e+22,0.0000000000e+00,0.0000000000e+00,4.5097206557e+08
2.7000000000e+01,4.3954010594e+03,6.0221972763e+03,0.0000000000e+00,4.6090534979e-02,-1.3513134575e+27,0.0000000000e+00,0.0000000000e+00,-3.8673170275e+22,0.0000000000e+00,0.0000000000e+00,4.5097206557e+08
2.8000000000e+01,4.3952307283e+03,6.0219639033e+03,0.0000000000e+00,4.6090534979e-02,-1.3513134575e+27,0.0000000000e+00,0.0000000000e+00,-3.8674669000e+22,0.0000000000e+00,0.0000000000e+00,4.5097206557e+08
2.9000000000e+01,4.3950603971e+03,6.0217305304e+03,0.0000000000e+00,4.6090534979e-02,-1.3513134575e+27,0.0000000000e+00,0.0000000000e+00,-3.8676167842e+22,0.0000000000e+00,0.0000000000e+00,4.5097206557e+08
3.0000000000e+01,4.3948900660e+03,6.0214971574e+03,0.0000000000e+00,4.6090534979e-02,-1.3513134575e+27,0.0000000000e+00,0.0000000000e+00,-3.8677666800e+22,0.0000000000e+00,0.0000000000e+00,4.5097206557e+08
3.1000000000e+01,4.3947197349e+03,6.0212637845e+03,0.0000000000e+00,4.6090534979e-02,-1.3513134575e+27,0.0000000000e+00,0.0000000000e+00,-3.8679165874e+22,0.0000000000e+00,0.0000000000e+00,4.5097206557e+08
3.2000000000e+01,4.3945494037e+03,6.0210304115e+03,0.0000000000e+00,4.6090534979e-02,-1.3513134575e+27,0.0000000000e+00,0.0000000000e+00,-3.8680665065e+22,0.0000000000e+00,0.0000000000e+00,4.5097206557e+08
3.3000000000e+01,4.3943790726e+03,6.0207970386e+03,0.0000000000e+00,4.6090534979e-02,-1.3513134575e+27,0.0000000000e+00,0.0000000000e+00,-3.8682164371e+22,0.0000000000e+00,0.0000000000e+00,4.5097206557e+08
3.4000000000e+01,4.3942087415e+03,6.0205636656e+03,0.0000000000e+00,4.6090534979e-02,-1.3513134575e+27,0.0000000000e+00,0.0000000000e+00,-3.8683663794e+22,0.0000000000e+00,0.0000000000e+00,4.5097206557e+08
3.5000000000e+01,4.3940384103e+03,6.0203302927e+03,0.0000000000e+00,4.6090534979e-02,-1.3513134575e+27,0.0000000000e+00,0.0000000000e+00,-3.8685163333e+22,0.0000000000e+00,0.0000000000e+00,4.5097206557e+08
3.6000000000e+01,4.3938680792e+03,6.0200969198e+03,0.0000000000e+00,4.6090534979e-02,-1.3513134575e+27,0.0000000000e+00,0.0000000000e+00,-3.8686662989e+22,0.0000000000e+00,0.0000000000e+00,4.5097206557e+08
3.7000000000e+01,4.3936977481e+03,6.0198635468e+03,0.0000000000e+00,4.6090534979e-02,-1.3513134575e+27,0.0000000000e+00,0.0000000000e+00,-3.8688162760e+22,0.0000000000e+00,0.0000000000e+00,4.5097206557e+08
3.8000000000e+01,4.3935274169e+03,6.0196301739e+03,0.0000000000e+00,4.6090534979e-02,-1.3513134575e+27,0.0000000000e+00,0.0000000000e+00,-3.8689662648e+22,0.0000000000e+00,0.0000000000e+00,4.5097206557e+08
3.9000000000e+01,4.3933570858e+03,6.0193968009e+03,0.0000000000e+00,4.6090534979e-02,-1.3513134575e+27,0.0000000000e+00,0.0000000000e+00,-3.8691162652e+22,0.0000000000e+00,0.0000000000e+00,4.5097206557e+08
4.0000000000e+01,4.3931867547e+03,6.0191634280e+03,0.0000000000e+00,4.6090534979e-02,-1.3513134575e+27,0.0000000000e+00,0.0000000000e+00,-3.8692662773e+22,0.0000000000e+00,0.0000000000e+00,4.5097206557e+08
4.1000000000e+01,4.3930164235e+03,6.0189300550e+03,0.0000000000e+00,4.6090534979e-02,-1.3513134575e+27,0.0000000000e+00,0.0000000000e+00,-3.8694163010e+22,0.0000000000e+00,0.0000000000e+00,4.5097206557e+08
4.2000000000e+01,4.3928460924e+03,6.0186966821e+03,0.0000000000e+00,4.6090534979e-02,-1.3513134575e+27,0.0000000000e+00,0.0000000000e+00,-3.8695663363e+22,0.0000000000e+00,0.0000000000e+00,4.5097206557e+08
4.3000000000e+01,4.3926757613e+03,6.0184633092e+03,0.0000000000e+00,4.6090534979e-02,-1.3513134575e+27,0.0000000000e+00,0.0000000000e+00,-3.8697163832e+22,0.0000000000e+00,0.0000000000e+00,4.5097206557e+08
4.4000000000e+01,4.3925054301e+03,6.0182299362e+03,0.0000000000e+00,4.6090534979e-02,-1.3513134575e+27,0.0000000000e+00,0.0000000000e+00,-3.8698664418e+22,0.0000000000e+00,0.0000000000e+00,4.5097206557e+08
4.5000000000e+01,4.3923350990e+03,6.0179965633e+03,0.0000000000e+00,4.6090534979e-02,-1.3513134575e+27,0.0000000000e+00,0.0000000000e+00,-3.8700165121e+22,0.0000000000e+00,0.0000000000e+00,4.5097206557e+08
4.6000000000e+01,4.3921647679e+03,6.0177631903e+03,0.0000000000e+00,4.6090534979e-02,-1.3513134575e+27,0.0000000000e+00,0.0000000000e+00,-3.8701665939e+22,0.0000000000e+00,0.0000000000e+00,4.5097206557e+08
4.7000000000e+01,4.3919944367e+03,6.0175298174e+03,0.0000000000e+00,4.6090534979e-02,-1.3513134575e+27,0.0000000000e+00,0.0000000000e+00,-3.8703166874e+22,0.0000000000e+00,0.0000000000e+00,4.5097206557e+08
4.8000000000e+01,4.3918241056e+03,6.0172964444e+03,0.0000000000e+00,4.6090534979e-02,-1.3513134575e+27,0.0000000000e+00,0.0000000000e+00,-3.8704667926e+22,0.0000000000e+00,0.0000000000e+00,4.5097206557e+08
4.9000000000e+01,4.3916537745e+03,6.0170630715e+03,0.0000000000e+00,4.6090534979e-02,-1.3513134575e+27,0.0000000000e+00,0.0000000000e+00,-3.8706169094e+22,0.0000000000e+00,0.0000000000e+00,4.5097206557e+08
5.0000000000e+01,4.3914834433e+03,6.0168296985e+03,0.0000000000e+00,4.6090534979e-02,-1.3513134575e+27,0.0000000000e+00,0.0000000000e+00,-3.8707670378e+22,0.0000000000e+00,0.0000000000e+00,4.5097206557e+08
5.1000000000e+01,4.3913131122e+03,6.0165963256e+03,0.0000000000e+00,4.6090534979e-02,-1.3513134575e+27,0.0000000000e+00,0.0000000000e+00,-3.8709171779e+22,0.0000000000e+00,0.0000000000e+00,4.5097206557e+08
5.2000000000e+01,4.3911427811e+03,6.0163629527e+03,0.0000000000e+00,4.6090534979e-02,-1.3513134575e+27,0.0000000000e+00,0.0000000000e+00,-3.8710673296e+22,0.0000000000e+00,0.0000000000e+00,4.5097206557e+08
5.3000000000e+01,4.3909724499e+03,6.0161295797e+03,0.0000000000e+00,4.6090534979e-02,-1.3513134575e+27,0.0000000000e+00,0.0000000000e+00,-3.8712174930e+22,0.0000000000e+00,0.0000000000e+00,4.5097206557e+08
5.4000000000e+01,4.3908021188e+03,6.0158962068e+03,0.0000000000e+00,4.6090534979e-02,-1.3513134575e+27,0.0000000000e+00,0.0000000000e+00,-3.8713676681e+22,0.0000000000e+00,0.0000000000e+00,4.5097206557e+08
5.5000000000e+01,4.3906317877e+03,6.0156628338e+03,0.0000000000e+00,4.6090534979e-02,-1.3513134575e+27,0.0000000000e+00,0.0000000000e+00,-3.8715178548e+22,0.0000000000e+00,0.0000000000e+00,4.5097206557e+08
5.6000000000e+01,4.3904614565e+03,6.0154294609e+03,0.0000000000e+00,4.6090534979e-02,-1.3513134575e+27,0.0000000000e+00,0.0000000000e+00,-3.8716680531e+22,0.0000000000e+00,0.0000000000e+00,4.5097206557e+08
5.7000000000e+01,4.3902911254e+03,6.0151960879e+03,0.0000000000e+00,4.6090534979e-02,-1.3513134575e+27,0.0000000000e+00,0.0000000000e+00,-3.8718182631e+22,0.0000000000e+00,0.0000000000e+00,4.5097206557e+08
5.8000000000e+01,4.3901207943e+03,6.0149627150e+03,0.0000000000e+00,4.6090534979e-02,-1.3513134575e+27,0.0000000000e+00,0.0000000000e+00,-3.8719684847e+22,0.0000000000e+00,0.0000000000e+00,4.5097206557e+08
5.9000000000e+01,4.3899504631e+03,6.0147293420e+03,0.0000000000e+00,4.6090534979e-02,-1.3513134575e+27,0.0000000000e+00,0.0000000000e+00,-3.8721187180e+22,0.0000000000e+00,0.0000000000e+00,4.5097206557e+08
6.0000000000e+01,4.3897801320e+03,6.0144959691e+03,0.0000000000e+00,4.6090534979e-02,-1.3513134575e+27,0.0000000000e+00,0.0000000000e+00,-3.8722689630e+22,0.0000000000e+00,0.0000000000e+00,4.5097206557e+08
6.1000000000e+01,4.3896098009e+03,6.0142625962e+03,0.0000000000e+00,4.6090534979e-02,-1.3513134575e+27,0.0000000000e+00,0.0000000000e+00,-3.8724192196e+22,0.0000000000e+00,0.0000000000e+00,4.5097206557e+08
6.2000000000e+01,4.3894394697e+03,6.0140292232e+03,0.0000000000e+00,4.6090534979e-02,-1.3513134575e+27,0.0000000000e+00,0.0000000000e+00,-3.8725694879e+22,0.0000000000e+00,0.0000000000e+00,4.5097206557e+08
6.3000000000e+01,4.3892691386e+03,6.0137958503e+03,0.0000000000e+00,4.6090534979e-02,-1.3513134575e+27,0.0000000000e+00,0.0000000000e+00,-3.8727197679e+22,0.0000000000e+00,0.0000000000e+00,4.5097206557e+08
6.4000000000e+01,4.3890988075e+03,6.0135624773e+03,0.0000000000e+00,4.6090534979e-02,-1.3513134575e+27,0.0000000000e+00,0.0000000000e+00,-3.8728700595e+22,0.0000000000e+00,0.0000000000e+00,4.5097206557e+08
6.5000000000e+01,4.3889284763e+03,6.0133291044e+03,0.0000000000e+00,4.6090534979e-02,-1.3513134575e+27,0.0000000000e+00,0.0000000000e+00,-3.8730203628e+22,0.0000000000e+00,0.0000000000e+00,4.5097206557e+08
6.6000000000e+01,4.3887581452e+03,6.0130957314e+03,0.0000000000e+00,4.6090534979e-02,-1.3513134575e+27,0.0000000000e+00,0.0000000000e+00,-3.8731706777e+22,0.0000000000e+00,0.0000000000e+00,4.5097206557e+08
6.7000000000e+01,4.3885878141e+03,6.0128623585e+03,0.0000000000e+00,4.6090534979e-02,-1.3513134575e+27,0.0000000000e+00,0.0000000000e+00,-3.8733210043e+22,0.0000000000e+00,0.0000000000e+00,4.5097206557e+08
6.8000000000e+01,4.3884174829e+03,6.0126289855e+03,0.0000000000e+00,4.6090534979e-02,-1.3513134575e+27,0.0000000000e+00,0.0000000000e+00,-3.8734713426e+22,0.0000000000e+00,0.0000000000e+00,4.5097206557e+08
6.9000000000e+01,4.3882471518e+03,6.0123956126e+03,0.0000000000e+00,4.6090534979e-02,-1.3513134575e+27,0.0000000000e+00,0.0000000000e+00,-3.8736216926e+22,0.0000000000e+00,0.0000000000e+00,4.5097206557e+08
7.0000000000e+01,4.3880768207e+03,6.0121622397e+03,0.0000000000e+00,4.6090534979e-02,-1.3513134575e+27,0.0000000000e+00,0.0000000000e+00,-3.8737720542e+22,0.0000000000e+00,0.0000000000e+00,4.5097206557e+08
7.1000000000e+01,4.3879064896e+03,6.0119288667e+03,0.0000000000e+00,4.6090534979e-02,-1.3513134575e+27,0.0000000000e+00,0.0000000000e+00,-3.8739224275e+22,0.0000000000e+00,0.0000000000e+00,4.5097206557e+08
7.2000000000e+01,4.3877361584e+03,6.0116954938e+03,0.0000000000e+00,4.6090534979e-02,-1.3513134575e+27,0.0000000000e+00,0.0000000000e+00,-3.8740728125e+22,0.0000000000e+00,0.0000000000e+00,4.5097206557e+08
7.3000000000e+01,4.3875658273e+03,6.0114621208e+03,0.0000000000e+00,4.6090534979e-02,-1.3513134575e+27,0.0000000000e+00,0.0000000000e+00,-3.8742232091e+22,0.0000000000e+00,0.0000000000e+00,4.5097206557e+08
7.4000000000e+01,4.3873954962e+03,6.0112287479e+03,0.0000000000e+00,4.6090534979e-02,-1.3513134575e+27,0.0000000000e+00,0.0000000000e+00,-3.8743736175e+22,0.0000000000e+00,0.0000000000e+00,4.5097206557e+08
7.5000000000e+01,4.3872251650e+03,6.0109953749e+03,0.0000000000e+00,4.6090534979e-02,-1.3513134575e+27,0.0000000000e+00,0.0000000000e+00,-3.8745240375e+22,0.0000000000e+00,0.0000000000e+00,4.5097206557e+08
7.6000000000e+01,4.3870548339e+03,6.0107620020e+03,0.0000000000e+00,4.6090534979e-02,-1.3513134575e+27,0.0000000000e+00,0.0000000000e+00,-3.8746744692e+22,0.0000000000e+00,0.0000000000e+00,4.5097206557e+08
7.7000000000e+01,4.3868845028e+03,6.0105286291e+03,0.0000000000e+00,4.6090534979e-02,-1.3513134575e+27,0.0000000000e+00,0.0000000000e+00,-3.8748249125e+22,0.0000000000e+00,0.0000000000e+00,4.5097206557e+08
7.8000000000e+01,4.3867141716e+03,6.0102952561e+03,0.0000000000e+00,4.6090534979e-02,-1.3513134575e+27,0.0000000000e+00,0.0000000000e+00,-3.8749753676e+22,0.0000000000e+00,0.0000000000e+00,4.5097206557e+08
7.9000000000e+01,4.3865438405e+03,6.0100618832e+03,0.0000000000e+00,4.6090534979e-02,-1.3513134575e+27,0.0000000000e+00,0.0000000000e+00,-3.8751258343e+22,0.0000000000e+00,0.0000000000e+00,4.5097206557e+08
8.0000000000e+01,4.3863735094e+03,6.0098285102e+03,0.0000000000e+00,4.6090534979e-02,-1.3513134575e+27,0.0000000000e+00,0.0000000000e+00,-3.8752763127e+22,0.0000000000e+00,0.0000000000e+00,4.5097206557e+08
8.1000000000e+01,4.3862031782e+03,6.0095951373e+03,0.0000000000e+00,4.6090534979e-02,-1.3513134575e+27,0.0000000000e+00,0.0000000000e+00,-3.8754268029e+22,0.0000000000e+00,0.0000000000e+00,4.5097206557e+08
8.2000000000e+01,4.3860328471e+03,6.0093617643e+03,0.0000000000e+00,4.6090534979e-02,-1.3513134575e+27,0.0000000000e+00,0.0000000000e+00,-3.8755773047e+22,0.0000000000e+00,0.0000000000e+00,4.5097206557e+08
8.3000000000e+01,4.3858625160e+03,6.0091283914e+03,0.0000000000e+00,4.6090534979e-02,-1.3513134575e+27,0.0000000000e+00,0.0000000000e+00,-3.8757278181e+22,0.0000000000e+00,0.0000000000e+00,4.5097206557e+08
8.4000000000e+01,4.3856921848e+03,6.0088950184e+03,0.0000000000e+00,4.6090534979e-02,-1.3513134575e+27,0.0000000000e+00,0.0000000000e+00,-3.8758783433e+22,0.0000000000e+00,0.0000000000e+00,4.5097206557e+08
8.5000000000e+01,4.3855218537e+03,6.0086616455e+03,0.0000000000e+00,4.6090534979e-02,-1.3513134575e+27,0.0000000000e+00,0.0000000000e+00,-3.8760288802e+22,0.0000000000e+00,0.0000000000e+00,4.5097206557e+08
8.6000000000e+01,4.3853515226e+03,6.0084282726e+03,0.0000000000e+00,4.6090534979e-02,-1.3513134575e+27,0.0000000000e+00,0.0000000000e+00,-3.8761794288e+22,0.0000000000e+00,0.0000000000e+00,4.5097206557e+08
8.7000000000e+01,4.3851811914e+03,6.0081948996e+03,0.0000000000e+00,4.6090534979e-02,-1.3513134575e+27,0.0000000000e+00,0.0000000000e+00,-3.8763299890e+22,0.0000000000e+00,0.0000000000e+00,4.5097206557e+08
8.8000000000e+01,4.3850108603e+03,6.0079615267e+03,0.0000000000e+00,4.6090534979e-02,-1.3513134575e+27,0.0000000000e+00,0.0000000000e+00,-3.8764805610e+22,0.0000000000e+00,0.0000000000e+00,4.5097206557e+08
8.9000000000e+01,4.3848405292e+03,6.0077281537e+03,0.0000000000e+00,4.6090534979e-02,-1.3513134575e+27,0.0000000000e+00,0.0000000000e+00,-3.8766311447e+22,0.0000000000e+00,0.0000000000e+00,4.5097206557e+08
9.0000000000e+01,4.3846701980e+03,6.0074947808e+03,0.0000000000e+00,4.6090534979e-02,-1.3513134575e+27,0.0000000000e+00,0.0000000000e+00,-3.8767817400e+22,0.0000000000e+00,0.0000000000e+00,4.5097206557e+08
9.1000000000e+01,4.3844998669e+03,6.0072614078e+03,0.0000000000e+00,4.6090534979e-02,-1.3513134575e+27,0.0000000000e+00,0.0000000000e+00,-3.8769323471e+22,0.0000000000e+00,0.0000000000e+00,4.5097206557e+08
9.2000000000e+01,4.3843295358e+03,6.0070280349e+03,0.0000000000e+00,4.6090534979e-02,-1.3513134575e+27,0.0000000000e+00,0.0000000000e+00,-3.8770829658e+22,0.0000000000e+00,0.0000000000e+00,4.5097206557e+08
9.3000000000e+01,4.3841592046e+03,6.0067946619e+03,0.0000000000e+00,4.6090534979e-02,-1.3513134575e+27,0.0000000000e+00,0.0000000000e+00,-3.8772335963e+22,0.0000000000e+00,0.0000000000e+00,4.5097206557e+08
9.4000000000e+01,4.3839888735e+03,6.0065612890e+03,0.0000000000e+00,4.6090534979e-02,-1.3513134575e+27,0.0000000000e+00,0.0000000000e+00,-3.8773842385e+22,0.0000000000e+00,0.0000000000e+00,4.5097206557e+08
9.5000000000e+01,4.3838185424e+03,6.0063279161e+03,0.0000000000e+00,4.6090534979e-02,-1.3513134575e+27,0.0000000000e+00,0.0000000000e+00,-3.8775348923e+22,0.0000000000e+00,0.0000000000e+00,4.5097206557e+08
9.6000000000e+01,4.3836482112e+03,6.0060945431e+03,0.0000000000e+00,4.6090534979e-02,-1.3513134575e+27,0.0000000000e+00,0.0000000000e+00,-3.8776855579e+22,0.0000000000e+00,0.0000000000e+00,4.5097206557e+08
9.7000000000e+01,4.3834778801e+03,6.0058611702e+03,0.0000000000e+00,4.6090534979e-02,-1.3513134575e+27,0.0000000000e+00,0.0000000000e+00,-3.8778362352e+22,0.0000000000e+00,0.0000000000e+00,4.5097206557e+08
9.8000000000e+01,4.3833075490e+03,6.0056277972e+03,0.0000000000e+00,4.6090534979e-02,-1.3513134575e+27,0.0000000000e+00,0.0000000000e+00,-3.8779869242e+22,0.0000000000e+00,0.0000000000e+00,4.5097206557e+08
9.9000000000e+01,4.3831372178e+03,6.0053944243e+03,0.0000000000e+00,4.6090534979e-02,-1.3513134575e+27,0.0000000000e+00,0.0000000000e+00,-3.8781376249e+22,0.0000000000e+00,0.0000000000e+00,4.5097206557e+08
1.0000000000e+02,4.3829668867e+03,6.0051610513e+03,0.0000000000e+00,4.6090534979e-02,-1.3513134575e+27,0.0000000000e+00,0.0000000000e+00,-3.8782883374e+22,0.0000000000e+00,0.0000000000e+00,4.5097206557e+08
1.0100000000e+02,4.3827965556e+03,6.0049276784e+03,0.0000000000e+00,4.6090534979e-02,-1.3513134575e+27,0.0000000000e+00,0.0000000000e+00,-3.8784390615e+22,0.0000000000e+00,0.0000000000e+00,4.5097206557e+08
1.0200000000e+02,4.3826262244e+03,6.0046943055e+03,0.0000000000e+00,4.6090534979e-02,-1.3513134575e+27,0.0000000000e+00,0.0000000000e+00,-3.8785897974e+22,0.0000000000e+00,0.0000000000e+00,4.5097206557e+08
1.0300000000e+02,4.3824558933e+03,6.0044609325e+03,0.0000000000e+00,4.6090534979e-02,-1.3513134575e+27,0.0000000000e+00,0.0000000000e+00,-3.8787405449e+22,0.0000000000e+00,0.0000000000e+00,4.5097206557e+08
1.0400000000e+02,4.3822855622e+03,6.0042275596e+03,0.0000000000e+00,4.6090534979e-02,-1.3513134575e+27,0.0000000000e+00,0.0000000000e+00,-3.8788913042e+22,0.0000000000e+00,0.0000000000e+00,4.5097206557e+08
1.0500000000e+02,4.3821152310e+03,6.0039941866e+03,0.0000000000e+00,4.6090534979e-02,-1.3513134575e+27,0.0000000000e+00,0.0000000000e+00,-3.8790420752e+22,0.0000000000e+00,0.0000000000e+00,4.5097206557e+08
1.0600000000e+02,4.3819448999e+03,6.0037608137e+03,0.0000000000e+00,4.6090534979e-02,-1.3513134575e+27,0.0000000000e+00,0.0000000000e+00,-3.8791928580e+22,0.0000000000e+00,0.0000000000e+00,4.5097206557e+08
1.0700000000e+02,4.3817745688e+03,6.0035274407e+03,0.0000000000e+00,4.6090534979e-02,-1.3513134575e+27,0.0000000000e+00,0.0000000000e+00,-3.8793436524e+22,0.0000000000e+00,0.0000000000e+00,4.5097206557e+08
1.0800000000e+02,4.3816042376e+03,6.0032940678e+03,0.0000000000e+00,4.6090534979e-02,-1.3513134575e+27,0.0000000000e+00,0.0000000000e+00,-3.8794944586e+22,0.0000000000e+00,0.0000000000e+00,4.5097206557e+08
1.0900000000e+02,4.3814339065e+03,6.0030606948e+03,0.0000000000e+00,4.6090534979e-02,-1.3513134575e+27,0.0000000000e+00,0.0000000000e+00,-3.8796452765e+22,0.0000000000e+00,0.0000000000e+00,4.5097206557e+08
1.1000000000e+02,4.3812635754e+03,6.0028273219e+03,0.0000000000e+00,4.6090534979e-02,-1.3513134575e+27,0.0000000000e+00,0.0000000000e+00,-3.8797961061e+22,0.0000000000e+00,0.0000000000e+00,4.5097206557e+08
1.1100000000e+02,4.3810932442e+03,6.0025939490e+03,0.0000000000e+00,4.6090534979e-02,-1.3513134575e+27,0.0000000000e+00,0.0000000000e+00,-3.8799469475e+22,0.0000000000e+00,0.0000000000e+00,4.5097206557e+08
1.1200000000e+02,4.3809229131e+03,6.0023605760e+03,0.0000000000e+00,4.6090534979e-02,-1.3513134575e+27,0.0000000000e+00,0.0000000000e+00,-3.8800978006e+22,0.0000000000e+00,0.0000000000e+00,4.5097206557e+08
1.1300000000e+02,4.3807525820e+03,6.0021272031e+03,0.0000000000e+00,4.6090534979e-02,-1.3513134575e+27,0.0000000000e+00,0.0000000000e+00,-3.8802486654e+22,0.0000000000e+00,0.0000000000e+00,4.5097206557e+08
1.1400000000e+02,4.3805822508e+03,6.0018938301e+03,0.0000000000e+00,4.6090534979e-02,-1.3513134575e+27,0.0000000000e+00,0.0000000000e+00,-3.8803995420e+22,0.0000000000e+00,0.0000000000e+00,4.5097206557e+08
1.1500000000e+02,4.3804119197e+03,6.0016604572e+03,0.0000000000e+00,4.6090534979e-02,-1.3513134575e+27,0.0000000000e+00,0.0000000000e+00,-3.8805504303e+22,0.0000000000e+00,0.0000000000e+00,4.5097206557e+08
1.1600000000e+02,4.3802415886e+03,6.0014270842e+03,0.0000000000e+00,4.6090534979e-02,-1.3513134575e+27,0.0000000000e+00,0.0000000000e+00,-3.8807013303e+22,0.0000000000e+00,0.0000000000e+00,4.5097206557e+08
1.1700000000e+02,4.3800712574e+03,6.0011937113e+03,0.0000000000e+00,4.6090534979e-02,-1.3513134575e+27,0.0000000000e+00,0.0000000000e+00,-3.8808522420e+22,0.0000000000e+00,0.0000000000e+00,4.5097206557e+08
1.1800000000e+02,4.3799009263e+03,6.0009603383e+03,0.0000000000e+00,4.6090534979e-02,-1.3513134575e+27,0.0000000000e+00,0.0000000000e+00,-3.8810031655e+22,0.0000000000e+00,0.0000000000e+00,4.5097206557e+08
1.1900000000e+02,4.3797305952e+03,6.0007269654e+03,0.0000000000e+00,4.6090534979e-02,-1.3513134575e+27,0.0000000000e+00,0.0000000000e+00,-3.8811541008e+22,0.0000000000e+00,0.0000000000e+00,4.5097206557e+08
1.2000000000e+02,4.3795602640e+03,6.0004935925e+03,0.0000000000e+00,4.6090534979e-02,-1.3513134575e+27,0.0000000000e+00,0.0000000000e+00,-3.8813050477e+22,0.0000000000e+00,0.0000000000e+00,4.5097206557e+08
1.2100000000e+02,4.3793899329e+03,6.0002602195e+03,0.0000000000e+00,4.6090534979e-02,-1.3513134575e+27,0.0000000000e+00,0.0000000000e+00,-3.8814560065e+22,0.0000000000e+00,0.0000000000e+00,4.5097206557e+08
1.2200000000e+02,4.3792196018e+03,6.0000268466e+03,0.0000000000e+00,4.6090534979e-02,-1.3513134575e+27,0.0000000000e+00,0.0000000000e+00,-3.8816069769e+22,0.0000000000e+00,0.0000000000e+00,4.5097206557e+08
1.2300000000e+02,4.3790492706e+03,5.9997934736e+03,0.0000000000e+00,4.6090534979e-02,-1.3513134575e+27,0.0000000000e+00,0.0000000000e+00,-3.8817579591e+22,0.0000000000e+00,0.0000000000e+00,4.5097206557e+08
1.2400000000e+02,4.3788789395e+03,5.9995601007e+03,0.0000000000e+00,4.6090534979e-02,-1.3513134575e+27,0.0000000000e+00,0.0000000000e+00,-3.8819089531e+22,0.0000000000e+00,0.0000000000e+00,4.5097206557e+08
1.2500000000e+02,4.3787086084e+03,5.9993267277e+03,0.0000000000e+00,4.6090534979e-02,-1.3513134575e+27,0.0000000000e+00,0.0000000000e+00,-3.8820599588e+22,0.0000000000e+00,0.0000000000e+00,4.5097206557e+08
1.2600000000e+02,4.3785382772e+03,5.9990933548e+03,0.0000000000e+00,4.6090534979e-02,-1.3513134575e+27,0.0000000000e+00,0.0000000000e+00,-3.8822109762e+22,0.0000000000e+00,0.0000000000e+00,4.5097206557e+08
1.2700000000e+02,4.3783679461e+03,5.9988599818e+03,0.0000000000e+00,4.6090534979e-02,-1.3513134575e+27,0.0000000000e+00,0.0000000000e+00,-3.8823620054e+22,0.0000000000e+00,0.0000000000e+00,4.5097206557e+08
1.2800000000e+02,4.3781976150e+03,5.9986266089e+03,0.0000000000e+00,4.6090534979e-02,-1.3513134575e+27,0.0000000000e+00,0.0000000000e+00,-3.8825130464e+22,0.0000000000e+00,0.0000000000e+00,4.5097206557e+08
1.2900000000e+02,4.3780272838e+03,5.9983932360e+03,0.0000000000e+00,4.6090534979e-02,-1.3513134575e+27,0.0000000000e+00,0.0000000000e+00,-3.8826640991e+22,0.0000000000e+00,0.0000000000e+00,4.5097206557e+08
1.3000000000e+02,4.3778569527e+03,5.9981598630e+03,0.0000000000e+00,4.6090534979e-02,-1.3513134575e+27,0.0000000000e+00,0.0000000000e+00,-3.8828151635e+22,0.0000000000e+00,0.0000000000e+00,4.5097206557e+08
1.3100000000e+02,4.3776866216e+03,5.9979264901e+03,0.0000000000e+00,4.6090534979e-02,-1.3513134575e+27,0.0000000000e+00,0.0000000000e+00,-3.8829662397e+22,0.0000000000e+00,0.0000000000e+00,4.5097206557e+08
1.3200000000e+02,4.3775162904e+03,5.9976931171e+03,0.0000000000e+00,4.6090534979e-02,-1.3513134575e+27,0.0000000000e+00,0.0000000000e+00,-3.8831173277e+22,0.0000000000e+00,0.0000000000e+00,4.5097206557e+08
1.3300000000e+02,4.3773459593e+03,5.9974597442e+03,0.0000000000e+00,4.6090534979e-02,-1.3513134575e+27,0.0000000000e+00,0.0000000000e+00,-3.8832684274e+22,0.0000000000e+00,0.0000000000e+00,4.5097206557e+08
1.3400000000e+02,4.3771756282e+03,5.9972263712e+03,0.0000000000e+00,4.6090534979e-02,-1.3513134575e+27,0.0000000000e+00,0.0000000000e+00,-3.8834195389e+22,0.0000000000e+00,0.0000000000e+00,4.5097206557e+08
1.3500000000e+02,4.3770052970e+03,5.9969929983e+03,0.0000000000e+00,4.6090534979e-02,-1.3513134575e+27,0.0000000000e+00,0.0000000000e+00,-3.8835706622e+22,0.0000000000e+00,0.0000000000e+00,4.5097206557e+08
1.3600000000e+02,4.3768349659e+03,5.9967596254e+03,0.0000000000e+00,4.6090534979e-02,-1.3513134575e+27,0.0000000000e+00,0.0000000000e+00,-3.8837217972e+22,0.0000000000e+00,0.0000000000e+00,4.5097206557e+08
1.3700000000e+02,4.3766646348e+03,5.9965262524e+03,0.0000000000e+00,4.6090534979e-02,-1.3513134575e+27,0.0000000000e+00,0.0000000000e+00,-3.8838729439e+22,0.0000000000e+00,0.0000000000e+00,4.5097206557e+08
1.3800000000e+02,4.3764943036e+03,5.9962928795e+03,0.0000000000e+00,4.6090534979e-02,-1.3513134575e+27,0.0000000000e+00,0.0000000000e+00,-3.8840241025e+22,0.0000000000e+00,0.0000000000e+00,4.5097206557e+08
1.3900000000e+02,4.3763239725e+03,5.9960595065e+03,0.0000000000e+00,4.6090534979e-02,-1.3513134575e+27,0.0000000000e+00,0.0000000000e+00,-3.8841752728e+22,0.0000000000e+00,0.0000000000e+00,4.5097206557e+08
1.4000000000e+02,4.3761536414e+03,5.9958261336e+03,0.0000000000e+00,4.6090534979e-02,-1.3513134575e+27,0.0000000000e+00,0.0000000000e+00,-3.8843264549e+22,0.0000000000e+00,0.0000000000e+00,4.5097206557e+08
1.4100000000e+02,4.3759833102e+03,5.9955927606e+03,0.0000000000e+00,4.6090534979e-02,-1.3513134575e+27,0.0000000000e+00,0.0000000000e+00,-3.8844776487e+22,0.0000000000e+00,0.0000000000e+00,4.5097206557e+08
1.4200000000e+02,4.3758129791e+03,5.9953593877e+03,0.0000000000e+00,4.6090534979e-02,-1.3513134575e+27,0.0000000000e+00,0.0000000000e+00,-3.8846288543e+22,0.0000000000e+00,0.0000000000e+00,4.5097206557e+08
1.4300000000e+02,4.3756426480e+03,5.9951260147e+03,0.0000000000e+00,4.6090534979e-02,-1.3513134575e+27,0.0000000000e+00,0.0000000000e+00,-3.8847800717e+22,0.0000000000e+00,0.0000000000e+00,4.5097206557e+08
1.4400000000e+02,4.3754723168e+03,5.9948926418e+03,0.0000000000e+00,4.6090534979e-02,-1.3513134575e+27,0.0000000000e+00,0.0000000000e+00,-3.8849313008e+22,0.0000000000e+00,0.0000000000e+00,4.5097206557e+08
1.4500000000e+02,4.3753019857e+03,5.9946592689e+03,0.0000000000e+00,4.6090534979e-02,-1.3513134575e+27,0.0000000000e+00,0.0000000000e+00,-3.8850825418e+22,0.0000000000e+00,0.0000000000e+00,4.5097206557e+08
1.4600000000e+02,4.3751316546e+03,5.9944258959e+03,0.0000000000e+00,4.6090534979e-02,-1.3513134575e+27,0.0000000000e+00,0.0000000000e+00,-3.8852337945e+22,0.0000000000e+00,0.0000000000e+00,4.5097206557e+08
1.4700000000e+02,4.3749613234e+03,5.9941925230e+03,0.0000000000e+00,4.6090534979e-02,-1.3513134575e+27,0.0000000000e+00,0.0000000000e+00,-3.8853850590e+22,0.0000000000e+00,0.0000000000e+00,4.5097206557e+08
1.4800000000e+02,4.3747909923e+03,5.9939591500e+03,0.0000000000e+00,4.6090534979e-02,-1.3513134575e+27,0.0000000000e+00,0.0000000000e+00,-3.8855363352e+22,0.0000000000e+00,0.0000000000e+00,4.5097206557e+08
1.4900000000e+02,4.3746206612e+03,5.9937257771e+03,0.0000000000e+00,4.6090534979e-02,-1.3513134575e+27,0.0000000000e+00,0.0000000000e+00,-3.8856876233e+22,0.0000000000e+00,0.0000000000e+00,4.5097206557e+08
1.5000000000e+02,4.3744503300e+03,5.9934924041e+03,0.0000000000e+00,4.6090534979e-02,-1.3513134575e+27,0.0000000000e+00,0.0000000000e+00,-3.8858389231e+22,0.0000000000e+00,0.0000000000e+00,4.5097206557e+08
1.5100000000e+02,4.3742799989e+03,5.9932590312e+03,0.0000000000e+00,4.6090534979e-02,-1.3513134575e+27,0.0000000000e+00,0.0000000000e+00,-3.8859902347e+22,0.0000000000e+00,0.0000000000e+00,4.5097206557e+08
1.5200000000e+02,4.3741096678e+03,5.9930256582e+03,0.0000000000e+00,4.6090534979e-02,-1.3513134575e+27,0.0000000000e+00,0.0000000000e+00,-3.8861415581e+22,0.0000000000e+00,0.0000000000e+00,4.5097206557e+08
1.5300000000e+02,4.3739393366e+03,5.9927922853e+03,0.0000000000e+00,4.6090534979e-02,-1.3513134575e+27,0.0000000000e+00,0.0000000000e+00,-3.8862928933e+22,0.0000000000e+00,0.0000000000e+00,4.5097206557e+08
1.5400000000e+02,4.3737690055e+03,5.9925589124e+03,0.0000000000e+00,4.6090534979e-02,-1.3513134575e+27,0.0000000000e+00,0.0000000000e+00,-3.8864442403e+22,0.0000000000e+00,0.0000000000e+00,4.5097206557e+08
1.5500000000e+02,4.3735986744e+03,5.9923255394e+03,0.0000000000e+00,4.6090534979e-02,-1.3513134575e+27,0.0000000000e+00,0.0000000000e+00,-3.8865955990e+22,0.0000000000e+00,0.0000000000e+00,4.5097206557e+08
1.5600000000e+02,4.3734283432e+03,5.9920921665e+03,0.0000000000e+00,4.6090534979e-02,-1.3513134575e+27,0.0000000000e+00,0.0000000000e+00,-3.8867469696e+22,0.0000000000e+00,0.0000000000e+00,4.5097206557e+08
1.5700000000e+02,4.3732580121e+03,5.9918587935e+03,0.0000000000e+00,4.6090534979e-02,-1.3513134575e+27,0.0000000000e+00,0.0000000000e+00,-3.8868983519e+22,0.0000000000e+00,0.0000000000e+00,4.5097206557e+08
1.5800000000e+02,4.3730876810e+03,5.9916254206e+03,0.0000000000e+00,4.6090534979e-02,-1.3513134575e+27,0.0000000000e+00,0.0000000000e+00,-3.8870497460e+22,0.0000000000e+00,0.0000000000e+00,4.5097206557e+08
1.5900000000e+02,4.3729173498e+03,5.9913920476e+03,0.0000000000e+00,4.6090534979e-02,-1.3513134575e+27,0.0000000000e+00,0.0000000000e+00,-3.8872011519e+22,0.0000000000e+00,0.0000000000e+00,4.5097206557e+08
1.6000000000e+02,4.3727470187e+03,5.9911586747e+03,0.0000000000e+00,4.6090534979e-02,-1.3513134575e+27,0.0000000000e+00,0.0000000000e+00,-3.8873525697e+22,0.0000000000e+00,0.0000000000e+00,4.5097206557e+08
1.6100000000e+02,4.3725766876e+03,5.9909253017e+03,0.0000000000e+00,4.6090534979e-02,-1.3513134575e+27,0.0000000000e+00,0.0000000000e+00,-3.8875039992e+22,0.0000000000e+00,0.0000000000e+00,4.5097206557e+08
1.6200000000e+02,4.3724063564e+03,5.9906919288e+03,0.0000000000e+00,4.6090534979e-02,-1.3513134575e+27,0.0000000000e+00,0.0000000000e+00,-3.8876554405e+22,0.0000000000e+00,0.0000000000e+00,4.5097206557e+08
1.6300000000e+02,4.3722360253e+03,5.9904585559e+03,0.0000000000e+00,4.6090534979e-02,-1.3513134575e+27,0.0000000000e+00,0.0000000000e+00,-3.8878068936e+22,0.0000000000e+00,0.0000000000e+00,4.5097206557e+08
1.6400000000e+02,4.3720656942e+03,5.9902251829e+03,0.0000000000e+00,4.6090534979e-02,-1.3513134575e+27,0.0000000000e+00,0.0000000000e+00,-3.8879583585e+22,0.0000000000e+00,0.0000000000e+00,4.5097206557e+08
1.6500000000e+02,4.3718953630e+03,5.9899918100e+03,0.0000000000e+00,4.6090534979e-02,-1.3513134575e+27,0.0000000000e+00,0.0000000000e+00,-3.8881098352e+22,0.0000000000e+00,0.0000000000e+00,4.5097206557e+08
1.6600000000e+02,4.3717250319e+03,5.9897584370e+03,0.0000000000e+00,4.6090534979e-02,-1.3513134575e+27,0.0000000000e+00,0.0000000000e+00,-3.8882613238e+22,0.0000000000e+00,0.0000000000e+00,4.5097206557e+08
1.6700000000e+02,4.3715547008e+03,5.9895250641e+03,0.0000000000e+00,4.6090534979e-02,-1.3513134575e+27,0.0000000000e+00,0.0000000000e+00,-3.8884128241e+22,0.0000000000e+00,0.0000000000e+00,4.5097206557e+08
1.6800000000e+02,4.3713843696e+03,5.9892916911e+03,0.0000000000e+00,4.6090534979e-02,-1.3513134575e+27,0.0000000000e+00,0.0000000000e+00,-3.8885643362e+22,0.0000000000e+00,0.0000000000e+00,4.5097206557e+08
1.6900000000e+02,4.3712140385e+03,5.9890583182e+03,0.0000000000e+00,4.6090534979e-02,-1.3513134575e+27,0.0000000000e+00,0.0000000000e+00,-3.8887158601e+22,0.0000000000e+00,0.0000000000e+00,4.5097206557e+08
1.7000000000e+02,4.3710437074e+03,5.9888249453e+03,0.0000000000e+00,4.6090534979e-02,-1.3513134575e+27,0.0000000000e+00,0.0000000000e+00,-3.8888673959e+22,0.0000000000e+00,0.0000000000e+00,4.5097206557e+08
1.7100000000e+02,4.3708733762e+03,5.9885915723e+03,0.0000000000e+00,4.6090534979e-02,-1.3513134575e+27,0.0000000000e+00,0.0000000000e+00,-3.8890189435e+22,0.0000000000e+00,0.0000000000e+00,4.5097206557e+08
1.7200000000e+02,4.3707030451e+03,5.9883581994e+03,0.0000000000e+00,4.6090534979e-02,-1.3513134575e+27,0.0000000000e+00,0.0000000000e+00,-3.8891705028e+22,0.0000000000e+00,0.0000000000e+00,4.5097206557e+08
1.7300000000e+02,4.3705327140e+03,5.9881248264e+03,0.0000000000e+00,4.6090534979e-02,-1.3513134575e+27,0.0000000000e+00,0.0000000000e+00,-3.8893220740e+22,0.0000000000e+00,0.0000000000e+00,4.5097206557e+08
1.7400000000e+02,4.3703623828e+03,5.9878914535e+03,0.0000000000e+00,4.6090534979e-02,-1.3513134575e+27,0.0000000000e+00,0.0000000000e+00,-3.8894736570e+22,0.0000000000e+00,0.0000000000e+00,4.5097206557e+08
1.7500000000e+02,4.3701920517e+03,5.9876580805e+03,0.0000000000e+00,4.6090534979e-02,-1.3513134575e+27,0.0000000000e+00,0.0000000000e+00,-3.8896252518e+22,0.0000000000e+00,0.0000000000e+00,4.5097206557e+08
1.7600000000e+02,4.3700217206e+03,5.9874247076e+03,0.0000000000e+00,4.6090534979e-02,-1.3513134575e+27,0.0000000000e+00,0.0000000000e+00,-3.8897768585e+22,0.0000000000e+00,0.0000000000e+00,4.5097206557e+08
1.7700000000e+02,4.3698513894e+03,5.9871913346e+03,0.0000000000e+00,4.6090534979e-02,-1.3513134575e+27,0.0000000000e+00,0.0000000000e+00,-3.8899284769e+22,0.0000000000e+00,0.0000000000e+00,4.5097206557e+08
1.7800000000e+02,4.3696810583e+03,5.9869579617e+03,0.0000000000e+00,4.6090534979e-02,-1.3513134575e+27,0.0000000000e+00,0.0000000000e+00,-3.8900801072e+22,0.0000000000e+00,0.0000000000e+00,4.5097206557e+08
1.7900000000e+02,4.3695107272e+03,5.9867245888e+03,0.0000000000e+00,4.6090534979e-02,-1.3513134575e+27,0.0000000000e+00,0.0000000000e+00,-3.8902317493e+22,0.0000000000e+00,0.0000000000e+00,4.5097206557e+08
1.8000000000e+02,4.3693403960e+03,5.9864912158e+03,0.0000000000e+00,4.6090534979e-02,-1.3513134575e+27,0.0000000000e+00,0.0000000000e+00,-3.8903834032e+22,0.0000000000e+00,0.0000000000e+00,4.5097206557e+08
1.8100000000e+02,4.3691700649e+03,5.9862578429e+03,0.0000000000e+00,4.6090534979e-02,-1.3513134575e+27,0.0000000000e+00,0.0000000000e+00,-3.8905350689e+22,0.0000000000e+00,0.0000000000e+00,4.5097206557e+08
1.8200000000e+02,4.3689997338e+03,5.9860244699e+03,0.0000000000e+00,4.6090534979e-02,-1.3513134575e+27,0.0000000000e+00,0.0000000000e+00,-3.8906867465e+22,0.0000000000e+00,0.0000000000e+00,4.5097206557e+08
1.8300000000e+02,4.3688294026e+03,5.9857910970e+03,0.0000000000e+00,4.6090534979e-02,-1.3513134575e+27,0.0000000000e+00,0.0000000000e+00,-3.8908384359e+22,0.0000000000e+00,0.0000000000e+00,4.5097206557e+08
1.8400000000e+02,4.3686590715e+03,5.9855577240e+03,0.0000000000e+00,4.6090534979e-02,-1.3513134575e+27,0.0000000000e+00,0.0000000000e+00,-3.8909901371e+22,0.0000000000e+00,0.0000000000e+00,4.5097206557e+08
1.8500000000e+02,4.3684887404e+03,5.9853243511e+03,0.0000000000e+00,4.6090534979e-02,-1.3513134575e+27,0.0000000000e+00,0.0000000000e+00,-3.8911418502e+22,0.0000000000e+00,0.0000000000e+00,4.5097206557e+08
1.8600000000e+02,4.3683184092e+03,5.9850909781e+03,0.0000000000e+00,4.6090534979e-02,-1.3513134575e+27,0.0000000000e+00,0.0000000000e+00,-3.8912935750e+22,0.0000000000e+00,0.0000000000e+00,4.5097206557e+08
1.8700000000e+02,4.3681480781e+03,5.9848576052e+03,0.0000000000e+00,4.6090534979e-02,-1.3513134575e+27,0.0000000000e+00,0.0000000000e+00,-3.8914453118e+22,0.0000000000e+00,0.0000000000e+00,4.5097206557e+08
1.8800000000e+02,4.3679777470e+03,5.9846242323e+03,0.0000000000e+00,4.6090534979e-02,-1.3513134575e+27,0.0000000000e+00,0.0000000000e+00,-3.8915970603e+22,0.0000000000e+00,0.0000000000e+00,4.5097206557e+08
1.8900000000e+02,4.3678074158e+03,5.9843908593e+03,0.0000000000e+00,4.6090534979e-02,-1.3513134575e+27,0.0000000000e+00,0.0000000000e+00,-3.8917488207e+22,0.0000000000e+00,0.0000000000e+00,4.5097206557e+08
1.9000000000e+02,4.3676370847e+03,5.9841574864e+03,0.0000000000e+00,4.6090534979e-02,-1.3513134575e+27,0.0000000000e+00,0.0000000000e+00,-3.8919005929e+22,0.0000000000e+00,0.0000000000e+00,4.5097206557e+08
1.9100000000e+02,4.3674667536e+03,5.9839241134e+03,0.0000000000e+00,4.6090534979e-02,-1.3513134575e+27,0.0000000000e+00,0.0000000000e+00,-3.8920523770e+22,0.0000000000e+00,0.0000000000e+00,4.5097206557e+08
1.9200000000e+02,4.3672964224e+03,5.9836907405e+03,0.0000000000e+00,4.6090534979e-02,-1.3513134575e+27,0.0000000000e+00,0.0000000000e+00,-3.8922041729e+22,0.0000000000e+00,0.0000000000e+00,4.5097206557e+08
1.9300000000e+02,4.3671260913e+03,5.9834573675e+03,0.0000000000e+00,4.6090534979e-02,-1.3513134575e+27,0.0000000000e+00,0.0000000000e+00,-3.8923559806e+22,0.0000000000e+00,0.0000000000e+00,4.5097206557e+08
1.9400000000e+02,4.3669557602e+03,5.9832239946e+03,0.0000000000e+00,4.6090534979e-02,-1.3513134575e+27,0.0000000000e+00,0.0000000000e+00,-3.8925078002e+22,0.0000000000e+00,0.0000000000e+00,4.5097206557e+08
1.9500000000e+02,4.3667854290e+03,5.9829906216e+03,0.0000000000e+00,4.6090534979e-02,-1.3513134575e+27,0.0000000000e+00,0.0000000000e+00,-3.8926596316e+22,0.0000000000e+00,0.0000000000e+00,4.5097206557e+08
1.9600000000e+02,4.3666150979e+03,5.9827572487e+03,0.0000000000e+00,4.6090534979e-02,-1.3513134575e+27,0.0000000000e+00,0.0000000000e+00,-3.8928114749e+22,0.0000000000e+00,0.0000000000e+00,4.5097206557e+08
1.9700000000e+02,4.3664447668e+03,5.9825238758e+03,0.0000000000e+00,4.6090534979e-02,-1.3513134575e+27,0.0000000000e+00,0.0000000000e+00,-3.8929633300e+22,0.0000000000e+00,0.0000000000e+00,4.5097206557e+08
1.9800000000e+02,4.3662744356e+03,5.9822905028e+03,0.0000000000e+00,4.6090534979e-02,-1.3513134575e+27,0.0000000000e+00,0.0000000000e+00,-3.8931151970e+22,0.0000000000e+00,0.0000000000e+00,4.5097206557e+08
1.9900000000e+02,4.3661041045e+03,5.9820571299e+03,0.0000000000e+00,4.6090534979e-02,-1.3513134575e+27,0.0000000000e+00,0.0000000000e+00,-3.8932670758e+22,0.0000000000e+00,0.0000000000e+00,4.5097206557e+08
2.0000000000e+02,4.3659337734e+03,5.9818237569e+03,0.0000000000e+00,4.6090534979e-02,-1.3513134575e+27,0.0000000000e+00,0.0000000000e+00,-3.8934189665e+22,0.0000000000e+00,0.0000000000e+00,4.5097206557e+08
2.0100000000e+02,4.3657634422e+03,5.9815903840e+03,0.0000000000e+00,4.6090534979e-02,-1.3513134575e+27,0.0000000000e+00,0.0000000000e+00,-3.8935708690e+22,0.0000000000e+00,0.0000000000e+00,4.5097206557e+08
2.0200000000e+02,4.3655931111e+03,5.9813570110e+03,0.0000000000e+00,4.6090534979e-02,-1.3513134575e+27,0.0000000000e+00,0.0000000000e+00,-3.8937227834e+22,0.0000000000e+00,0.0000000000e+00,4.5097206557e+08
2.0300000000e+02,4.3654227800e+03,5.9811236381e+03,0.0000000000e+00,4.6090534979e-02,-1.3513134575e+27,0.0000000000e+00,0.0000000000e+00,-3.8938747096e+22,0.0000000000e+00,0.0000000000e+00,4.5097206557e+08
2.0400000000e+02,4.3652524488e+03,5.9808902652e+03,0.0000000000e+00,4.6090534979e-02,-1.3513134575e+27,0.0000000000e+00,0.0000000000e+00,-3.8940266477e+22,0.0000000000e+00,0.0000000000e+00,4.5097206557e+08
2.0500000000e+02,4.3650821177e+03,5.9806568922e+03,0.0000000000e+00,4.6090534979e-02,-1.3513134575e+27,0.0000000000e+00,0.0000000000e+00,-3.8941785976e+22,0.0000000000e+00,0.0000000000e+00,4.5097206557e+08
2.0600000000e+02,4.3649117866e+03,5.9804235193e+03,0.0000000000e+00,4.6090534979e-02,-1.3513134575e+27,0.0000000000e+00,0.0000000000e+00,-3.8943305594e+22,0.0000000000e+00,0.0000000000e+00,4.5097206557e+08
2.0700000000e+02,4.3647414555e+03,5.9801901463e+03,0.0000000000e+00,4.6090534979e-02,-1.3513134575e+27,0.0000000000e+00,0.0000000000e+00,-3.8944825331e+22,0.0000000000e+00,0.0000000000e+00,4.5097206557e+08
2.0800000000e+02,4.3645711243e+03,5.9799567734e+03,0.0000000000e+00,4.6090534979e-02,-1.3513134575e+27,0.0000000000e+00,0.0000000000e+00,-3.8946345186e+22,0.0000000000e+00,0.0000000000e+00,4.5097206557e+08
2.0900000000e+02,4.3644007932e+03,5.9797234004e+03,0.0000000000e+00,4.6090534979e-02,-1.3513134575e+27,0.0000000000e+00,0.0000000000e+00,-3.8947865160e+22,0.0000000000e+00,0.0000000000e+00,4.5097206557e+08
2.1000000000e+02,4.3642304621e+03,5.9794900275e+03,0.0000000000e+00,4.6090534979e-02,-1.3513134575e+27,0.0000000000e+00,0.0000000000e+00,-3.8949385252e+22,0.0000000000e+00,0.0000000000e+00,4.5097206557e+08
2.1100000000e+02,4.3640601309e+03,5.9792566545e+03,0.0000000000e+00,4.6090534979e-02,-1.3513134575e+27,0.0000000000e+00,0.0000000000e+00,-3.8950905464e+22,0.0000000000e+00,0.0000000000e+00,4.5097206557e+08
2.1200000000e+02,4.3638897998e+03,5.9790232816e+03,0.0000000000e+00,4.6090534979e-02,-1.3513134575e+27,0.0000000000e+00,0.0000000000e+00,-3.8952425793e+22,0.0000000000e+00,0.0000000000e+00,4.5097206557e+08
2.1300000000e+02,4.3637194687e+03,5.9787899087e+03,0.0000000000e+00,4.6090534979e-02,-1.3513134575e+27,0.0000000000e+00,0.0000000000e+00,-3.8953946242e+22,0.0000000000e+00,0.0000000000e+00,4.5097206557e+08
2.1400000000e+02,4.3635491375e+03,5.9785565357e+03,0.0000000000e+00,4.6090534979e-02,-1.3513134575e+27,0.0000000000e+00,0.0000000000e+00,-3.8955466809e+22,0.0000000000e+00,0.0000000000e+00,4.5097206557e+08
2.1500000000e+02,4.3633788064e+03,5.9783231628e+03,0.0000000000e+00,4.6090534979e-02,-1.3513134575e+27,0.0000000000e+00,0.0000000000e+00,-3.8956987495e+22,0.0000000000e+00,0.0000000000e+00,4.5097206557e+08
2.1600000000e+02,4.3632084753e+03,5.9780897898e+03,0.0000000000e+00,4.6090534979e-02,-1.3513134575e+27,0.0000000000e+00,0.0000000000e+00,-3.8958508300e+22,0.0000000000e+00,0.0000000000e+00,4.5097206557e+08
2.1700000000e+02,4.3630381441e+03,5.9778564169e+03,0.0000000000e+00,4.6090534979e-02,-1.3513134575e+27,0.0000000000e+00,0.0000000000e+00,-3.8960029223e+22,0.0000000000e+00,0.0000000000e+00,4.5097206557e+08
2.1800000000e+02,4.3628678130e+03,5.9776230439e+03,0.0000000000e+00,4.6090534979e-02,-1.3513134575e+27,0.0000000000e+00,0.0000000000e+00,-3.8961550265e+22,0.0000000000e+00,0.0000000000e+00,4.5097206557e+08
2.1900000000e+02,4.3626974819e+03,5.9773896710e+03,0.0000000000e+00,4.6090534979e-02,-1.3513134575e+27,0.0000000000e+00,0.0000000000e+00,-3.8963071426e+22,0.0000000000e+00,0.0000000000e+00,4.5097206557e+08
2.2000000000e+02,4.3625271507e+03,5.9771562980e+03,0.0000000000e+00,4.6090534979e-02,-1.3513134575e+27,0.0000000000e+00,0.0000000000e+00,-3.8964592706e+22,0.0000000000e+00,0.0000000000e+00,4.5097206557e+08
2.2100000000e+02,4.3623568196e+03,5.9769229251e+03,0.0000000000e+00,4.6090534979e-02,-1.3513134575e+27,0.0000000000e+00,0.0000000000e+00,-3.8966114104e+22,0.0000000000e+00,0.0000000000e+00,4.5097206557e+08
2.2200000000e+02,4.3621864885e+03,5.9766895522e+03,0.0000000000e+00,4.6090534979e-02,-1.3513134575e+27,0.0000000000e+00,0.0000000000e+00,-3.8967635622e+22,0.0000000000e+00,0.0000000000e+00,4.5097206557e+08
2.2300000000e+02,4.3620161573e+03,5.9764561792e+03,0.0000000000e+00,4.6090534979e-02,-1.3513134575e+27,0.0000000000e+00,0.0000000000e+00,-3.8969157258e+22,0.0000000000e+00,0.0000000000e+00,4.5097206557e+08
2.2400000000e+02,4.3618458262e+03,5.9762228063e+03,0.0000000000e+00,4.6090534979e-02,-1.3513134575e+27,0.0000000000e+00,0.0000000000e+00,-3.8970679013e+22,0.0000000000e+00,0.0000000000e+00,4.5097206557e+08
2.2500000000e+02,4.3616754951e+03,5.9759894333e+03,0.0000000000e+00,4.6090534979e-02,-1.3513134575e+27,0.0000000000e+00,0.0000000000e+00,-3.8972200887e+22,0.0000000000e+00,0.0000000000e+00,4.5097206557e+08
2.2600000000e+02,4.3615051639e+03,5.9757560604e+03,0.0000000000e+00,4.6090534979e-02,-1.3513134575e+27,0.0000000000e+00,0.0000000000e+00,-3.8973722880e+22,0.0000000000e+00,0.0000000000e+00,4.5097206557e+08
2.2700000000e+02,4.3613348328e+03,5.9755226874e+03,0.0000000000e+00,4.6090534979e-02,-1.3513134575e+27,0.0000000000e+00,0.0000000000e+00,-3.8975244991e+22,0.0000000000e+00,0.0000000000e+00,4.5097206557e+08
2.2800000000e+02,4.3611645017e+03,5.9752893145e+03,0.0000000000e+00,4.6090534979e-02,-1.3513134575e+27,0.0000000000e+00,0.0000000000e+00,-3.8976767222e+22,0.0000000000e+00,0.0000000000e+00,4.5097206557e+08
2.2900000000e+02,4.3609941705e+03,5.9750559415e+03,0.0000000000e+00,4.6090534979e-02,-1.3513134575e+27,0.0000000000e+00,0.0000000000e+00,-3.8978289571e+22,0.0000000000e+00,0.0000000000e+00,4.5097206557e+08
2.3000000000e+02,4.3608238394e+03,5.9748225686e+03,0.0000000000e+00,4.6090534979e-02,-1.3513134575e+27,0.0000000000e+00,0.0000000000e+00,-3.8979812039e+22,0.0000000000e+00,0.0000000000e+00,4.5097206557e+08
2.3100000000e+02,4.3606535083e+03,5.9745891957e+03,0.0000000000e+00,4.6090534979e-02,-1.3513134575e+27,0.0000000000e+00,0.0000000000e+00,-3.8981334627e+22,0.0000000000e+00,0.0000000000e+00,4.5097206557e+08
2.3200000000e+02,4.3604831771e+03,5.9743558227e+03,0.0000000000e+00,4.6090534979e-02,-1.3513134575e+27,0.0000000000e+00,0.0000000000e+00,-3.8982857333e+22,0.0000000000e+00,0.0000000000e+00,4.5097206557e+08
2.3300000000e+02,4.3603128460e+03,5.9741224498e+03,0.0000000000e+00,4.6090534979e-02,-1.3513134575e+27,0.0000000000e+00,0.0000000000e+00,-3.8984380158e+22,0.0000000000e+00,0.0000000000e+00,4.5097206557e+08
2.3400000000e+02,4.3601425149e+03,5.9738890768e+03,0.0000000000e+00,4.6090534979e-02,-1.3513134575e+27,0.0000000000e+00,0.0000000000e+00,-3.8985903102e+22,0.0000000000e+00,0.0000000000e+00,4.5097206557e+08
2.3500000000e+02,4.3599721837e+03,5.9736557039e+03,0.0000000000e+00,4.6090534979e-02,-1.3513134575e+27,0.0000000000e+00,0.0000000000e+00,-3.8987426165e+22,0.0000000000e+00,0.0000000000e+00,4.5097206557e+08
2.3600000000e+02,4.3598018526e+03,5.9734223309e+03,0.0000000000e+00,4.6090534979e-02,-1.3513134575e+27,0.0000000000e+00,0.0000000000e+00,-3.8988949348e+22,0.0000000000e+00,0.0000000000e+00,4.5097206557e+08
2.3700000000e+02,4.3596315215e+03,5.9731889580e+03,0.0000000000e+00,4.6090534979e-02,-1.3513134575e+27,0.0000000000e+00,0.0000000000e+00,-3.8990472649e+22,0.0000000000e+00,0.0000000000e+00,4.5097206557e+08
2.3800000000e+02,4.3594611903e+03,5.9729555851e+03,0.0000000000e+00,4.6090534979e-02,-1.3513134575e+27,0.0000000000e+00,0.0000000000e+00,-3.8991996069e+22,0.0000000000e+00,0.0000000000e+00,4.5097206557e+08
2.3900000000e+02,4.3592908592e+03,5.9727222121e+03,0.0000000000e+00,4.6090534979e-02,-1.3513134575e+27,0.0000000000e+00,0.0000000000e+00,-3.8993519608e+22,0.0000000000e+00,0.0000000000e+00,4.5097206557e+08
2.4000000000e+02,4.3591205281e+03,5.9724888392e+03,0.0000000000e+00,4.6090534979e-02,-1.3513134575e+27,0.0000000000e+00,0.0000000000e+00,-3.8995043267e+22,0.0000000000e+00,0.0000000000e+00,4.5097206557e+08
2.4100000000e+02,4.3589501969e+03,5.9722554662e+03,0.0000000000e+00,4.6090534979e-02,-1.3513134575e+27,0.0000000000e+00,0.0000000000e+00,-3.8996567044e+22,0.0000000000e+00,0.0000000000e+00,4.5097206557e+08
2.4200000000e+02,4.3587798658e+03,5.9720220933e+03,0.0000000000e+00,4.6090534979e-02,-1.3513134575e+27,0.0000000000e+00,0.0000000000e+00,-3.8998090941e+22,0.0000000000e+00,0.0000000000e+00,4.5097206557e+08
2.4300000000e+02,4.3586095347e+03,5.9717887203e+03,0.0000000000e+00,4.6090534979e-02,-1.3513134575e+27,0.0000000000e+00,0.0000000000e+00,-3.8999614956e+22,0.0000000000e+00,0.0000000000e+00,4.5097206557e+08
2.4400000000e+02,4.3584392035e+03,5.9715553474e+03,0.0000000000e+00,4.6090534979e-02,-1.3513134575e+27,0.0000000000e+00,0.0000000000e+00,-3.9001139091e+22,0.0000000000e+00,0.0000000000e+00,4.5097206557e+08
2.4500000000e+02,4.3582688724e+03,5.9713219744e+03,0.0000000000e+00,4.6090534979e-02,-1.3513134575e+27,0.0000000000e+00,0.0000000000e+00,-3.9002663345e+22,0.0000000000e+00,0.0000000000e+00,4.5097206557e+08
2.4600000000e+02,4.3580985413e+03,5.9710886015e+03,0.0000000000e+00,4.6090534979e-02,-1.3513134575e+27,0.0000000000e+00,0.0000000000e+00,-3.9004187718e+22,0.0000000000e+00,0.0000000000e+00,4.5097206557e+08
2.4700000000e+02,4.3579282101e+03,5.9708552286e+03,0.0000000000e+00,4.6090534979e-02,-1.3513134575e+27,0.0000000000e+00,0.0000000000e+00,-3.9005712210e+22,0.0000000000e+00,0.0000000000e+00,4.5097206557e+08
2.4800000000e+02,4.3577578790e+03,5.9706218556e+03,0.0000000000e+00,4.6090534979e-02,-1.3513134575e+27,0.0000000000e+00,0.0000000000e+00,-3.9007236821e+22,0.0000000000e+00,0.0000000000e+00,4.5097206557e+08
2.4900000000e+02,4.3575875479e+03,5.9703884827e+03,0.0000000000e+00,4.6090534979e-02,-1.3513134575e+27,0.0000000000e+00,0.0000000000e+00,-3.9008761552e+22,0.0000000000e+00,0.0000000000e+00,4.5097206557e+08
2.5000000000e+02,4.3574172167e+03,5.9701551097e+03,0.0000000000e+00,4.6090534979e-02,-1.3513134575e+27,0.0000000000e+00,0.0000000000e+00,-3.9010286402e+22,0.0000000000e+00,0.0000000000e+00,4.5097206557e+08
2.5100000000e+02,4.3572468856e+03,5.9699217368e+03,0.0000000000e+00,4.6090534979e-02,-1.3513134575e+27,0.0000000000e+00,0.0000000000e+00,-3.9011811371e+22,0.0000000000e+00,0.0000000000e+00,4.5097206557e+08
2.5200000000e+02,4.3570765545e+03,5.9696883638e+03,0.0000000000e+00,4.6090534979e-02,-1.3513134575e+27,0.0000000000e+00,0.0000000000e+00,-3.9013336459e+22,0.0000000000e+00,0.0000000000e+00,4.5097206557e+08
2.5300000000e+02,4.3569062233e+03,5.9694549909e+03,0.0000000000e+00,4.6090534979e-02,-1.3513134575e+27,0.0000000000e+00,0.0000000000e+00,-3.9014861666e+22,0.0000000000e+00,0.0000000000e+00,4.5097206557e+08
2.5400000000e+02,4.3567358922e+03,5.9692216179e+03,0.0000000000e+00,4.6090534979e-02,-1.3513134575e+27,0.0000000000e+00,0.0000000000e+00,-3.9016386993e+22,0.0000000000e+00,0.0000000000e+00,4.5097206557e+08
2.5500000000e+02,4.3565655611e+03,5.9689882450e+03,0.0000000000e+00,4.6090534979e-02,-1.3513134575e+27,0.0000000000e+00,0.0000000000e+00,-3.9017912439e+22,0.0000000000e+00,0.0000000000e+00,4.5097206557e+08
2.5600000000e+02,4.3563952299e+03,5.9687548721e+03,0.0000000000e+00,4.6090534979e-02,-1.3513134575e+27,0.0000000000e+00,0.0000000000e+00,-3.9019438004e+22,0.0000000000e+00,0.0000000000e+00,4.5097206557e+08
2.5700000000e+02,4.3562248988e+03,5.9685214991e+03,0.0000000000e+00,4.6090534979e-02,-1.3513134575e+27,0.0000000000e+00,0.0000000000e+00,-3.9020963689e+22,0.0000000000e+00,0.0000000000e+00,4.5097206557e+08
2.5800000000e+02,4.3560545677e+03,5.9682881262e+03,0.0000000000e+00,4.6090534979e-02,-1.3513134575e+27,0.0000000000e+00,0.0000000000e+00,-3.9022489493e+22,0.0000000000e+00,0.0000000000e+00,4.5097206557e+08
2.5900000000e+02,4.3558842365e+03,5.9680547532e+03,0.0000000000e+00,4.6090534979e-02,-1.3513134575e+27,0.0000000000e+00,0.0000000000e+00,-3.9024015416e+22,0.0000000000e+00,0.0000000000e+00,4.5097206557e+08
2.6000000000e+02,4.3557139054e+03,5.9678213803e+03,0.0000000000e+00,4.6090534979e-02,-1.3513134575e+27,0.0000000000e+00,0.0000000000e+00,-3.9025541459e+22,0.0000000000e+00,0.0000000000e+00,4.5097206557e+08
2.6100000000e+02,4.3555435743e+03,5.9675880073e+03,0.0000000000e+00,4.6090534979e-02,-1.3513134575e+27,0.0000000000e+00,0.0000000000e+00,-3.9027067620e+22,0.0000000000e+00,0.0000000000e+00,4.5097206557e+08
2.6200000000e+02,4.3553732431e+03,5.9673546344e+03,0.0000000000e+00,4.6090534979e-02,-1.3513134575e+27,0.0000000000e+00,0.0000000000e+00,-3.9028593902e+22,0.0000000000e+00,0.0000000000e+00,4.5097206557e+08
2.6300000000e+02,4.3552029120e+03,5.9671212614e+03,0.0000000000e+00,4.6090534979e-02,-1.3513134575e+27,0.0000000000e+00,0.0000000000e+00,-3.9030120302e+22,0.0000000000e+00,0.0000000000e+00,4.5097206557e+08
2.6400000000e+02,4.3550325809e+03,5.9668878885e+03,0.0000000000e+00,4.6090534979e-02,-1.3513134575e+27,0.0000000000e+00,0.0000000000e+00,-3.9031646822e+22,0.0000000000e+00,0.0000000000e+00,4.5097206557e+08
2.6500000000e+02,4.3548622497e+03,5.9666545156e+03,0.0000000000e+00,4.6090534979e-02,-1.3513134575e+27,0.0000000000e+00,0.0000000000e+00,-3.9033173462e+22,0.0000000000e+00,0.0000000000e+00,4.5097206557e+08
2.6600000000e+02,4.3546919186e+03,5.9664211426e+03,0.0000000000e+00,4.6090534979e-02,-1.3513134575e+27,0.0000000000e+00,0.0000000000e+00,-3.9034700221e+22,0.0000000000e+00,0.0000000000e+00,4.5097206557e+08
2.6700000000e+02,4.3545215875e+03,5.9661877697e+03,0.0000000000e+00,4.6090534979e-02,-1.3513134575e+27,0.0000000000e+00,0.0000000000e+00,-3.9036227099e+22,0.0000000000e+00,0.0000000000e+00,4.5097206557e+08
2.6800000000e+02,4.3543512563e+03,5.9659543967e+03,0.0000000000e+00,4.6090534979e-02,-1.3513134575e+27,0.0000000000e+00,0.0000000000e+00,-3.9037754097e+22,0.0000000000e+00,0.0000000000e+00,4.5097206557e+08
2.6900000000e+02,4.3541809252e+03,5.9657210238e+03,0.0000000000e+00,4.6090534979e-02,-1.3513134575e+27,0.0000000000e+00,0.0000000000e+00,-3.9039281214e+22,0.0000000000e+00,0.0000000000e+00,4.5097206557e+08
2.7000000000e+02,4.3540105941e+03,5.9654876508e+03,0.0000000000e+00,4.6090534979e-02,-1.3513134575e+27,0.0000000000e+00,0.0000000000e+00,-3.9040808451e+22,0.0000000000e+00,0.0000000000e+00,4.5097206557e+08
2.7100000000e+02,4.3538402629e+03,5.9652542779e+03,0.0000000000e+00,4.6090534979e-02,-1.3513134575e+27,0.0000000000e+00,0.0000000000e+00,-3.9042335807e+22,0.0000000000e+00,0.0000000000e+00,4.5097206557e+08
2.7200000000e+02,4.3536699318e+03,5.9650209050e+03,0.0000000000e+00,4.6090534979e-02,-1.3513134575e+27,0.0000000000e+00,0.0000000000e+00,-3.9043863283e+22,0.0000000000e+00,0.0000000000e+00,4.5097206557e+08
2.7300000000e+02,4.3534996007e+03,5.9647875320e+03,0.0000000000e+00,4.6090534979e-02,-1.3513134575e+27,0.0000000000e+00,0.0000000000e+00,-3.9045390878e+22,0.0000000000e+00,0.0000000000e+00,4.5097206557e+08
2.7400000000e+02,4.3533292695e+03,5.9645541591e+03,0.0000000000e+00,4.6090534979e-02,-1.3513134575e+27,0.0000000000e+00,0.0000000000e+00,-3.9046918593e+22,0.0000000000e+00,0.0000000000e+00,4.5097206557e+08
2.7500000000e+02,4.3531589384e+03,5.9643207861e+03,0.0000000000e+00,4.6090534979e-02,-1.3513134575e+27,0.0000000000e+00,0.0000000000e+00,-3.9048446428e+22,0.0000000000e+00,0.0000000000e+00,4.5097206557e+08
2.7600000000e+02,4.3529886073e+03,5.9640874132e+03,0.0000000000e+00,4.6090534979e-02,-1.3513134575e+27,0.0000000000e+00,0.0000000000e+00,-3.9049974381e+22,0.0000000000e+00,0.0000000000e+00,4.5097206557e+08
2.7700000000e+02,4.3528182761e+03,5.9638540402e+03,0.0000000000e+00,4.6090534979e-02,-1.3513134575e+27,0.0000000000e+00,0.0000000000e+00,-3.9051502455e+22,0.0000000000e+00,0.0000000000e+00,4.5097206557e+08
2.7800000000e+02,4.3526479450e+03,5.9636206673e+03,0.0000000000e+00,4.6090534979e-02,-1.3513134575e+27,0.0000000000e+00,0.0000000000e+00,-3.9053030648e+22,0.0000000000e+00,0.0000000000e+00,4.5097206557e+08
2.7900000000e+02,4.3524776139e+03,5.9633872943e+03,0.0000000000e+00,4.6090534979e-02,-1.3513134575e+27,0.0000000000e+00,0.0000000000e+00,-3.9054558961e+22,0.0000000000e+00,0.0000000000e+00,4.5097206557e+08
2.8000000000e+02,4.3523072827e+03,5.9631539214e+03,0.0000000000e+00,4.6090534979e-02,-1.3513134575e+27,0.0000000000e+00,0.0000000000e+00,-3.9056087393e+22,0.0000000000e+00,0.0000000000e+00,4.5097206557e+08
2.8100000000e+02,4.3521369516e+03,5.9629205485e+03,0.0000000000e+00,4.6090534979e-02,-1.3513134575e+27,0.0000000000e+00,0.0000000000e+00,-3.9057615945e+22,0.0000000000e+00,0.0000000000e+00,4.5097206557e+08
2.8200000000e+02,4.3519666205e+03,5.9626871755e+03,0.0000000000e+00,4.6090534979e-02,-1.3513134575e+27,0.0000000000e+00,0.0000000000e+00,-3.9059144617e+22,0.0000000000e+00,0.0000000000e+00,4.5097206557e+08
2.8300000000e+02,4.3517962893e+03,5.9624538026e+03,0.0000000000e+00,4.6090534979e-02,-1.3513134575e+27,0.0000000000e+00,0.0000000000e+00,-3.9060673408e+22,0.0000000000e+00,0.0000000000e+00,4.5097206557e+08
2.8400000000e+02,4.3516259582e+03,5.9622204296e+03,0.0000000000e+00,4.6090534979e-02,-1.3513134575e+27,0.0000000000e+00,0.0000000000e+00,-3.9062202319e+22,0.0000000000e+00,0.0000000000e+00,4.5097206557e+08
2.8500000000e+02,4.3514556271e+03,5.9619870567e+03,0.0000000000e+00,4.6090534979e-02,-1.3513134575e+27,0.0000000000e+00,0.0000000000e+00,-3.9063731350e+22,0.0000000000e+00,0.0000000000e+00,4.5097206557e+08
2.8600000000e+02,4.3512852959e+03,5.9617536837e+03,0.0000000000e+00,4.6090534979e-02,-1.3513134575e+27,0.0000000000e+00,0.0000000000e+00,-3.9065260500e+22,0.0000000000e+00,0.0000000000e+00,4.5097206557e+08
2.8700000000e+02,4.3511149648e+03,5.9615203108e+03,0.0000000000e+00,4.6090534979e-02,-1.3513134575e+27,0.0000000000e+00,0.0000000000e+00,-3.9066789770e+22,0.0000000000e+00,0.0000000000e+00,4.5097206557e+08
2.8800000000e+02,4.3509446337e+03,5.9612869378e+03,0.0000000000e+00,4.6090534979e-02,-1.3513134575e+27,0.0000000000e+00,0.0000000000e+00,-3.9068319160e+22,0.0000000000e+00,0.0000000000e+00,4.5097206557e+08
2.8900000000e+02,4.3507743025e+03,5.9610535649e+03,0.0000000000e+00,4.6090534979e-02,-1.3513134575e+27,0.0000000000e+00,0.0000000000e+00,-3.9069848670e+22,0.0000000000e+00,0.0000000000e+00,4.5097206557e+08
2.9000000000e+02,4.3506039714e+03,5.9608201920e+03,0.0000000000e+00,4.6090534979e-02,-1.3513134575e+27,0.0000000000e+00,0.0000000000e+00,-3.9071378299e+22,0.0000000000e+00,0.0000000000e+00,4.5097206557e+08
2.9100000000e+02,4.3504336403e+03,5.9605868190e+03,0.0000000000e+00,4.6090534979e-02,-1.3513134575e+27,0.0000000000e+00,0.0000000000e+00,-3.9072908048e+22,0.0000000000e+00,0.0000000000e+00,4.5097206557e+08
2.9200000000e+02,4.3502633091e+03,5.9603534461e+03,0.0000000000e+00,4.6090534979e-02,-1.3513134575e+27,0.0000000000e+00,0.0000000000e+00,-3.9074437917e+22,0.0000000000e+00,0.0000000000e+00,4.5097206557e+08
2.9300000000e+02,4.3500929780e+03,5.9601200731e+03,0.0000000000e+00,4.6090534979e-02,-1.3513134575e+27,0.0000000000e+00,0.0000000000e+00,-3.9075967906e+22,0.0000000000e+00,0.0000000000e+00,4.5097206557e+08
2.9400000000e+02,4.3499226469e+03,5.9598867002e+03,0.0000000000e+00,4.6090534979e-02,-1.3513134575e+27,0.0000000000e+00,0.0000000000e+00,-3.9077498015e+22,0.0000000000e+00,0.0000000000e+00,4.5097206557e+08
2.9500000000e+02,4.3497523157e+03,5.9596533272e+03,0.0000000000e+00,4.6090534979e-02,-1.3513134575e+27,0.0000000000e+00,0.0000000000e+00,-3.9079028243e+22,0.0000000000e+00,0.0000000000e+00,4.5097206557e+08
2.9600000000e+02,4.3495819846e+03,5.9594199543e+03,0.0000000000e+00,4.6090534979e-02,-1.3513134575e+27,0.0000000000e+00,0.0000000000e+00,-3.9080558591e+22,0.0000000000e+00,0.0000000000e+00,4.5097206557e+08
2.9700000000e+02,4.3494116535e+03,5.9591865813e+03,0.0000000000e+00,4.6090534979e-02,-1.3513134575e+27,0.0000000000e+00,0.0000000000e+00,-3.9082089059e+22,0.0000000000e+00,0.0000000000e+00,4.5097206557e+08
2.9800000000e+02,4.3492413223e+03,5.9589532084e+03,0.0000000000e+00,4.6090534979e-02,-1.3513134575e+27,0.0000000000e+00,0.0000000000e+00,-3.9083619647e+22,0.0000000000e+00,0.0000000000e+00,4.5097206557e+08
2.9900000000e+02,4.3490709912e+03,5.9587198355e+03,0.0000000000e+00,4.6090534979e-02,-1.3513134575e+27,0.0000000000e+00,0.0000000000e+00,-3.9085150355e+22,0.0000000000e+00,0.0000000000e+00,4.5097206557e+08
3.0000000000e+02,4.3489006601e+03,5.9584864625e+03,0.0000000000e+00,4.6090534979e-02,-1.3513134575e+27,0.0000000000e+00,0.0000000000e+00,-3.9086681183e+22,0.0000000000e+00,0.0000000000e+00,4.5097206557e+08
3.0100000000e+02,4.3487303289e+03,5.9582530896e+03,0.0000000000e+00,4.6090534979e-02,-1.3513134575e+27,0.0000000000e+00,0.0000000000e+00,-3.9088212131e+22,0.0000000000e+00,0.0000000000e+00,4.5097206557e+08
3.0200000000e+02,4.3485599978e+03,5.9580197166e+03,0.0000000000e+00,4.6090534979e-02,-1.3513134575e+27,0.0000000000e+00,0.0000000000e+00,-3.9089743198e+22,0.0000000000e+00,0.0000000000e+00,4.5097206557e+08
3.0300000000e+02,4.3483896667e+03,5.9577863437e+03,0.0000000000e+00,4.6090534979e-02,-1.3513134575e+27,0.0000000000e+00,0.0000000000e+00,-3.9091274386e+22,0.0000000000e+00,0.0000000000e+00,4.5097206557e+08
3.0400000000e+02,4.3482193355e+03,5.9575529707e+03,0.0000000000e+00,4.6090534979e-02,-1.3513134575e+27,0.0000000000e+00,0.0000000000e+00,-3.9092805693e+22,0.0000000000e+00,0.0000000000e+00,4.5097206557e+08
3.0500000000e+02,4.3480490044e+03,5.9573195978e+03,0.0000000000e+00,4.6090534979e-02,-1.3513134575e+27,0.0000000000e+00,0.0000000000e+00,-3.9094337121e+22,0.0000000000e+00,0.0000000000e+00,4.5097206557e+08
3.0600000000e+02,4.3478786733e+03,5.9570862249e+03,0.0000000000e+00,4.6090534979e-02,-1.3513134575e+27,0.0000000000e+00,0.0000000000e+00,-3.9095868668e+22,0.0000000000e+00,0.0000000000e+00,4.5097206557e+08
3.0700000000e+02,4.3477083421e+03,5.9568528519e+03,0.0000000000e+00,4.6090534979e-02,-1.3513134575e+27,0.0000000000e+00,0.0000000000e+00,-3.9097400336e+22,0.0000000000e+00,0.0000000000e+00,4.5097206557e+08
3.0800000000e+02,4.3475380110e+03,5.9566194790e+03,0.0000000000e+00,4.6090534979e-02,-1.3513134575e+27,0.0000000000e+00,0.0000000000e+00,-3.9098932123e+22,0.0000000000e+00,0.0000000000e+00,4.5097206557e+08
3.0900000000e+02,4.3473676799e+03,5.9563861060e+03,0.0000000000e+00,4.6090534979e-02,-1.3513134575e+27,0.0000000000e+00,0.0000000000e+00,-3.9100464031e+22,0.0000000000e+00,0.0000000000e+00,4.5097206557e+08
3.1000000000e+02,4.3471973487e+03,5.9561527331e+03,0.0000000000e+00,4.6090534979e-02,-1.3513134575e+27,0.0000000000e+00,0.0000000000e+00,-3.9101996059e+22,0.0000000000e+00,0.0000000000e+00,4.5097206557e+08
3.1100000000e+02,4.3470270176e+03,5.9559193601e+03,0.0000000000e+00,4.6090534979e-02,-1.3513134575e+27,0.0000000000e+00,0.0000000000e+00,-3.9103528206e+22,0.0000000000e+00,0.0000000000e+00,4.5097206557e+08
3.1200000000e+02,4.3468566865e+03,5.9556859872e+03,0.0000000000e+00,4.6090534979e-02,-1.3513134575e+27,0.0000000000e+00,0.0000000000e+00,-3.9105060474e+22,0.0000000000e+00,0.0000000000e+00,4.5097206557e+08
3.1300000000e+02,4.3466863553e+03,5.9554526142e+03,0.0000000000e+00,4.6090534979e-02,-1.3513134575e+27,0.0000000000e+00,0.0000000000e+00,-3.9106592862e+22,0.0000000000e+00,0.0000000000e+00,4.5097206557e+08
3.1400000000e+02,4.3465160242e+03,5.9552192413e+03,0.0000000000e+00,4.6090534979e-02,-1.3513134575e+27,0.0000000000e+00,0.0000000000e+00,-3.9108125370e+22,0.0000000000e+00,0.0000000000e+00,4.5097206557e+08
3.1500000000e+02,4.3463456931e+03,5.9549858684e+03,0.0000000000e+00,4.6090534979e-02,-1.3513134575e+27,0.0000000000e+00,0.0000000000e+00,-3.9109657998e+22,0.0000000000e+00,0.0000000000e+00,4.5097206557e+08
3.1600000000e+02,4.3461753619e+03,5.9547524954e+03,0.0000000000e+00,4.6090534979e-02,-1.3513134575e+27,0.0000000000e+00,0.0000000000e+00,-3.9111190746e+22,0.0000000000e+00,0.0000000000e+00,4.5097206557e+08
3.1700000000e+02,4.3460050308e+03,5.9545191225e+03,0.0000000000e+00,4.6090534979e-02,-1.3513134575e+27,0.0000000000e+00,0.0000000000e+00,-3.9112723614e+22,0.0000000000e+00,0.0000000000e+00,4.5097206557e+08
3.1800000000e+02,4.3458346997e+03,5.9542857495e+03,0.0000000000e+00,4.6090534979e-02,-1.3513134575e+27,0.0000000000e+00,0.0000000000e+00,-3.9114256603e+22,0.0000000000e+00,0.0000000000e+00,4.5097206557e+08
3.1900000000e+02,4.3456643685e+03,5.9540523766e+03,0.0000000000e+00,4.6090534979e-02,-1.3513134575e+27,0.0000000000e+00,0.0000000000e+00,-3.9115789711e+22,0.0000000000e+00,0.0000000000e+00,4.5097206557e+08
3.2000000000e+02,4.3454940374e+03,5.9538190036e+03,0.0000000000e+00,4.6090534979e-02,-1.3513134575e+27,0.0000000000e+00,0.0000000000e+00,-3.9117322940e+22,0.0000000000e+00,0.0000000000e+00,4.5097206557e+08
3.2100000000e+02,4.3453237063e+03,5.9535856307e+03,0.0000000000e+00,4.6090534979e-02,-1.3513134575e+27,0.0000000000e+00,0.0000000000e+00,-3.9118856289e+22,0.0000000000e+00,0.0000000000e+00,4.5097206557e+08
3.2200000000e+02,4.3451533751e+03,5.9533522577e+03,0.0000000000e+00,4.6090534979e-02,-1.3513134575e+27,0.0000000000e+00,0.0000000000e+00,-3.9120389759e+22,0.0000000000e+00,0.0000000000e+00,4.5097206557e+08
3.2300000000e+02,4.3449830440e+03,5.9531188848e+03,0.0000000000e+00,4.6090534979e-02,-1.3513134575e+27,0.0000000000e+00,0.0000000000e+00,-3.9121923348e+22,0.0000000000e+00,0.0000000000e+00,4.5097206557e+08
3.2400000000e+02,4.3448127129e+03,5.9528855119e+03,0.0000000000e+00,4.6090534979e-02,-1.3513134575e+27,0.0000000000e+00,0.0000000000e+00,-3.9123457058e+22,0.0000000000e+00,0.0000000000e+00,4.5097206557e+08
3.2500000000e+02,4.3446423817e+03,5.9526521389e+03,0.0000000000e+00,4.6090534979e-02,-1.3513134575e+27,0.0000000000e+00,0.0000000000e+00,-3.9124990888e+22,0.0000000000e+00,0.0000000000e+00,4.5097206557e+08
3.2600000000e+02,4.3444720506e+03,5.9524187660e+03,0.0000000000e+00,4.6090534979e-02,-1.3513134575e+27,0.0000000000e+00,0.0000000000e+00,-3.9126524838e+22,0.0000000000e+00,0.0000000000e+00,4.5097206557e+08
3.2700000000e+02,4.3443017195e+03,5.9521853930e+03,0.0000000000e+00,4.6090534979e-02,-1.3513134575e+27,0.0000000000e+00,0.0000000000e+00,-3.9128058909e+22,0.0000000000e+00,0.0000000000e+00,4.5097206557e+08
3.2800000000e+02,4.3441313883e+03,5.9519520201e+03,0.0000000000e+00,4.6090534979e-02,-1.3513134575e+27,0.0000000000e+00,0.0000000000e+00,-3.9129593099e+22,0.0000000000e+00,0.0000000000e+00,4.5097206557e+08
3.2900000000e+02,4.3439610572e+03,5.9517186471e+03,0.0000000000e+00,4.6090534979e-02,-1.3513134575e+27,0.0000000000e+00,0.0000000000e+00,-3.9131127411e+22,0.0000000000e+00,0.0000000000e+00,4.5097206557e+08
3.3000000000e+02,4.3437907261e+03,5.9514852742e+03,0.0000000000e+00,4.6090534979e-02,-1.3513134575e+27,0.0000000000e+00,0.0000000000e+00,-3.9132661842e+22,0.0000000000e+00,0.0000000000e+00,4.5097206557e+08
3.3100000000e+02,4.3436203949e+03,5.9512519012e+03,0.0000000000e+00,4.6090534979e-02,-1.3513134575e+27,0.0000000000e+00,0.0000000000e+00,-3.9134196394e+22,0.0000000000e+00,0.0000000000e+00,4.5097206557e+08
3.3200000000e+02,4.3434500638e+03,5.9510185283e+03,0.0000000000e+00,4.6090534979e-02,-1.3513134575e+27,0.0000000000e+00,0.0000000000e+00,-3.9135731066e+22,0.0000000000e+00,0.0000000000e+00,4.5097206557e+08
3.3300000000e+02,4.3432797327e+03,5.9507851554e+03,0.0000000000e+00,4.6090534979e-02,-1.3513134575e+27,0.0000000000e+00,0.0000000000e+00,-3.9137265859e+22,0.0000000000e+00,0.0000000000e+00,4.5097206557e+08
3.3400000000e+02,4.3431094015e+03,5.9505517824e+03,0.0000000000e+00,4.6090534979e-02,-1.3513134575e+27,0.0000000000e+00,0.0000000000e+00,-3.9138800772e+22,0.0000000000e+00,0.0000000000e+00,4.5097206557e+08
3.3500000000e+02,4.3429390704e+03,5.9503184095e+03,0.0000000000e+00,4.6090534979e-02,-1.3513134575e+27,0.0000000000e+00,0.0000000000e+00,-3.9140335805e+22,0.0000000000e+00,0.0000000000e+00,4.5097206557e+08
3.3600000000e+02,4.3427687393e+03,5.9500850365e+03,0.0000000000e+00,4.6090534979e-02,-1.3513134575e+27,0.0000000000e+00,0.0000000000e+00,-3.9141870959e+22,0.0000000000e+00,0.0000000000e+00,4.5097206557e+08
3.3700000000e+02,4.3425984081e+03,5.9498516636e+03,0.0000000000e+00,4.6090534979e-02,-1.3513134575e+27,0.0000000000e+00,0.0000000000e+00,-3.9143406233e+22,0.0000000000e+00,0.0000000000e+00,4.5097206557e+08
3.3800000000e+02,4.3424280770e+03,5.9496182906e+03,0.0000000000e+00,4.6090534979e-02,-1.3513134575e+27,0.0000000000e+00,0.0000000000e+00,-3.9144941628e+22,0.0000000000e+00,0.0000000000e+00,4.5097206557e+08
3.3900000000e+02,4.3422577459e+03,5.9493849177e+03,0.0000000000e+00,4.6090534979e-02,-1.3513134575e+27,0.0000000000e+00,0.0000000000e+00,-3.9146477143e+22,0.0000000000e+00,0.0000000000e+00,4.5097206557e+08
3.4000000000e+02,4.3420874147e+03,5.9491515448e+03,0.0000000000e+00,4.6090534979e-02,-1.3513134575e+27,0.0000000000e+00,0.0000000000e+00,-3.9148012778e+22,0.0000000000e+00,0.0000000000e+00,4.5097206557e+08
3.4100000000e+02,4.3419170836e+03,5.9489181718e+03,0.0000000000e+00,4.6090534979e-02,-1.3513134575e+27,0.0000000000e+00,0.0000000000e+00,-3.9149548534e+22,0.0000000000e+00,0.0000000000e+00,4.5097206557e+08
3.4200000000e+02,4.3417467525e+03,5.9486847989e+03,0.0000000000e+00,4.6090534979e-02,-1.3513134575e+27,0.0000000000e+00,0.0000000000e+00,-3.9151084411e+22,0.0000000000e+00,0.0000000000e+00,4.5097206557e+08
3.4300000000e+02,4.3415764213e+03,5.9484514259e+03,0.0000000000e+00,4.6090534979e-02,-1.3513134575e+27,0.0000000000e+00,0.0000000000e+00,-3.9152620408e+22,0.0000000000e+00,0.0000000000e+00,4.5097206557e+08
3.4400000000e+02,4.3414060902e+03,5.9482180530e+03,0.0000000000e+00,4.6090534979e-02,-1.3513134575e+27,0.0000000000e+00,0.0000000000e+00,-3.9154156525e+22,0.0000000000e+00,0.0000000000e+00,4.5097206557e+08
3.4500000000e+02,4.3412357591e+03,5.9479846800e+03,0.0000000000e+00,4.6090534979e-02,-1.3513134575e+27,0.0000000000e+00,0.0000000000e+00,-3.9155692763e+22,0.0000000000e+00,0.0000000000e+00,4.5097206557e+08
3.4600000000e+02,4.3410654280e+03,5.9477513071e+03,0.0000000000e+00,4.6090534979e-02,-1.3513134575e+27,0.0000000000e+00,0.0000000000e+00,-3.9157229122e+22,0.0000000000e+00,0.0000000000e+00,4.5097206557e+08
3.4700000000e+02,4.3408950968e+03,5.9475179341e+03,0.0000000000e+00,4.6090534979e-02,-1.3513134575e+27,0.0000000000e+00,0.0000000000e+00,-3.9158765601e+22,0.0000000000e+00,0.0000000000e+00,4.5097206557e+08
3.4800000000e+02,4.3407247657e+03,5.9472845612e+03,0.0000000000e+00,4.6090534979e-02,-1.3513134575e+27,0.0000000000e+00,0.0000000000e+00,-3.9160302201e+22,0.0000000000e+00,0.0000000000e+00,4.5097206557e+08
3.4900000000e+02,4.3405544346e+03,5.9470511883e+03,0.0000000000e+00,4.6090534979e-02,-1.3513134575e+27,0.0000000000e+00,0.0000000000e+00,-3.9161838922e+22,0.0000000000e+00,0.0000000000e+00,4.5097206557e+08
3.5000000000e+02,4.3403841034e+03,5.9468178153e+03,0.0000000000e+00,4.6090534979e-02,-1.3513134575e+27,0.0000000000e+00,0.0000000000e+00,-3.9163375763e+22,0.0000000000e+00,0.0000000000e+00,4.5097206557e+08
3.5100000000e+02,4.3402137723e+03,5.9465844424e+03,0.0000000000e+00,4.6090534979e-02,-1.3513134575e+27,0.0000000000e+00,0.0000000000e+00,-3.9164912724e+22,0.0000000000e+00,0.0000000000e+00,4.5097206557e+08
3.5200000000e+02,4.3400434412e+03,5.9463510694e+03,0.0000000000e+00,4.6090534979e-02,-1.3513134575e+27,0.0000000000e+00,0.0000000000e+00,-3.9166449807e+22,0.0000000000e+00,0.0000000000e+00,4.5097206557e+08
3.5300000000e+02,4.3398731100e+03,5.9461176965e+03,0.0000000000e+00,4.6090534979e-02,-1.3513134575e+27,0.0000000000e+00,0.0000000000e+00,-3.9167987010e+22,0.0000000000e+00,0.0000000000e+00,4.5097206557e+08
3.5400000000e+02,4.3397027789e+03,5.9458843235e+03,0.0000000000e+00,4.6090534979e-02,-1.3513134575e+27,0.0000000000e+00,0.0000000000e+00,-3.9169524333e+22,0.0000000000e+00,0.0000000000e+00,4.5097206557e+08
3.5500000000e+02,4.3395324478e+03,5.9456509506e+03,0.0000000000e+00,4.6090534979e-02,-1.3513134575e+27,0.0000000000e+00,0.0000000000e+00,-3.9171061778e+22,0.0000000000e+00,0.0000000000e+00,4.5097206557e+08
3.5600000000e+02,4.3393621166e+03,5.9454175776e+03,0.0000000000e+00,4.6090534979e-02,-1.3513134575e+27,0.0000000000e+00,0.0000000000e+00,-3.9172599343e+22,0.0000000000e+00,0.0000000000e+00,4.5097206557e+08
3.5700000000e+02,4.3391917855e+03,5.9451842047e+03,0.0000000000e+00,4.6090534979e-02,-1.3513134575e+27,0.0000000000e+00,0.0000000000e+00,-3.9174137028e+22,0.0000000000e+00,0.0000000000e+00,4.5097206557e+08
3.5800000000e+02,4.3390214544e+03,5.9449508318e+03,0.0000000000e+00,4.6090534979e-02,-1.3513134575e+27,0.0000000000e+00,0.0000000000e+00,-3.9175674835e+22,0.0000000000e+00,0.0000000000e+00,4.5097206557e+08
3.5900000000e+02,4.3388511232e+03,5.9447174588e+03,0.0000000000e+00,4.6090534979e-02,-1.3513134575e+27,0.0000000000e+00,0.0000000000e+00,-3.9177212762e+22,0.0000000000e+00,0.0000000000e+00,4.5097206557e+08
3.6000000000e+02,4.3386807921e+03,5.9444840859e+03,0.0000000000e+00,4.6090534979e-02,-1.3513134575e+27,0.0000000000e+00,0.0000000000e+00,-3.9178750810e+22,0.0000000000e+00,0.0000000000e+00,4.5097206557e+08
3.6100000000e+02,4.3385104610e+03,5.9442507129e+03,0.0000000000e+00,4.6090534979e-02,-1.3513134575e+27,0.0000000000e+00,0.0000000000e+00,-3.9180288979e+22,0.0000000000e+00,0.0000000000e+00,4.5097206557e+08
3.6200000000e+02,4.3383401298e+03,5.9440173400e+03,0.0000000000e+00,4.6090534979e-02,-1.3513134575e+27,0.0000000000e+00,0.0000000000e+00,-3.9181827268e+22,0.0000000000e+00,0.0000000000e+00,4.5097206557e+08
3.6300000000e+02,4.3381697987e+03,5.9437839670e+03,0.0000000000e+00,4.6090534979e-02,-1.3513134575e+27,0.0000000000e+00,0.0000000000e+00,-3.9183365678e+22,0.0000000000e+00,0.0000000000e+00,4.5097206557e+08
3.6400000000e+02,4.3379994676e+03,5.9435505941e+03,0.0000000000e+00,4.6090534979e-02,-1.3513134575e+27,0.0000000000e+00,0.0000000000e+00,-3.9184904209e+22,0.0000000000e+00,0.0000000000e+00,4.5097206557e+08
3.6500000000e+02,4.3378291364e+03,5.9433172211e+03,0.0000000000e+00,4.6090534979e-02,-1.3513134575e+27,0.0000000000e+00,0.0000000000e+00,-3.9186442861e+22,0.0000000000e+00,0.0000000000e+00,4.5097206557e+08
3.6600000000e+02,4.3376588053e+03,5.9430838482e+03,0.0000000000e+00,4.6090534979e-02,-1.3513134575e+27,0.0000000000e+00,0.0000000000e+00,-3.9187981634e+22,0.0000000000e+00,0.0000000000e+00,4.5097206557e+08
3.6700000000e+02,4.3374884742e+03,5.9428504753e+03,0.0000000000e+00,4.6090534979e-02,-1.3513134575e+27,0.0000000000e+00,0.0000000000e+00,-3.9189520528e+22,0.0000000000e+00,0.0000000000e+00,4.5097206557e+08
3.6800000000e+02,4.3373181430e+03,5.9426171023e+03,0.0000000000e+00,4.6090534979e-02,-1.3513134575e+27,0.0000000000e+00,0.0000000000e+00,-3.9191059542e+22,0.0000000000e+00,0.0000000000e+00,4.5097206557e+08
3.6900000000e+02,4.3371478119e+03,5.9423837294e+03,0.0000000000e+00,4.6090534979e-02,-1.3513134575e+27,0.0000000000e+00,0.0000000000e+00,-3.9192598678e+22,0.0000000000e+00,0.0000000000e+00,4.5097206557e+08
3.7000000000e+02,4.3369774808e+03,5.9421503564e+03,0.0000000000e+00,4.6090534979e-02,-1.3513134575e+27,0.0000000000e+00,0.0000000000e+00,-3.9194137934e+22,0.0000000000e+00,0.0000000000e+00,4.5097206557e+08
3.7100000000e+02,4.3368071496e+03,5.9419169835e+03,0.0000000000e+00,4.6090534979e-02,-1.3513134575e+27,0.0000000000e+00,0.0000000000e+00,-3.9195677311e+22,0.0000000000e+00,0.0000000000e+00,4.5097206557e+08
3.7200000000e+02,4.3366368185e+03,5.9416836105e+03,0.0000000000e+00,4.6090534979e-02,-1.3513134575e+27,0.0000000000e+00,0.0000000000e+00,-3.9197216809e+22,0.0000000000e+00,0.0000000000e+00,4.5097206557e+08
3.7300000000e+02,4.3364664874e+03,5.9414502376e+03,0.0000000000e+00,4.6090534979e-02,-1.3513134575e+27,0.0000000000e+00,0.0000000000e+00,-3.9198756428e+22,0.0000000000e+00,0.0000000000e+00,4.5097206557e+08
3.7400000000e+02,4.3362961562e+03,5.9412168647e+03,0.0000000000e+00,4.6090534979e-02,-1.3513134575e+27,0.0000000000e+00,0.0000000000e+00,-3.9200296168e+22,0.0000000000e+00,0.0000000000e+00,4.5097206557e+08
3.7500000000e+02,4.3361258251e+03,5.9409834917e+03,0.0000000000e+00,4.6090534979e-02,-1.3513134575e+27,0.0000000000e+00,0.0000000000e+00,-3.9201836029e+22,0.0000000000e+00,0.0000000000e+00,4.5097206557e+08
3.7600000000e+02,4.3359554940e+03,5.9407501188e+03,0.0000000000e+00,4.6090534979e-02,-1.3513134575e+27,0.0000000000e+00,0.0000000000e+00,-3.9203376011e+22,0.0000000000e+00,0.0000000000e+00,4.5097206557e+08
3.7700000000e+02,4.3357851628e+03,5.9405167458e+03,0.0000000000e+00,4.6090534979e-02,-1.3513134575e+27,0.0000000000e+00,0.0000000000e+00,-3.9204916114e+22,0.0000000000e+00,0.0000000000e+00,4.5097206557e+08
3.7800000000e+02,4.3356148317e+03,5.9402833729e+03,0.0000000000e+00,4.6090534979e-02,-1.3513134575e+27,0.0000000000e+00,0.0000000000e+00,-3.9206456338e+22,0.0000000000e+00,0.0000000000e+00,4.5097206557e+08
3.7900000000e+02,4.3354445006e+03,5.9400499999e+03,0.0000000000e+00,4.6090534979e-02,-1.3513134575e+27,0.0000000000e+00,0.0000000000e+00,-3.9207996683e+22,0.0000000000e+00,0.0000000000e+00,4.5097206557e+08
3.8000000000e+02,4.3352741694e+03,5.9398166270e+03,0.0000000000e+00,4.6090534979e-02,-1.3513134575e+27,0.0000000000e+00,0.0000000000e+00,-3.9209537149e+22,0.0000000000e+00,0.0000000000e+00,4.5097206557e+08
3.8100000000e+02,4.3351038383e+03,5.9395832540e+03,0.0000000000e+00,4.6090534979e-02,-1.3513134575e+27,0.0000000000e+00,0.0000000000e+00,-3.9211077736e+22,0.0000000000e+00,0.0000000000e+00,4.5097206557e+08
3.8200000000e+02,4.3349335072e+03,5.9393498811e+03,0.0000000000e+00,4.6090534979e-02,-1.3513134575e+27,0.0000000000e+00,0.0000000000e+00,-3.9212618444e+22,0.0000000000e+00,0.0000000000e+00,4.5097206557e+08
3.8300000000e+02,4.3347631760e+03,5.9391165082e+03,0.0000000000e+00,4.6090534979e-02,-1.3513134575e+27,0.0000000000e+00,0.0000000000e+00,-3.9214159273e+22,0.0000000000e+00,0.0000000000e+00,4.5097206557e+08
3.8400000000e+02,4.3345928449e+03,5.9388831352e+03,0.0000000000e+00,4.6090534979e-02,-1.3513134575e+27,0.0000000000e+00,0.0000000000e+00,-3.9215700224e+22,0.0000000000e+00,0.0000000000e+00,4.5097206557e+08
3.8500000000e+02,4.3344225138e+03,5.9386497623e+03,0.0000000000e+00,4.6090534979e-02,-1.3513134575e+27,0.0000000000e+00,0.0000000000e+00,-3.9217241295e+22,0.0000000000e+00,0.0000000000e+00,4.5097206557e+08
3.8600000000e+02,4.3342521826e+03,5.9384163893e+03,0.0000000000e+00,4.6090534979e-02,-1.3513134575e+27,0.0000000000e+00,0.0000000000e+00,-3.9218782488e+22,0.0000000000e+00,0.0000000000e+00,4.5097206557e+08
3.8700000000e+02,4.3340818515e+03,5.9381830164e+03,0.0000000000e+00,4.6090534979e-02,-1.3513134575e+27,0.0000000000e+00,0.0000000000e+00,-3.9220323801e+22,0.0000000000e+00,0.0000000000e+00,4.5097206557e+08
3.8800000000e+02,4.3339115204e+03,5.9379496434e+03,0.0000000000e+00,4.6090534979e-02,-1.3513134575e+27,0.0000000000e+00,0.0000000000e+00,-3.9221865236e+22,0.0000000000e+00,0.0000000000e+00,4.5097206557e+08
3.8900000000e+02,4.3337411892e+03,5.9377162705e+03,0.0000000000e+00,4.6090534979e-02,-1.3513134575e+27,0.0000000000e+00,0.0000000000e+00,-3.9223406792e+22,0.0000000000e+00,0.0000000000e+00,4.5097206557e+08
3.9000000000e+02,4.3335708581e+03,5.9374828975e+03,0.0000000000e+00,4.6090534979e-02,-1.3513134575e+27,0.0000000000e+00,0.0000000000e+00,-3.9224948469e+22,0.0000000000e+00,0.0000000000e+00,4.5097206557e+08
3.9100000000e+02,4.3334005270e+03,5.9372495246e+03,0.0000000000e+00,4.6090534979e-02,-1.3513134575e+27,0.0000000000e+00,0.0000000000e+00,-3.9226490268e+22,0.0000000000e+00,0.0000000000e+00,4.5097206557e+08
3.9200000000e+02,4.3332301958e+03,5.9370161517e+03,0.0000000000e+00,4.6090534979e-02,-1.3513134575e+27,0.0000000000e+00,0.0000000000e+00,-3.9228032187e+22,0.0000000000e+00,0.0000000000e+00,4.5097206557e+08
3.9300000000e+02,4.3330598647e+03,5.9367827787e+03,0.0000000000e+00,4.6090534979e-02,-1.3513134575e+27,0.0000000000e+00,0.0000000000e+00,-3.9229574228e+22,0.0000000000e+00,0.0000000000e+00,4.5097206557e+08
3.9400000000e+02,4.3328895336e+03,5.9365494058e+03,0.0000000000e+00,4.6090534979e-02,-1.3513134575e+27,0.0000000000e+00,0.0000000000e+00,-3.9231116390e+22,0.0000000000e+00,0.0000000000e+00,4.5097206557e+08
3.9500000000e+02,4.3327192024e+03,5.9363160328e+03,0.0000000000e+00,4.6090534979e-02,-1.3513134575e+27,0.0000000000e+00,0.0000000000e+00,-3.9232658673e+22,0.0000000000e+00,0.0000000000e+00,4.5097206557e+08
3.9600000000e+02,4.3325488713e+03,5.9360826599e+03,0.0000000000e+00,4.6090534979e-02,-1.3513134575e+27,0.0000000000e+00,0.0000000000e+00,-3.9234201078e+22,0.0000000000e+00,0.0000000000e+00,4.5097206557e+08
3.9700000000e+02,4.3323785402e+03,5.9358492869e+03,0.0000000000e+00,4.6090534979e-02,-1.3513134575e+27,0.0000000000e+00,0.0000000000e+00,-3.9235743604e+22,0.0000000000e+00,0.0000000000e+00,4.5097206557e+08
3.9800000000e+02,4.3322082090e+03,5.9356159140e+03,0.0000000000e+00,4.6090534979e-02,-1.3513134575e+27,0.0000000000e+00,0.0000000000e+00,-3.9237286251e+22,0.0000000000e+00,0.0000000000e+00,4.5097206557e+08
3.9900000000e+02,4.3320378779e+03,5.9353825411e+03,0.0000000000e+00,4.6090534979e-02,-1.3513134575e+27,0.0000000000e+00,0.0000000000e+00,-3.9238829019e+22,0.0000000000e+00,0.0000000000e+00,4.5097206557e+08
4.0000000000e+02,4.3318675468e+03,5.9351491681e+03,0.0000000000e+00,4.6090534979e-02,-1.3513134575e+27,0.0000000000e+00,0.0000000000e+00,-3.9240371909e+22,0.0000000000e+00,0.0000000000e+00,4.5097206557e+08
4.0100000000e+02,4.3316972156e+03,5.9349157952e+03,0.0000000000e+00,4.6090534979e-02,-1.3513134575e+27,0.0000000000e+00,0.0000000000e+00,-3.9241914920e+22,0.0000000000e+00,0.0000000000e+00,4.5097206557e+08
4.0200000000e+02,4.3315268845e+03,5.9346824222e+03,0.0000000000e+00,4.6090534979e-02,-1.3513134575e+27,0.0000000000e+00,0.0000000000e+00,-3.9243458053e+22,0.0000000000e+00,0.0000000000e+00,4.5097206557e+08
4.0300000000e+02,4.3313565534e+03,5.9344490493e+03,0.0000000000e+00,4.6090534979e-02,-1.3513134575e+27,0.0000000000e+00,0.0000000000e+00,-3.9245001307e+22,0.0000000000e+00,0.0000000000e+00,4.5097206557e+08
4.0400000000e+02,4.3311862222e+03,5.9342156763e+03,0.0000000000e+00,4.6090534979e-02,-1.3513134575e+27,0.0000000000e+00,0.0000000000e+00,-3.9246544682e+22,0.0000000000e+00,0.0000000000e+00,4.5097206557e+08
4.0500000000e+02,4.3310158911e+03,5.9339823034e+03,0.0000000000e+00,4.6090534979e-02,-1.3513134575e+27,0.0000000000e+00,0.0000000000e+00,-3.9248088179e+22,0.0000000000e+00,0.0000000000e+00,4.5097206557e+08
4.0600000000e+02,4.3308455600e+03,5.9337489304e+03,0.0000000000e+00,4.6090534979e-02,-1.3513134575e+27,0.0000000000e+00,0.0000000000e+00,-3.9249631797e+22,0.0000000000e+00,0.0000000000e+00,4.5097206557e+08
4.0700000000e+02,4.3306752288e+03,5.9335155575e+03,0.0000000000e+00,4.6090534979e-02,-1.3513134575e+27,0.0000000000e+00,0.0000000000e+00,-3.9251175536e+22,0.0000000000e+00,0.0000000000e+00,4.5097206557e+08
4.0800000000e+02,4.3305048977e+03,5.9332821846e+03,0.0000000000e+00,4.6090534979e-02,-1.3513134575e+27,0.0000000000e+00,0.0000000000e+00,-3.9252719397e+22,0.0000000000e+00,0.0000000000e+00,4.5097206557e+08
4.0900000000e+02,4.3303345666e+03,5.9330488116e+03,0.0000000000e+00,4.6090534979e-02,-1.3513134575e+27,0.0000000000e+00,0.0000000000e+00,-3.9254263379e+22,0.0000000000e+00,0.0000000000e+00,4.5097206557e+08
4.1000000000e+02,4.3301642354e+03,5.9328154387e+03,0.0000000000e+00,4.6090534979e-02,-1.3513134575e+27,0.0000000000e+00,0.0000000000e+00,-3.9255807483e+22,0.0000000000e+00,0.0000000000e+00,4.5097206557e+08
4.1100000000e+02,4.3299939043e+03,5.9325820657e+03,0.0000000000e+00,4.6090534979e-02,-1.3513134575e+27,0.0000000000e+00,0.0000000000e+00,-3.9257351708e+22,0.0000000000e+00,0.0000000000e+00,4.5097206557e+08
4.1200000000e+02,4.3298235732e+03,5.9323486928e+03,0.0000000000e+00,4.6090534979e-02,-1.3513134575e+27,0.0000000000e+00,0.0000000000e+00,-3.9258896055e+22,0.0000000000e+00,0.0000000000e+00,4.5097206557e+08
4.1300000000e+02,4.3296532420e+03,5.9321153198e+03,0.0000000000e+00,4.6090534979e-02,-1.3513134575e+27,0.0000000000e+00,0.0000000000e+00,-3.9260440524e+22,0.0000000000e+00,0.0000000000e+00,4.5097206557e+08
4.1400000000e+02,4.3294829109e+03,5.9318819469e+03,0.0000000000e+00,4.6090534979e-02,-1.3513134575e+27,0.0000000000e+00,0.0000000000e+00,-3.9261985113e+22,0.0000000000e+00,0.0000000000e+00,4.5097206557e+08
4.1500000000e+02,4.3293125798e+03,5.9316485739e+03,0.0000000000e+00,4.6090534979e-02,-1.3513134575e+27,0.0000000000e+00,0.0000000000e+00,-3.9263529825e+22,0.0000000000e+00,0.0000000000e+00,4.5097206557e+08
4.1600000000e+02,4.3291422486e+03,5.9314152010e+03,0.0000000000e+00,4.6090534979e-02,-1.3513134575e+27,0.0000000000e+00,0.0000000000e+00,-3.9265074658e+22,0.0000000000e+00,0.0000000000e+00,4.5097206557e+08
4.1700000000e+02,4.3289719175e+03,5.9311818281e+03,0.0000000000e+00,4.6090534979e-02,-1.3513134575e+27,0.0000000000e+00,0.0000000000e+00,-3.9266619612e+22,0.0000000000e+00,0.0000000000e+00,4.5097206557e+08
4.1800000000e+02,4.3288015864e+03,5.9309484551e+03,0.0000000000e+00,4.6090534979e-02,-1.3513134575e+27,0.0000000000e+00,0.0000000000e+00,-3.9268164688e+22,0.0000000000e+00,0.0000000000e+00,4.5097206557e+08
4.1900000000e+02,4.3286312552e+03,5.9307150822e+03,0.0000000000e+00,4.6090534979e-02,-1.3513134575e+27,0.0000000000e+00,0.0000000000e+00,-3.9269709886e+22,0.0000000000e+00,0.0000000000e+00,4.5097206557e+08
4.2000000000e+02,4.3284609241e+03,5.9304817092e+03,0.0000000000e+00,4.6090534979e-02,-1.3513134575e+27,0.0000000000e+00,0.0000000000e+00,-3.9271255205e+22,0.0000000000e+00,0.0000000000e+00,4.5097206557e+08
4.2100000000e+02,4.3282905930e+03,5.9302483363e+03,0.0000000000e+00,4.6090534979e-02,-1.3513134575e+27,0.0000000000e+00,0.0000000000e+00,-3.9272800646e+22,0.0000000000e+00,0.0000000000e+00,4.5097206557e+08
4.2200000000e+02,4.3281202618e+03,5.9300149633e+03,0.0000000000e+00,4.6090534979e-02,-1.3513134575e+27,0.0000000000e+00,0.0000000000e+00,-3.9274346209e+22,0.0000000000e+00,0.0000000000e+00,4.5097206557e+08
4.2300000000e+02,4.3279499307e+03,5.9297815904e+03,0.0000000000e+00,4.6090534979e-02,-1.3513134575e+27,0.0000000000e+00,0.0000000000e+00,-3.9275891893e+22,0.0000000000e+00,0.0000000000e+00,4.5097206557e+08
4.2400000000e+02,4.3277795996e+03,5.9295482174e+03,0.0000000000e+00,4.6090534979e-02,-1.3513134575e+27,0.0000000000e+00,0.0000000000e+00,-3.9277437699e+22,0.0000000000e+00,0.0000000000e+00,4.5097206557e+08
4.2500000000e+02,4.3276092684e+03,5.9293148445e+03,0.0000000000e+00,4.6090534979e-02,-1.3513134575e+27,0.0000000000e+00,0.0000000000e+00,-3.9278983626e+22,0.0000000000e+00,0.0000000000e+00,4.5097206557e+08
4.2600000000e+02,4.3274389373e+03,5.9290814716e+03,0.0000000000e+00,4.6090534979e-02,-1.3513134575e+27,0.0000000000e+00,0.0000000000e+00,-3.9280529676e+22,0.0000000000e+00,0.0000000000e+00,4.5097206557e+08
4.2700000000e+02,4.3272686062e+03,5.9288480986e+03,0.0000000000e+00,4.6090534979e-02,-1.3513134575e+27,0.0000000000e+00,0.0000000000e+00,-3.9282075847e+22,0.0000000000e+00,0.0000000000e+00,4.5097206557e+08
4.2800000000e+02,4.3270982750e+03,5.9286147257e+03,0.0000000000e+00,4.6090534979e-02,-1.3513134575e+27,0.0000000000e+00,0.0000000000e+00,-3.9283622139e+22,0.0000000000e+00,0.0000000000e+00,4.5097206557e+08
4.2900000000e+02,4.3269279439e+03,5.9283813527e+03,0.0000000000e+00,4.6090534979e-02,-1.3513134575e+27,0.0000000000e+00,0.0000000000e+00,-3.9285168554e+22,0.0000000000e+00,0.0000000000e+00,4.5097206557e+08
4.3000000000e+02,4.3267576128e+03,5.9281479798e+03,0.0000000000e+00,4.6090534979e-02,-1.3513134575e+27,0.0000000000e+00,0.0000000000e+00,-3.9286715090e+22,0.0000000000e+00,0.0000000000e+00,4.5097206557e+08
4.3100000000e+02,4.3265872816e+03,5.9279146068e+03,0.0000000000e+00,4.6090534979e-02,-1.3513134575e+27,0.0000000000e+00,0.0000000000e+00,-3.9288261748e+22,0.0000000000e+00,0.0000000000e+00,4.5097206557e+08
4.3200000000e+02,4.3264169505e+03,5.9276812339e+03,0.0000000000e+00,4.6090534979e-02,-1.3513134575e+27,0.0000000000e+00,0.0000000000e+00,-3.9289808528e+22,0.0000000000e+00,0.0000000000e+00,4.5097206557e+08
4.3300000000e+02,4.3262466194e+03,5.9274478610e+03,0.0000000000e+00,4.6090534979e-02,-1.3513134575e+27,0.0000000000e+00,0.0000000000e+00,-3.9291355429e+22,0.0000000000e+00,0.0000000000e+00,4.5097206557e+08
4.3400000000e+02,4.3260762882e+03,5.9272144880e+03,0.0000000000e+00,4.6090534979e-02,-1.3513134575e+27,0.0000000000e+00,0.0000000000e+00,-3.9292902453e+22,0.0000000000e+00,0.0000000000e+00,4.5097206557e+08
4.3500000000e+02,4.3259059571e+03,5.9269811151e+03,0.0000000000e+00,4.6090534979e-02,-1.3513134575e+27,0.0000000000e+00,0.0000000000e+00,-3.9294449598e+22,0.0000000000e+00,0.0000000000e+00,4.5097206557e+08
4.3600000000e+02,4.3257356260e+03,5.9267477421e+03,0.0000000000e+00,4.6090534979e-02,-1.3513134575e+27,0.0000000000e+00,0.0000000000e+00,-3.9295996865e+22,0.0000000000e+00,0.0000000000e+00,4.5097206557e+08
4.3700000000e+02,4.3255652948e+03,5.9265143692e+03,0.0000000000e+00,4.6090534979e-02,-1.3513134575e+27,0.0000000000e+00,0.0000000000e+00,-3.9297544254e+22,0.0000000000e+00,0.0000000000e+00,4.5097206557e+08
4.3800000000e+02,4.3253949637e+03,5.9262809962e+03,0.0000000000e+00,4.6090534979e-02,-1.3513134575e+27,0.0000000000e+00,0.0000000000e+00,-3.9299091765e+22,0.0000000000e+00,0.0000000000e+00,4.5097206557e+08
4.3900000000e+02,4.3252246326e+03,5.9260476233e+03,0.0000000000e+00,4.6090534979e-02,-1.3513134575e+27,0.0000000000e+00,0.0000000000e+00,-3.9300639397e+22,0.0000000000e+00,0.0000000000e+00,4.5097206557e+08
4.4000000000e+02,4.3250543014e+03,5.9258142503e+03,0.0000000000e+00,4.6090534979e-02,-1.3513134575e+27,0.0000000000e+00,0.0000000000e+00,-3.9302187152e+22,0.0000000000e+00,0.0000000000e+00,4.5097206557e+08
4.4100000000e+02,4.3248839703e+03,5.9255808774e+03,0.0000000000e+00,4.6090534979e-02,-1.3513134575e+27,0.0000000000e+00,0.0000000000e+00,-3.9303735028e+22,0.0000000000e+00,0.0000000000e+00,4.5097206557e+08
4.4200000000e+02,4.3247136392e+03,5.9253475045e+03,0.0000000000e+00,4.6090534979e-02,-1.3513134575e+27,0.0000000000e+00,0.0000000000e+00,-3.9305283027e+22,0.0000000000e+00,0.0000000000e+00,4.5097206557e+08
4.4300000000e+02,4.3245433080e+03,5.9251141315e+03,0.0000000000e+00,4.6090534979e-02,-1.3513134575e+27,0.0000000000e+00,0.0000000000e+00,-3.9306831147e+22,0.0000000000e+00,0.0000000000e+00,4.5097206557e+08
4.4400000000e+02,4.3243729769e+03,5.9248807586e+03,0.0000000000e+00,4.6090534979e-02,-1.3513134575e+27,0.0000000000e+00,0.0000000000e+00,-3.9308379389e+22,0.0000000000e+00,0.0000000000e+00,4.5097206557e+08
4.4500000000e+02,4.3242026458e+03,5.9246473856e+03,0.0000000000e+00,4.6090534979e-02,-1.3513134575e+27,0.0000000000e+00,0.0000000000e+00,-3.9309927753e+22,0.0000000000e+00,0.0000000000e+00,4.5097206557e+08
4.4600000000e+02,4.3240323146e+03,5.9244140127e+03,0.0000000000e+00,4.6090534979e-02,-1.3513134575e+27,0.0000000000e+00,0.0000000000e+00,-3.9311476240e+22,0.0000000000e+00,0.0000000000e+00,4.5097206557e+08
4.4700000000e+02,4.3238619835e+03,5.9241806397e+03,0.0000000000e+00,4.6090534979e-02,-1.3513134575e+27,0.0000000000e+00,0.0000000000e+00,-3.9313024848e+22,0.0000000000e+00,0.0000000000e+00,4.5097206557e+08
4.4800000000e+02,4.3236916524e+03,5.9239472668e+03,0.0000000000e+00,4.6090534979e-02,-1.3513134575e+27,0.0000000000e+00,0.0000000000e+00,-3.9314573578e+22,0.0000000000e+00,0.0000000000e+00,4.5097206557e+08
4.4900000000e+02,4.3235213212e+03,5.9237138938e+03,0.0000000000e+00,4.6090534979e-02,-1.3513134575e+27,0.0000000000e+00,0.0000000000e+00,-3.9316122430e+22,0.0000000000e+00,0.0000000000e+00,4.5097206557e+08
4.5000000000e+02,4.3233509901e+03,5.9234805209e+03,0.0000000000e+00,4.6090534979e-02,-1.3513134575e+27,0.0000000000e+00,0.0000000000e+00,-3.9317671405e+22,0.0000000000e+00,0.0000000000e+00,4.5097206557e+08
4.5100000000e+02,4.3231806590e+03,5.9232471480e+03,0.0000000000e+00,4.6090534979e-02,-1.3513134575e+27,0.0000000000e+00,0.0000000000e+00,-3.9319220501e+22,0.0000000000e+00,0.0000000000e+00,4.5097206557e+08
4.5200000000e+02,4.3230103278e+03,5.9230137750e+03,0.0000000000e+00,4.6090534979e-02,-1.3513134575e+27,0.0000000000e+00,0.0000000000e+00,-3.9320769720e+22,0.0000000000e+00,0.0000000000e+00,4.5097206557e+08
4.5300000000e+02,4.3228399967e+03,5.9227804021e+03,0.0000000000e+00,4.6090534979e-02,-1.3513134575e+27,0.0000000000e+00,0.0000000000e+00,-3.9322319060e+22,0.0000000000e+00,0.0000000000e+00,4.5097206557e+08
4.5400000000e+02,4.3226696656e+03,5.9225470291e+03,0.0000000000e+00,4.6090534979e-02,-1.3513134575e+27,0.0000000000e+00,0.0000000000e+00,-3.9323868523e+22,0.0000000000e+00,0.0000000000e+00,4.5097206557e+08
4.5500000000e+02,4.3224993344e+03,5.9223136562e+03,0.0000000000e+00,4.6090534979e-02,-1.3513134575e+27,0.0000000000e+00,0.0000000000e+00,-3.9325418108e+22,0.0000000000e+00,0.0000000000e+00,4.5097206557e+08
4.5600000000e+02,4.3223290033e+03,5.9220802832e+03,0.0000000000e+00,4.6090534979e-02,-1.3513134575e+27,0.0000000000e+00,0.0000000000e+00,-3.9326967814e+22,0.0000000000e+00,0.0000000000e+00,4.5097206557e+08
4.5700000000e+02,4.3221586722e+03,5.9218469103e+03,0.0000000000e+00,4.6090534979e-02,-1.3513134575e+27,0.0000000000e+00,0.0000000000e+00,-3.9328517643e+22,0.0000000000e+00,0.0000000000e+00,4.5097206557e+08
4.5800000000e+02,4.3219883410e+03,5.9216135373e+03,0.0000000000e+00,4.6090534979e-02,-1.3513134575e+27,0.0000000000e+00,0.0000000000e+00,-3.9330067595e+22,0.0000000000e+00,0.0000000000e+00,4.5097206557e+08
4.5900000000e+02,4.3218180099e+03,5.9213801644e+03,0.0000000000e+00,4.6090534979e-02,-1.3513134575e+27,0.0000000000e+00,0.0000000000e+00,-3.9331617668e+22,0.0000000000e+00,0.0000000000e+00,4.5097206557e+08
4.6000000000e+02,4.3216476788e+03,5.9211467915e+03,0.0000000000e+00,4.6090534979e-02,-1.3513134575e+27,0.0000000000e+00,0.0000000000e+00,-3.9333167864e+22,0.0000000000e+00,0.0000000000e+00,4.5097206557e+08
4.6100000000e+02,4.3214773476e+03,5.9209134185e+03,0.0000000000e+00,4.6090534979e-02,-1.3513134575e+27,0.0000000000e+00,0.0000000000e+00,-3.9334718181e+22,0.0000000000e+00,0.0000000000e+00,4.5097206557e+08
4.6200000000e+02,4.3213070165e+03,5.9206800456e+03,0.0000000000e+00,4.6090534979e-02,-1.3513134575e+27,0.0000000000e+00,0.0000000000e+00,-3.9336268621e+22,0.0000000000e+00,0.0000000000e+00,4.5097206557e+08
4.6300000000e+02,4.3211366854e+03,5.9204466726e+03,0.0000000000e+00,4.6090534979e-02,-1.3513134575e+27,0.0000000000e+00,0.0000000000e+00,-3.9337819183e+22,0.0000000000e+00,0.0000000000e+00,4.5097206557e+08
4.6400000000e+02,4.3209663542e+03,5.9202132997e+03,0.0000000000e+00,4.6090534979e-02,-1.3513134575e+27,0.0000000000e+00,0.0000000000e+00,-3.9339369868e+22,0.0000000000e+00,0.0000000000e+00,4.5097206557e+08
4.6500000000e+02,4.3207960231e+03,5.9199799267e+03,0.0000000000e+00,4.6090534979e-02,-1.3513134575e+27,0.0000000000e+00,0.0000000000e+00,-3.9340920675e+22,0.0000000000e+00,0.0000000000e+00,4.5097206557e+08
4.6600000000e+02,4.3206256920e+03,5.9197465538e+03,0.0000000000e+00,4.6090534979e-02,-1.3513134575e+27,0.0000000000e+00,0.0000000000e+00,-3.9342471604e+22,0.0000000000e+00,0.0000000000e+00,4.5097206557e+08
4.6700000000e+02,4.3204553608e+03,5.9195131809e+03,0.0000000000e+00,4.6090534979e-02,-1.3513134575e+27,0.0000000000e+00,0.0000000000e+00,-3.9344022655e+22,0.0000000000e+00,0.0000000000e+00,4.5097206557e+08
4.6800000000e+02,4.3202850297e+03,5.9192798079e+03,0.0000000000e+00,4.6090534979e-02,-1.3513134575e+27,0.0000000000e+00,0.0000000000e+00,-3.9345573828e+22,0.0000000000e+00,0.0000000000e+00,4.5097206557e+08
4.6900000000e+02,4.3201146986e+03,5.9190464350e+03,0.0000000000e+00,4.6090534979e-02,-1.3513134575e+27,0.0000000000e+00,0.0000000000e+00,-3.9347125124e+22,0.0000000000e+00,0.0000000000e+00,4.5097206557e+08
4.7000000000e+02,4.3199443674e+03,5.9188130620e+03,0.0000000000e+00,4.6090534979e-02,-1.3513134575e+27,0.0000000000e+00,0.0000000000e+00,-3.9348676543e+22,0.0000000000e+00,0.0000000000e+00,4.5097206557e+08
4.7100000000e+02,4.3197740363e+03,5.9185796891e+03,0.0000000000e+00,4.6090534979e-02,-1.3513134575e+27,0.0000000000e+00,0.0000000000e+00,-3.9350228083e+22,0.0000000000e+00,0.0000000000e+00,4.5097206557e+08
4.7200000000e+02,4.3196037052e+03,5.9183463161e+03,0.0000000000e+00,4.6090534979e-02,-1.3513134575e+27,0.0000000000e+00,0.0000000000e+00,-3.9351779746e+22,0.0000000000e+00,0.0000000000e+00,4.5097206557e+08
4.7300000000e+02,4.3194333740e+03,5.9181129432e+03,0.0000000000e+00,4.6090534979e-02,-1.3513134575e+27,0.0000000000e+00,0.0000000000e+00,-3.9353331531e+22,0.0000000000e+00,0.0000000000e+00,4.5097206557e+08
4.7400000000e+02,4.3192630429e+03,5.9178795702e+03,0.0000000000e+00,4.6090534979e-02,-1.3513134575e+27,0.0000000000e+00,0.0000000000e+00,-3.9354883439e+22,0.0000000000e+00,0.0000000000e+00,4.5097206557e+08
4.7500000000e+02,4.3190927118e+03,5.9176461973e+03,0.0000000000e+00,4.6090534979e-02,-1.3513134575e+27,0.0000000000e+00,0.0000000000e+00,-3.9356435469e+22,0.0000000000e+00,0.0000000000e+00,4.5097206557e+08
4.7600000000e+02,4.3189223806e+03,5.9174128244e+03,0.0000000000e+00,4.6090534979e-02,-1.3513134575e+27,0.0000000000e+00,0.0000000000e+00,-3.9357987622e+22,0.0000000000e+00,0.0000000000e+00,4.5097206557e+08
4.7700000000e+02,4.3187520495e+03,5.9171794514e+03,0.0000000000e+00,4.6090534979e-02,-1.3513134575e+27,0.0000000000e+00,0.0000000000e+00,-3.9359539897e+22,0.0000000000e+00,0.0000000000e+00,4.5097206557e+08
4.7800000000e+02,4.3185817184e+03,5.9169460785e+03,0.0000000000e+00,4.6090534979e-02,-1.3513134575e+27,0.0000000000e+00,0.0000000000e+00,-3.9361092294e+22,0.0000000000e+00,0.0000000000e+00,4.5097206557e+08
4.7900000000e+02,4.3184113872e+03,5.9167127055e+03,0.0000000000e+00,4.6090534979e-02,-1.3513134575e+27,0.0000000000e+00,0.0000000000e+00,-3.9362644814e+22,0.0000000000e+00,0.0000000000e+00,4.5097206557e+08
4.8000000000e+02,4.3182410561e+03,5.9164793326e+03,0.0000000000e+00,4.6090534979e-02,-1.3513134575e+27,0.0000000000e+00,0.0000000000e+00,-3.9364197456e+22,0.0000000000e+00,0.0000000000e+00,4.5097206557e+08
4.8100000000e+02,4.3180707250e+03,5.9162459596e+03,0.0000000000e+00,4.6090534979e-02,-1.3513134575e+27,0.0000000000e+00,0.0000000000e+00,-3.9365750221e+22,0.0000000000e+00,0.0000000000e+00,4.5097206557e+08
4.8200000000e+02,4.3179003938e+03,5.9160125867e+03,0.0000000000e+00,4.6090534979e-02,-1.3513134575e+27,0.0000000000e+00,0.0000000000e+00,-3.9367303108e+22,0.0000000000e+00,0.0000000000e+00,4.5097206557e+08
4.8300000000e+02,4.3177300627e+03,5.9157792137e+03,0.0000000000e+00,4.6090534979e-02,-1.3513134575e+27,0.0000000000e+00,0.0000000000e+00,-3.9368856118e+22,0.0000000000e+00,0.0000000000e+00,4.5097206557e+08
4.8400000000e+02,4.3175597316e+03,5.9155458408e+03,0.0000000000e+00,4.6090534979e-02,-1.3513134575e+27,0.0000000000e+00,0.0000000000e+00,-3.9370409251e+22,0.0000000000e+00,0.0000000000e+00,4.5097206557e+08
4.8500000000e+02,4.3173894005e+03,5.9153124679e+03,0.0000000000e+00,4.6090534979e-02,-1.3513134575e+27,0.0000000000e+00,0.0000000000e+00,-3.9371962506e+22,0.0000000000e+00,0.0000000000e+00,4.5097206557e+08
4.8600000000e+02,4.3172190693e+03,5.9150790949e+03,0.0000000000e+00,4.6090534979e-02,-1.3513134575e+27,0.0000000000e+00,0.0000000000e+00,-3.9373515883e+22,0.0000000000e+00,0.0000000000e+00,4.5097206557e+08
4.8700000000e+02,4.3170487382e+03,5.9148457220e+03,0.0000000000e+00,4.6090534979e-02,-1.3513134575e+27,0.0000000000e+00,0.0000000000e+00,-3.9375069383e+22,0.0000000000e+00,0.0000000000e+00,4.5097206557e+08
4.8800000000e+02,4.3168784071e+03,5.9146123490e+03,0.0000000000e+00,4.6090534979e-02,-1.3513134575e+27,0.0000000000e+00,0.0000000000e+00,-3.9376623006e+22,0.0000000000e+00,0.0000000000e+00,4.5097206557e+08
4.8900000000e+02,4.3167080759e+03,5.9143789761e+03,0.0000000000e+00,4.6090534979e-02,-1.3513134575e+27,0.0000000000e+00,0.0000000000e+00,-3.9378176751e+22,0.0000000000e+00,0.0000000000e+00,4.5097206557e+08
4.9000000000e+02,4.3165377448e+03,5.9141456031e+03,0.0000000000e+00,4.6090534979e-02,-1.3513134575e+27,0.0000000000e+00,0.0000000000e+00,-3.9379730619e+22,0.0000000000e+00,0.0000000000e+00,4.5097206557e+08
4.9100000000e+02,4.3163674137e+03,5.9139122302e+03,0.0000000000e+00,4.6090534979e-02,-1.3513134575e+27,0.0000000000e+00,0.0000000000e+00,-3.9381284610e+22,0.0000000000e+00,0.0000000000e+00,4.5097206557e+08
4.9200000000e+02,4.3161970825e+03,5.9136788572e+03,0.0000000000e+00,4.6090534979e-02,-1.3513134575e+27,0.0000000000e+00,0.0000000000e+00,-3.9382838723e+22,0.0000000000e+00,0.0000000000e+00,4.5097206557e+08
4.9300000000e+02,4.3160267514e+03,5.9134454843e+03,0.0000000000e+00,4.6090534979e-02,-1.3513134575e+27,0.0000000000e+00,0.0000000000e+00,-3.9384392959e+22,0.0000000000e+00,0.0000000000e+00,4.5097206557e+08
4.9400000000e+02,4.3158564203e+03,5.9132121114e+03,0.0000000000e+00,4.6090534979e-02,-1.3513134575e+27,0.0000000000e+00,0.0000000000e+00,-3.9385947317e+22,0.0000000000e+00,0.0000000000e+00,4.5097206557e+08
4.9500000000e+02,4.3156860891e+03,5.9129787384e+03,0.0000000000e+00,4.6090534979e-02,-1.3513134575e+27,0.0000000000e+00,0.0000000000e+00,-3.9387501798e+22,0.0000000000e+00,0.0000000000e+00,4.5097206557e+08
4.9600000000e+02,4.3155157580e+03,5.9127453655e+03,0.0000000000e+00,4.6090534979e-02,-1.3513134575e+27,0.0000000000e+00,0.0000000000e+00,-3.9389056402e+22,0.0000000000e+00,0.0000000000e+00,4.5097206557e+08
4.9700000000e+02,4.3153454269e+03,5.9125119925e+03,0.0000000000e+00,4.6090534979e-02,-1.3513134575e+27,0.0000000000e+00,0.0000000000e+00,-3.9390611129e+22,0.0000000000e+00,0.0000000000e+00,4.5097206557e+08
4.9800000000e+02,4.3151750957e+03,5.9122786196e+03,0.0000000000e+00,4.6090534979e-02,-1.3513134575e+27,0.0000000000e+00,0.0000000000e+00,-3.9392165978e+22,0.0000000000e+00,0.0000000000e+00,4.5097206557e+08
4.9900000000e+02,4.3150047646e+03,5.9120452466e+03,0.0000000000e+00,4.6090534979e-02,-1.3513134575e+27,0.0000000000e+00,0.0000000000e+00,-3.9393720951e+22,0.0000000000e+00,0.0000000000e+00,4.5097206557e+08
5.0000000000e+02,4.3148344335e+03,5.9118118737e+03,0.0000000000e+00,4.6090534979e-02,-1.3513134575e+27,0.0000000000e+00,0.0000000000e+00,-3.9395276045e+22,0.0000000000e+00,0.0000000000e+00,4.5097206557e+08
5.0100000000e+02,4.3146641023e+03,5.9115785008e+03,0.0000000000e+00,4.6090534979e-02,-1.3513134575e+27,0.0000000000e+00,0.0000000000e+00,-3.9396831263e+22,0.0000000000e+00,0.0000000000e+00,4.5097206557e+08
5.0200000000e+02,4.3144937712e+03,5.9113451278e+03,0.0000000000e+00,4.6090534979e-02,-1.3513134575e+27,0.0000000000e+00,0.0000000000e+00,-3.9398386604e+22,0.0000000000e+00,0.0000000000e+00,4.5097206557e+08
5.0300000000e+02,4.3143234401e+03,5.9111117549e+03,0.0000000000e+00,4.6090534979e-02,-1.3513134575e+27,0.0000000000e+00,0.0000000000e+00,-3.9399942067e+22,0.0000000000e+00,0.0000000000e+00,4.5097206557e+08
5.0400000000e+02,4.3141531089e+03,5.9108783819e+03,0.0000000000e+00,4.6090534979e-02,-1.3513134575e+27,0.0000000000e+00,0.0000000000e+00,-3.9401497653e+22,0.0000000000e+00,0.0000000000e+00,4.5097206557e+08
5.0500000000e+02,4.3139827778e+03,5.9106450090e+03,0.0000000000e+00,4.6090534979e-02,-1.3513134575e+27,0.0000000000e+00,0.0000000000e+00,-3.9403053362e+22,0.0000000000e+00,0.0000000000e+00,4.5097206557e+08
5.0600000000e+02,4.3138124467e+03,5.9104116360e+03,0.0000000000e+00,4.6090534979e-02,-1.3513134575e+27,0.0000000000e+00,0.0000000000e+00,-3.9404609194e+22,0.0000000000e+00,0.0000000000e+00,4.5097206557e+08
5.0700000000e+02,4.3136421155e+03,5.9101782631e+03,0.0000000000e+00,4.6090534979e-02,-1.3513134575e+27,0.0000000000e+00,0.0000000000e+00,-3.9406165149e+22,0.0000000000e+00,0.0000000000e+00,4.5097206557e+08
5.0800000000e+02,4.3134717844e+03,5.9099448901e+03,0.0000000000e+00,4.6090534979e-02,-1.3513134575e+27,0.0000000000e+00,0.0000000000e+00,-3.9407721226e+22,0.0000000000e+00,0.0000000000e+00,4.5097206557e+08
5.0900000000e+02,4.3133014533e+03,5.9097115172e+03,0.0000000000e+00,4.6090534979e-02,-1.3513134575e+27,0.0000000000e+00,0.0000000000e+00,-3.9409277427e+22,0.0000000000e+00,0.0000000000e+00,4.5097206557e+08
5.1000000000e+02,4.3131311221e+03,5.9094781443e+03,0.0000000000e+00,4.6090534979e-02,-1.3513134575e+27,0.0000000000e+00,0.0000000000e+00,-3.9410833750e+22,0.0000000000e+00,0.0000000000e+00,4.5097206557e+08
5.1100000000e+02,4.3129607910e+03,5.9092447713e+03,0.0000000000e+00,4.6090534979e-02,-1.3513134575e+27,0.0000000000e+00,0.0000000000e+00,-3.9412390196e+22,0.0000000000e+00,0.0000000000e+00,4.5097206557e+08
5.1200000000e+02,4.3127904599e+03,5.9090113984e+03,0.0000000000e+00,4.6090534979e-02,-1.3513134575e+27,0.0000000000e+00,0.0000000000e+00,-3.9413946766e+22,0.0000000000e+00,0.0000000000e+00,4.5097206557e+08
5.1300000000e+02,4.3126201287e+03,5.9087780254e+03,0.0000000000e+00,4.6090534979e-02,-1.3513134575e+27,0.0000000000e+00,0.0000000000e+00,-3.9415503458e+22,0.0000000000e+00,0.0000000000e+00,4.5097206557e+08
5.1400000000e+02,4.3124497976e+03,5.9085446525e+03,0.0000000000e+00,4.6090534979e-02,-1.3513134575e+27,0.0000000000e+00,0.0000000000e+00,-3.9417060273e+22,0.0000000000e+00,0.0000000000e+00,4.5097206557e+08
5.1500000000e+02,4.3122794665e+03,5.9083112795e+03,0.0000000000e+00,4.6090534979e-02,-1.3513134575e+27,0.0000000000e+00,0.0000000000e+00,-3.9418617211e+22,0.0000000000e+00,0.0000000000e+00,4.5097206557e+08
5.1600000000e+02,4.3121091353e+03,5.9080779066e+03,0.0000000000e+00,4.6090534979e-02,-1.3513134575e+27,0.0000000000e+00,0.0000000000e+00,-3.9420174272e+22,0.0000000000e+00,0.0000000000e+00,4.5097206557e+08
5.1700000000e+02,4.3119388042e+03,5.9078445336e+03,0.0000000000e+00,4.6090534979e-02,-1.3513134575e+27,0.0000000000e+00,0.0000000000e+00,-3.9421731457e+22,0.0000000000e+00,0.0000000000e+00,4.5097206557e+08
5.1800000000e+02,4.3117684731e+03,5.9076111607e+03,0.0000000000e+00,4.6090534979e-02,-1.3513134575e+27,0.0000000000e+00,0.0000000000e+00,-3.9423288764e+22,0.0000000000e+00,0.0000000000e+00,4.5097206557e+08
5.1900000000e+02,4.3115981419e+03,5.9073777878e+03,0.0000000000e+00,4.6090534979e-02,-1.3513134575e+27,0.0000000000e+00,0.0000000000e+00,-3.9424846194e+22,0.0000000000e+00,0.0000000000e+00,4.5097206557e+08
5.2000000000e+02,4.3114278108e+03,5.9071444148e+03,0.0000000000e+00,4.6090534979e-02,-1.3513134575e+27,0.0000000000e+00,0.0000000000e+00,-3.9426403748e+22,0.0000000000e+00,0.0000000000e+00,4.5097206557e+08
5.2100000000e+02,4.3112574797e+03,5.9069110419e+03,0.0000000000e+00,4.6090534979e-02,-1.3513134575e+27,0.0000000000e+00,0.0000000000e+00,-3.9427961424e+22,0.0000000000e+00,0.0000000000e+00,4.5097206557e+08
5.2200000000e+02,4.3110871485e+03,5.9066776689e+03,0.0000000000e+00,4.6090534979e-02,-1.3513134575e+27,0.0000000000e+00,0.0000000000e+00,-3.9429519223e+22,0.0000000000e+00,0.0000000000e+00,4.5097206557e+08
5.2300000000e+02,4.3109168174e+03,5.9064442960e+03,0.0000000000e+00,4.6090534979e-02,-1.3513134575e+27,0.0000000000e+00,0.0000000000e+00,-3.9431077146e+22,0.0000000000e+00,0.0000000000e+00,4.5097206557e+08
5.2400000000e+02,4.3107464863e+03,5.9062109230e+03,0.0000000000e+00,4.6090534979e-02,-1.3513134575e+27,0.0000000000e+00,0.0000000000e+00,-3.9432635192e+22,0.0000000000e+00,0.0000000000e+00,4.5097206557e+08
5.2500000000e+02,4.3105761551e+03,5.9059775501e+03,0.0000000000e+00,4.6090534979e-02,-1.3513134575e+27,0.0000000000e+00,0.0000000000e+00,-3.9434193361e+22,0.0000000000e+00,0.0000000000e+00,4.5097206557e+08
5.2600000000e+02,4.3104058240e+03,5.9057441771e+03,0.0000000000e+00,4.6090534979e-02,-1.3513134575e+27,0.0000000000e+00,0.0000000000e+00,-3.9435751653e+22,0.0000000000e+00,0.0000000000e+00,4.5097206557e+08
5.2700000000e+02,4.3102354929e+03,5.9055108042e+03,0.0000000000e+00,4.6090534979e-02,-1.3513134575e+27,0.0000000000e+00,0.0000000000e+00,-3.9437310068e+22,0.0000000000e+00,0.0000000000e+00,4.5097206557e+08
5.2800000000e+02,4.3100651617e+03,5.9052774313e+03,0.0000000000e+00,4.6090534979e-02,-1.3513134575e+27,0.0000000000e+00,0.0000000000e+00,-3.9438868606e+22,0.0000000000e+00,0.0000000000e+00,4.5097206557e+08
5.2900000000e+02,4.3098948306e+03,5.9050440583e+03,0.0000000000e+00,4.6090534979e-02,-1.3513134575e+27,0.0000000000e+00,0.0000000000e+00,-3.9440427267e+22,0.0000000000e+00,0.0000000000e+00,4.5097206557e+08
5.3000000000e+02,4.3097244995e+03,5.9048106854e+03,0.0000000000e+00,4.6090534979e-02,-1.3513134575e+27,0.0000000000e+00,0.0000000000e+00,-3.9441986052e+22,0.0000000000e+00,0.0000000000e+00,4.5097206557e+08
5.3100000000e+02,4.3095541683e+03,5.9045773124e+03,0.0000000000e+00,4.6090534979e-02,-1.3513134575e+27,0.0000000000e+00,0.0000000000e+00,-3.9443544960e+22,0.0000000000e+00,0.0000000000e+00,4.5097206557e+08
5.3200000000e+02,4.3093838372e+03,5.9043439395e+03,0.0000000000e+00,4.6090534979e-02,-1.3513134575e+27,0.0000000000e+00,0.0000000000e+00,-3.9445103991e+22,0.0000000000e+00,0.0000000000e+00,4.5097206557e+08
5.3300000000e+02,4.3092135061e+03,5.9041105665e+03,0.0000000000e+00,4.6090534979e-02,-1.3513134575e+27,0.0000000000e+00,0.0000000000e+00,-3.9446663146e+22,0.0000000000e+00,0.0000000000e+00,4.5097206557e+08
5.3400000000e+02,4.3090431749e+03,5.9038771936e+03,0.0000000000e+00,4.6090534979e-02,-1.3513134575e+27,0.0000000000e+00,0.0000000000e+00,-3.9448222423e+22,0.0000000000e+00,0.0000000000e+00,4.5097206557e+08
5.3500000000e+02,4.3088728438e+03,5.9036438207e+03,0.0000000000e+00,4.6090534979e-02,-1.3513134575e+27,0.0000000000e+00,0.0000000000e+00,-3.9449781824e+22,0.0000000000e+00,0.0000000000e+00,4.5097206557e+08
5.3600000000e+02,4.3087025127e+03,5.9034104477e+03,0.0000000000e+00,4.6090534979e-02,-1.3513134575e+27,0.0000000000e+00,0.0000000000e+00,-3.9451341349e+22,0.0000000000e+00,0.0000000000e+00,4.5097206557e+08
5.3700000000e+02,4.3085321815e+03,5.9031770748e+03,0.0000000000e+00,4.6090534979e-02,-1.3513134575e+27,0.0000000000e+00,0.0000000000e+00,-3.9452900996e+22,0.0000000000e+00,0.0000000000e+00,4.5097206557e+08
5.3800000000e+02,4.3083618504e+03,5.9029437018e+03,0.0000000000e+00,4.6090534979e-02,-1.3513134575e+27,0.0000000000e+00,0.0000000000e+00,-3.9454460767e+22,0.0000000000e+00,0.0000000000e+00,4.5097206557e+08
5.3900000000e+02,4.3081915193e+03,5.9027103289e+03,0.0000000000e+00,4.6090534979e-02,-1.3513134575e+27,0.0000000000e+00,0.0000000000e+00,-3.9456020661e+22,0.0000000000e+00,0.0000000000e+00,4.5097206557e+08
5.4000000000e+02,4.3080211881e+03,5.9024769559e+03,0.0000000000e+00,4.6090534979e-02,-1.3513134575e+27,0.0000000000e+00,0.0000000000e+00,-3.9457580679e+22,0.0000000000e+00,0.0000000000e+00,4.5097206557e+08
5.4100000000e+02,4.3078508570e+03,5.9022435830e+03,0.0000000000e+00,4.6090534979e-02,-1.3513134575e+27,0.0000000000e+00,0.0000000000e+00,-3.9459140820e+22,0.0000000000e+00,0.0000000000e+00,4.5097206557e+08
5.4200000000e+02,4.3076805259e+03,5.9020102100e+03,0.0000000000e+00,4.6090534979e-02,-1.3513134575e+27,0.0000000000e+00,0.0000000000e+00,-3.9460701084e+22,0.0000000000e+00,0.0000000000e+00,4.5097206557e+08
5.4300000000e+02,4.3075101947e+03,5.9017768371e+03,0.0000000000e+00,4.6090534979e-02,-1.3513134575e+27,0.0000000000e+00,0.0000000000e+00,-3.9462261472e+22,0.0000000000e+00,0.0000000000e+00,4.5097206557e+08
5.4400000000e+02,4.3073398636e+03,5.9015434642e+03,0.0000000000e+00,4.6090534979e-02,-1.3513134575e+27,0.0000000000e+00,0.0000000000e+00,-3.9463821983e+22,0.0000000000e+00,0.0000000000e+00,4.5097206557e+08
5.4500000000e+02,4.3071695325e+03,5.9013100912e+03,0.0000000000e+00,4.6090534979e-02,-1.3513134575e+27,0.0000000000e+00,0.0000000000e+00,-3.9465382617e+22,0.0000000000e+00,0.0000000000e+00,4.5097206557e+08
5.4600000000e+02,4.3069992013e+03,5.9010767183e+03,0.0000000000e+00,4.6090534979e-02,-1.3513134575e+27,0.0000000000e+00,0.0000000000e+00,-3.9466943375e+22,0.0000000000e+00,0.0000000000e+00,4.5097206557e+08
5.4700000000e+02,4.3068288702e+03,5.9008433453e+03,0.0000000000e+00,4.6090534979e-02,-1.3513134575e+27,0.0000000000e+00,0.0000000000e+00,-3.9468504257e+22,0.0000000000e+00,0.0000000000e+00,4.5097206557e+08
5.4800000000e+02,4.3066585391e+03,5.9006099724e+03,0.0000000000e+00,4.6090534979e-02,-1.3513134575e+27,0.0000000000e+00,0.0000000000e+00,-3.9470065262e+22,0.0000000000e+00,0.0000000000e+00,4.5097206557e+08
5.4900000000e+02,4.3064882079e+03,5.9003765994e+03,0.0000000000e+00,4.6090534979e-02,-1.3513134575e+27,0.0000000000e+00,0.0000000000e+00,-3.9471626390e+22,0.0000000000e+00,0.0000000000e+00,4.5097206557e+08
5.5000000000e+02,4.3063178768e+03,5.9001432265e+03,0.0000000000e+00,4.6090534979e-02,-1.3513134575e+27,0.0000000000e+00,0.0000000000e+00,-3.9473187642e+22,0.0000000000e+00,0.0000000000e+00,4.5097206557e+08
5.5100000000e+02,4.3061475457e+03,5.8999098535e+03,0.0000000000e+00,4.6090534979e-02,-1.3513134575e+27,0.0000000000e+00,0.0000000000e+00,-3.9474749017e+22,0.0000000000e+00,0.0000000000e+00,4.5097206557e+08
5.5200000000e+02,4.3059772145e+03,5.8996764806e+03,0.0000000000e+00,4.6090534979e-02,-1.3513134575e+27,0.0000000000e+00,0.0000000000e+00,-3.9476310516e+22,0.0000000000e+00,0.0000000000e+00,4.5097206557e+08
5.5300000000e+02,4.3058068834e+03,5.8994431077e+03,0.0000000000e+00,4.6090534979e-02,-1.3513134575e+27,0.0000000000e+00,0.0000000000e+00,-3.9477872139e+22,0.0000000000e+00,0.0000000000e+00,4.5097206557e+08
5.5400000000e+02,4.3056365523e+03,5.8992097347e+03,0.0000000000e+00,4.6090534979e-02,-1.3513134575e+27,0.0000000000e+00,0.0000000000e+00,-3.9479433885e+22,0.0000000000e+00,0.0000000000e+00,4.5097206557e+08
5.5500000000e+02,4.3054662211e+03,5.8989763618e+03,0.0000000000e+00,4.6090534979e-02,-1.3513134575e+27,0.0000000000e+00,0.0000000000e+00,-3.9480995754e+22,0.0000000000e+00,0.0000000000e+00,4.5097206557e+08
5.5600000000e+02,4.3052958900e+03,5.8987429888e+03,0.0000000000e+00,4.6090534979e-02,-1.3513134575e+27,0.0000000000e+00,0.0000000000e+00,-3.9482557747e+22,0.0000000000e+00,0.0000000000e+00,4.5097206557e+08
5.5700000000e+02,4.3051255589e+03,5.8985096159e+03,0.0000000000e+00,4.6090534979e-02,-1.3513134575e+27,0.0000000000e+00,0.0000000000e+00,-3.9484119864e+22,0.0000000000e+00,0.0000000000e+00,4.5097206557e+08
5.5800000000e+02,4.3049552277e+03,5.8982762429e+03,0.0000000000e+00,4.6090534979e-02,-1.3513134575e+27,0.0000000000e+00,0.0000000000e+00,-3.9485682105e+22,0.0000000000e+00,0.0000000000e+00,4.5097206557e+08
5.5900000000e+02,4.3047848966e+03,5.8980428700e+03,0.0000000000e+00,4.6090534979e-02,-1.3513134575e+27,0.0000000000e+00,0.0000000000e+00,-3.9487244469e+22,0.0000000000e+00,0.0000000000e+00,4.5097206557e+08
5.6000000000e+02,4.3046145655e+03,5.8978094970e+03,0.0000000000e+00,4.6090534979e-02,-1.3513134575e+27,0.0000000000e+00,0.0000000000e+00,-3.9488806956e+22,0.0000000000e+00,0.0000000000e+00,4.5097206557e+08
5.6100000000e+02,4.3044442343e+03,5.8975761241e+03,0.0000000000e+00,4.6090534979e-02,-1.3513134575e+27,0.0000000000e+00,0.0000000000e+00,-3.9490369567e+22,0.0000000000e+00,0.0000000000e+00,4.5097206557e+08
5.6200000000e+02,4.3042739032e+03,5.8973427512e+03,0.0000000000e+00,4.6090534979e-02,-1.3513134575e+27,0.0000000000e+00,0.0000000000e+00,-3.9491932302e+22,0.0000000000e+00,0.0000000000e+00,4.5097206557e+08
5.6300000000e+02,4.3041035721e+03,5.8971093782e+03,0.0000000000e+00,4.6090534979e-02,-1.3513134575e+27,0.0000000000e+00,0.0000000000e+00,-3.9493495161e+22,0.0000000000e+00,0.0000000000e+00,4.5097206557e+08
5.6400000000e+02,4.3039332409e+03,5.8968760053e+03,0.0000000000e+00,4.6090534979e-02,-1.3513134575e+27,0.0000000000e+00,0.0000000000e+00,-3.9495058143e+22,0.0000000000e+00,0.0000000000e+00,4.5097206557e+08
5.6500000000e+02,4.3037629098e+03,5.8966426323e+03,0.0000000000e+00,4.6090534979e-02,-1.3513134575e+27,0.0000000000e+00,0.0000000000e+00,-3.9496621250e+22,0.0000000000e+00,0.0000000000e+00,4.5097206557e+08
5.6600000000e+02,4.3035925787e+03,5.8964092594e+03,0.0000000000e+00,4.6090534979e-02,-1.3513134575e+27,0.0000000000e+00,0.0000000000e+00,-3.9498184479e+22,0.0000000000e+00,0.0000000000e+00,4.5097206557e+08
5.6700000000e+02,4.3034222475e+03,5.8961758864e+03,0.0000000000e+00,4.6090534979e-02,-1.3513134575e+27,0.0000000000e+00,0.0000000000e+00,-3.9499747833e+22,0.0000000000e+00,0.0000000000e+00,4.5097206557e+08
5.6800000000e+02,4.3032519164e+03,5.8959425135e+03,0.0000000000e+00,4.6090534979e-02,-1.3513134575e+27,0.0000000000e+00,0.0000000000e+00,-3.9501311310e+22,0.0000000000e+00,0.0000000000e+00,4.5097206557e+08
5.6900000000e+02,4.3030815853e+03,5.8957091406e+03,0.0000000000e+00,4.6090534979e-02,-1.3513134575e+27,0.0000000000e+00,0.0000000000e+00,-3.9502874911e+22,0.0000000000e+00,0.0000000000e+00,4.5097206557e+08
5.7000000000e+02,4.3029112541e+03,5.8954757676e+03,0.0000000000e+00,4.6090534979e-02,-1.3513134575e+27,0.0000000000e+00,0.0000000000e+00,-3.9504438636e+22,0.0000000000e+00,0.0000000000e+00,4.5097206557e+08
5.7100000000e+02,4.3027409230e+03,5.8952423947e+03,0.0000000000e+00,4.6090534979e-02,-1.3513134575e+27,0.0000000000e+00,0.0000000000e+00,-3.9506002485e+22,0.0000000000e+00,0.0000000000e+00,4.5097206557e+08
5.7200000000e+02,4.3025705919e+03,5.8950090217e+03,0.0000000000e+00,4.6090534979e-02,-1.3513134575e+27,0.0000000000e+00,0.0000000000e+00,-3.9507566458e+22,0.0000000000e+00,0.0000000000e+00,4.5097206557e+08
5.7300000000e+02,4.3024002607e+03,5.8947756488e+03,0.0000000000e+00,4.6090534979e-02,-1.3513134575e+27,0.0000000000e+00,0.0000000000e+00,-3.9509130554e+22,0.0000000000e+00,0.0000000000e+00,4.5097206557e+08
5.7400000000e+02,4.3022299296e+03,5.8945422758e+03,0.0000000000e+00,4.6090534979e-02,-1.3513134575e+27,0.0000000000e+00,0.0000000000e+00,-3.9510694774e+22,0.0000000000e+00,0.0000000000e+00,4.5097206557e+08
5.7500000000e+02,4.3020595985e+03,5.8943089029e+03,0.0000000000e+00,4.6090534979e-02,-1.3513134575e+27,0.0000000000e+00,0.0000000000e+00,-3.9512259118e+22,0.0000000000e+00,0.0000000000e+00,4.5097206557e+08
5.7600000000e+02,4.3018892673e+03,5.8940755299e+03,0.0000000000e+00,4.6090534979e-02,-1.3513134575e+27,0.0000000000e+00,0.0000000000e+00,-3.9513823586e+22,0.0000000000e+00,0.0000000000e+00,4.5097206557e+08
5.7700000000e+02,4.3017189362e+03,5.8938421570e+03,0.0000000000e+00,4.6090534979e-02,-1.3513134575e+27,0.0000000000e+00,0.0000000000e+00,-3.9515388178e+22,0.0000000000e+00,0.0000000000e+00,4.5097206557e+08
5.7800000000e+02,4.3015486051e+03,5.8936087841e+03,0.0000000000e+00,4.6090534979e-02,-1.3513134575e+27,0.0000000000e+00,0.0000000000e+00,-3.9516952894e+22,0.0000000000e+00,0.0000000000e+00,4.5097206557e+08
5.7900000000e+02,4.3013782739e+03,5.8933754111e+03,0.0000000000e+00,4.6090534979e-02,-1.3513134575e+27,0.0000000000e+00,0.0000000000e+00,-3.9518517733e+22,0.0000000000e+00,0.0000000000e+00,4.5097206557e+08
5.8000000000e+02,4.3012079428e+03,5.8931420382e+03,0.0000000000e+00,4.6090534979e-02,-1.3513134575e+27,0.0000000000e+00,0.0000000000e+00,-3.9520082697e+22,0.0000000000e+00,0.0000000000e+00,4.5097206557e+08
5.8100000000e+02,4.3010376117e+03,5.8929086652e+03,0.0000000000e+00,4.6090534979e-02,-1.3513134575e+27,0.0000000000e+00,0.0000000000e+00,-3.9521647785e+22,0.0000000000e+00,0.0000000000e+00,4.5097206557e+08
5.8200000000e+02,4.3008672805e+03,5.8926752923e+03,0.0000000000e+00,4.6090534979e-02,-1.3513134575e+27,0.0000000000e+00,0.0000000000e+00,-3.9523212996e+22,0.0000000000e+00,0.0000000000e+00,4.5097206557e+08
5.8300000000e+02,4.3006969494e+03,5.8924419193e+03,0.0000000000e+00,4.6090534979e-02,-1.3513134575e+27,0.0000000000e+00,0.0000000000e+00,-3.9524778332e+22,0.0000000000e+00,0.0000000000e+00,4.5097206557e+08
5.8400000000e+02,4.3005266183e+03,5.8922085464e+03,0.0000000000e+00,4.6090534979e-02,-1.3513134575e+27,0.0000000000e+00,0.0000000000e+00,-3.9526343791e+22,0.0000000000e+00,0.0000000000e+00,4.5097206557e+08
5.8500000000e+02,4.3003562871e+03,5.8919751734e+03,0.0000000000e+00,4.6090534979e-02,-1.3513134575e+27,0.0000000000e+00,0.0000000000e+00,-3.9527909375e+22,0.0000000000e+00,0.0000000000e+00,4.5097206557e+08
5.8600000000e+02,4.3001859560e+03,5.8917418005e+03,0.0000000000e+00,4.6090534979e-02,-1.3513134575e+27,0.0000000000e+00,0.0000000000e+00,-3.9529475082e+22,0.0000000000e+00,0.0000000000e+00,4.5097206557e+08
5.8700000000e+02,4.3000156249e+03,5.8915084276e+03,0.0000000000e+00,4.6090534979e-02,-1.3513134575e+27,0.0000000000e+00,0.0000000000e+00,-3.9531040914e+22,0.0000000000e+00,0.0000000000e+00,4.5097206557e+08
5.8800000000e+02,4.2998452937e+03,5.8912750546e+03,0.0000000000e+00,4.6090534979e-02,-1.3513134575e+27,0.0000000000e+00,0.0000000000e+00,-3.9532606869e+22,0.0000000000e+00,0.0000000000e+00,4.5097206557e+08
5.8900000000e+02,4.2996749626e+03,5.8910416817e+03,0.0000000000e+00,4.6090534979e-02,-1.3513134575e+27,0.0000000000e+00,0.0000000000e+00,-3.9534172949e+22,0.0000000000e+00,0.0000000000e+00,4.5097206557e+08
5.9000000000e+02,4.2995046315e+03,5.8908083087e+03,0.0000000000e+00,4.6090534979e-02,-1.3513134575e+27,0.0000000000e+00,0.0000000000e+00,-3.9535739153e+22,0.0000000000e+00,0.0000000000e+00,4.5097206557e+08
5.9100000000e+02,4.2993343003e+03,5.8905749358e+03,0.0000000000e+00,4.6090534979e-02,-1.3513134575e+27,0.0000000000e+00,0.0000000000e+00,-3.9537305481e+22,0.0000000000e+00,0.0000000000e+00,4.5097206557e+08
5.9200000000e+02,4.2991639692e+03,5.8903415628e+03,0.0000000000e+00,4.6090534979e-02,-1.3513134575e+27,0.0000000000e+00,0.0000000000e+00,-3.9538871933e+22,0.0000000000e+00,0.0000000000e+00,4.5097206557e+08
5.9300000000e+02,4.2989936381e+03,5.8901081899e+03,0.0000000000e+00,4.6090534979e-02,-1.3513134575e+27,0.0000000000e+00,0.0000000000e+00,-3.9540438509e+22,0.0000000000e+00,0.0000000000e+00,4.5097206557e+08
5.9400000000e+02,4.2988233069e+03,5.8898748169e+03,0.0000000000e+00,4.6090534979e-02,-1.3513134575e+27,0.0000000000e+00,0.0000000000e+00,-3.9542005209e+22,0.0000000000e+00,0.0000000000e+00,4.5097206557e+08
5.9500000000e+02,4.2986529758e+03,5.8896414440e+03,0.0000000000e+00,4.6090534979e-02,-1.3513134575e+27,0.0000000000e+00,0.0000000000e+00,-3.9543572034e+22,0.0000000000e+00,0.0000000000e+00,4.5097206557e+08
5.9600000000e+02,4.2984826447e+03,5.8894080711e+03,0.0000000000e+00,4.6090534979e-02,-1.3513134575e+27,0.0000000000e+00,0.0000000000e+00,-3.9545138982e+22,0.0000000000e+00,0.0000000000e+00,4.5097206557e+08
5.9700000000e+02,4.2983123135e+03,5.8891746981e+03,0.0000000000e+00,4.6090534979e-02,-1.3513134575e+27,0.0000000000e+00,0.0000000000e+00,-3.9546706055e+22,0.0000000000e+00,0.0000000000e+00,4.5097206557e+08
5.9800000000e+02,4.2981419824e+03,5.8889413252e+03,0.0000000000e+00,4.6090534979e-02,-1.3513134575e+27,0.0000000000e+00,0.0000000000e+00,-3.9548273252e+22,0.0000000000e+00,0.0000000000e+00,4.5097206557e+08
5.9900000000e+02,4.2979716513e+03,5.8887079522e+03,0.0000000000e+00,4.6090534979e-02,-1.3513134575e+27,0.0000000000e+00,0.0000000000e+00,-3.9549840573e+22,0.0000000000e+00,0.0000000000e+00,4.5097206557e+08
6.0000000000e+02,4.2978013201e+03,5.8884745793e+03,0.0000000000e+00,4.6090534979e-02,-1.3513134575e+27,0.0000000000e+00,0.0000000000e+00,-3.9551408019e+22,0.0000000000e+00,0.0000000000e+00,4.5097206557e+08
6.0100000000e+02,4.2976309890e+03,5.8882412063e+03,0.0000000000e+00,4.6090534979e-02,-1.3513134575e+27,0.0000000000e+00,0.0000000000e+00,-3.9552975588e+22,0.0000000000e+00,0.0000000000e+00,4.5097206557e+08
6.0200000000e+02,4.2974606579e+03,5.8880078334e+03,0.0000000000e+00,4.6090534979e-02,-1.3513134575e+27,0.0000000000e+00,0.0000000000e+00,-3.9554543282e+22,0.0000000000e+00,0.0000000000e+00,4.5097206557e+08
6.0300000000e+02,4.2972903267e+03,5.8877744605e+03,0.0000000000e+00,4.6090534979e-02,-1.3513134575e+27,0.0000000000e+00,0.0000000000e+00,-3.9556111101e+22,0.0000000000e+00,0.0000000000e+00,4.5097206557e+08
6.0400000000e+02,4.2971199956e+03,5.8875410875e+03,0.0000000000e+00,4.6090534979e-02,-1.3513134575e+27,0.0000000000e+00,0.0000000000e+00,-3.9557679043e+22,0.0000000000e+00,0.0000000000e+00,4.5097206557e+08
6.0500000000e+02,4.2969496645e+03,5.8873077146e+03,0.0000000000e+00,4.6090534979e-02,-1.3513134575e+27,0.0000000000e+00,0.0000000000e+00,-3.9559247110e+22,0.0000000000e+00,0.0000000000e+00,4.5097206557e+08
6.0600000000e+02,4.2967793333e+03,5.8870743416e+03,0.0000000000e+00,4.6090534979e-02,-1.3513134575e+27,0.0000000000e+00,0.0000000000e+00,-3.9560815301e+22,0.0000000000e+00,0.0000000000e+00,4.5097206557e+08
6.0700000000e+02,4.2966090022e+03,5.8868409687e+03,0.0000000000e+00,4.6090534979e-02,-1.3513134575e+27,0.0000000000e+00,0.0000000000e+00,-3.9562383617e+22,0.0000000000e+00,0.0000000000e+00,4.5097206557e+08
6.0800000000e+02,4.2964386711e+03,5.8866075957e+03,0.0000000000e+00,4.6090534979e-02,-1.3513134575e+27,0.0000000000e+00,0.0000000000e+00,-3.9563952057e+22,0.0000000000e+00,0.0000000000e+00,4.5097206557e+08
6.0900000000e+02,4.2962683399e+03,5.8863742228e+03,0.0000000000e+00,4.6090534979e-02,-1.3513134575e+27,0.0000000000e+00,0.0000000000e+00,-3.9565520621e+22,0.0000000000e+00,0.0000000000e+00,4.5097206557e+08
6.1000000000e+02,4.2960980088e+03,5.8861408498e+03,0.0000000000e+00,4.6090534979e-02,-1.3513134575e+27,0.0000000000e+00,0.0000000000e+00,-3.9567089309e+22,0.0000000000e+00,0.0000000000e+00,4.5097206557e+08
6.1100000000e+02,4.2959276777e+03,5.8859074769e+03,0.0000000000e+00,4.6090534979e-02,-1.3513134575e+27,0.0000000000e+00,0.0000000000e+00,-3.9568658122e+22,0.0000000000e+00,0.0000000000e+00,4.5097206557e+08
6.1200000000e+02,4.2957573465e+03,5.8856741040e+03,0.0000000000e+00,4.6090534979e-02,-1.3513134575e+27,0.0000000000e+00,0.0000000000e+00,-3.9570227060e+22,0.0000000000e+00,0.0000000000e+00,4.5097206557e+08
6.1300000000e+02,4.2955870154e+03,5.8854407310e+03,0.0000000000e+00,4.6090534979e-02,-1.3513134575e+27,0.0000000000e+00,0.0000000000e+00,-3.9571796122e+22,0.0000000000e+00,0.0000000000e+00,4.5097206557e+08
6.1400000000e+02,4.2954166843e+03,5.8852073581e+03,0.0000000000e+00,4.6090534979e-02,-1.3513134575e+27,0.0000000000e+00,0.0000000000e+00,-3.9573365308e+22,0.0000000000e+00,0.0000000000e+00,4.5097206557e+08
6.1500000000e+02,4.2952463531e+03,5.8849739851e+03,0.0000000000e+00,4.6090534979e-02,-1.3513134575e+27,0.0000000000e+00,0.0000000000e+00,-3.9574934619e+22,0.0000000000e+00,0.0000000000e+00,4.5097206557e+08
6.1600000000e+02,4.2950760220e+03,5.8847406122e+03,0.0000000000e+00,4.6090534979e-02,-1.3513134575e+27,0.0000000000e+00,0.0000000000e+00,-3.9576504054e+22,0.0000000000e+00,0.0000000000e+00,4.5097206557e+08
6.1700000000e+02,4.2949056909e+03,5.8845072392e+03,0.0000000000e+00,4.6090534979e-02,-1.3513134575e+27,0.0000000000e+00,0.0000000000e+00,-3.9578073613e+22,0.0000000000e+00,0.0000000000e+00,4.5097206557e+08
6.1800000000e+02,4.2947353597e+03,5.8842738663e+03,0.0000000000e+00,4.6090534979e-02,-1.3513134575e+27,0.0000000000e+00,0.0000000000e+00,-3.9579643298e+22,0.0000000000e+00,0.0000000000e+00,4.5097206557e+08
6.1900000000e+02,4.2945650286e+03,5.8840404933e+03,0.0000000000e+00,4.6090534979e-02,-1.3513134575e+27,0.0000000000e+00,0.0000000000e+00,-3.9581213106e+22,0.0000000000e+00,0.0000000000e+00,4.5097206557e+08
6.2000000000e+02,4.2943946975e+03,5.8838071204e+03,0.0000000000e+00,4.6090534979e-02,-1.3513134575e+27,0.0000000000e+00,0.0000000000e+00,-3.9582783040e+22,0.0000000000e+00,0.0000000000e+00,4.5097206557e+08
6.2100000000e+02,4.2942243664e+03,5.8835737475e+03,0.0000000000e+00,4.6090534979e-02,-1.3513134575e+27,0.0000000000e+00,0.0000000000e+00,-3.9584353097e+22,0.0000000000e+00,0.0000000000e+00,4.5097206557e+08
6.2200000000e+02,4.2940540352e+03,5.8833403745e+03,0.0000000000e+00,4.6090534979e-02,-1.3513134575e+27,0.0000000000e+00,0.0000000000e+00,-3.9585923280e+22,0.0000000000e+00,0.0000000000e+00,4.5097206557e+08
6.2300000000e+02,4.2938837041e+03,5.8831070016e+03,0.0000000000e+00,4.6090534979e-02,-1.3513134575e+27,0.0000000000e+00,0.0000000000e+00,-3.9587493586e+22,0.0000000000e+00,0.0000000000e+00,4.5097206557e+08
6.2400000000e+02,4.2937133730e+03,5.8828736286e+03,0.0000000000e+00,4.6090534979e-02,-1.3513134575e+27,0.0000000000e+00,0.0000000000e+00,-3.9589064018e+22,0.0000000000e+00,0.0000000000e+00,4.5097206557e+08
6.2500000000e+02,4.2935430418e+03,5.8826402557e+03,0.0000000000e+00,4.6090534979e-02,-1.3513134575e+27,0.0000000000e+00,0.0000000000e+00,-3.9590634574e+22,0.0000000000e+00,0.0000000000e+00,4.5097206557e+08
6.2600000000e+02,4.2933727107e+03,5.8824068827e+03,0.0000000000e+00,4.6090534979e-02,-1.3513134575e+27,0.0000000000e+00,0.0000000000e+00,-3.9592205255e+22,0.0000000000e+00,0.0000000000e+00,4.5097206557e+08
6.2700000000e+02,4.2932023796e+03,5.8821735098e+03,0.0000000000e+00,4.6090534979e-02,-1.3513134575e+27,0.0000000000e+00,0.0000000000e+00,-3.9593776060e+22,0.0000000000e+00,0.0000000000e+00,4.5097206557e+08
6.2800000000e+02,4.2930320484e+03,5.8819401368e+03,0.0000000000e+00,4.6090534979e-02,-1.3513134575e+27,0.0000000000e+00,0.0000000000e+00,-3.9595346990e+22,0.0000000000e+00,0.0000000000e+00,4.5097206557e+08
6.2900000000e+02,4.2928617173e+03,5.8817067639e+03,0.0000000000e+00,4.6090534979e-02,-1.3513134575e+27,0.0000000000e+00,0.0000000000e+00,-3.9596918045e+22,0.0000000000e+00,0.0000000000e+00,4.5097206557e+08
6.3000000000e+02,4.2926913862e+03,5.8814733910e+03,0.0000000000e+00,4.6090534979e-02,-1.3513134575e+27,0.0000000000e+00,0.0000000000e+00,-3.9598489224e+22,0.0000000000e+00,0.0000000000e+00,4.5097206557e+08
6.3100000000e+02,4.2925210550e+03,5.8812400180e+03,0.0000000000e+00,4.6090534979e-02,-1.3513134575e+27,0.0000000000e+00,0.0000000000e+00,-3.9600060528e+22,0.0000000000e+00,0.0000000000e+00,4.5097206557e+08
6.3200000000e+02,4.2923507239e+03,5.8810066451e+03,0.0000000000e+00,4.6090534979e-02,-1.3513134575e+27,0.0000000000e+00,0.0000000000e+00,-3.9601631957e+22,0.0000000000e+00,0.0000000000e+00,4.5097206557e+08
6.3300000000e+02,4.2921803928e+03,5.8807732721e+03,0.0000000000e+00,4.6090534979e-02,-1.3513134575e+27,0.0000000000e+00,0.0000000000e+00,-3.9603203510e+22,0.0000000000e+00,0.0000000000e+00,4.5097206557e+08
6.3400000000e+02,4.2920100616e+03,5.8805398992e+03,0.0000000000e+00,4.6090534979e-02,-1.3513134575e+27,0.0000000000e+00,0.0000000000e+00,-3.9604775188e+22,0.0000000000e+00,0.0000000000e+00,4.5097206557e+08
6.3500000000e+02,4.2918397305e+03,5.8803065262e+03,0.0000000000e+00,4.6090534979e-02,-1.3513134575e+27,0.0000000000e+00,0.0000000000e+00,-3.9606346991e+22,0.0000000000e+00,0.0000000000e+00,4.5097206557e+08
6.3600000000e+02,4.2916693994e+03,5.8800731533e+03,0.0000000000e+00,4.6090534979e-02,-1.3513134575e+27,0.0000000000e+00,0.0000000000e+00,-3.9607918919e+22,0.0000000000e+00,0.0000000000e+00,4.5097206557e+08
6.3700000000e+02,4.2914990682e+03,5.8798397804e+03,0.0000000000e+00,4.6090534979e-02,-1.3513134575e+27,0.0000000000e+00,0.0000000000e+00,-3.9609490971e+22,0.0000000000e+00,0.0000000000e+00,4.5097206557e+08
6.3800000000e+02,4.2913287371e+03,5.8796064074e+03,0.0000000000e+00,4.6090534979e-02,-1.3513134575e+27,0.0000000000e+00,0.0000000000e+00,-3.9611063149e+22,0.0000000000e+00,0.0000000000e+00,4.5097206557e+08
6.3900000000e+02,4.2911584060e+03,5.8793730345e+03,0.0000000000e+00,4.6090534979e-02,-1.3513134575e+27,0.0000000000e+00,0.0000000000e+00,-3.9612635451e+22,0.0000000000e+00,0.0000000000e+00,4.5097206557e+08
6.4000000000e+02,4.2909880748e+03,5.8791396615e+03,0.0000000000e+00,4.6090534979e-02,-1.3513134575e+27,0.0000000000e+00,0.0000000000e+00,-3.9614207878e+22,0.0000000000e+00,0.0000000000e+00,4.5097206557e+08
6.4100000000e+02,4.2908177437e+03,5.8789062886e+03,0.0000000000e+00,4.6090534979e-02,-1.3513134575e+27,0.0000000000e+00,0.0000000000e+00,-3.9615780429e+22,0.0000000000e+00,0.0000000000e+00,4.5097206557e+08
6.4200000000e+02,4.2906474126e+03,5.8786729156e+03,0.0000000000e+00,4.6090534979e-02,-1.3513134575e+27,0.0000000000e+00,0.0000000000e+00,-3.9617353106e+22,0.0000000000e+00,0.0000000000e+00,4.5097206557e+08
6.4300000000e+02,4.2904770814e+03,5.8784395427e+03,0.0000000000e+00,4.6090534979e-02,-1.3513134575e+27,0.0000000000e+00,0.0000000000e+00,-3.9618925907e+22,0.0000000000e+00,0.0000000000e+00,4.5097206557e+08
6.4400000000e+02,4.2903067503e+03,5.8782061697e+03,0.0000000000e+00,4.6090534979e-02,-1.3513134575e+27,0.0000000000e+00,0.0000000000e+00,-3.9620498834e+22,0.0000000000e+00,0.0000000000e+00,4.5097206557e+08
6.4500000000e+02,4.2901364192e+03,5.8779727968e+03,0.0000000000e+00,4.6090534979e-02,-1.3513134575e+27,0.0000000000e+00,0.0000000000e+00,-3.9622071885e+22,0.0000000000e+00,0.0000000000e+00,4.5097206557e+08
6.4600000000e+02,4.2899660880e+03,5.8777394239e+03,0.0000000000e+00,4.6090534979e-02,-1.3513134575e+27,0.0000000000e+00,0.0000000000e+00,-3.9623645061e+22,0.0000000000e+00,0.0000000000e+00,4.5097206557e+08
6.4700000000e+02,4.2897957569e+03,5.8775060509e+03,0.0000000000e+00,4.6090534979e-02,-1.3513134575e+27,0.0000000000e+00,0.0000000000e+00,-3.9625218362e+22,0.0000000000e+00,0.0000000000e+00,4.5097206557e+08
6.4800000000e+02,4.2896254258e+03,5.8772726780e+03,0.0000000000e+00,4.6090534979e-02,-1.3513134575e+27,0.0000000000e+00,0.0000000000e+00,-3.9626791788e+22,0.0000000000e+00,0.0000000000e+00,4.5097206557e+08
6.4900000000e+02,4.2894550946e+03,5.8770393050e+03,0.0000000000e+00,4.6090534979e-02,-1.3513134575e+27,0.0000000000e+00,0.0000000000e+00,-3.9628365339e+22,0.0000000000e+00,0.0000000000e+00,4.5097206557e+08
6.5000000000e+02,4.2892847635e+03,5.8768059321e+03,0.0000000000e+00,4.6090534979e-02,-1.3513134575e+27,0.0000000000e+00,0.0000000000e+00,-3.9629939015e+22,0.0000000000e+00,0.0000000000e+00,4.5097206557e+08
6.5100000000e+02,4.2891144324e+03,5.8765725591e+03,0.0000000000e+00,4.6090534979e-02,-1.3513134575e+27,0.0000000000e+00,0.0000000000e+00,-3.9631512816e+22,0.0000000000e+00,0.0000000000e+00,4.5097206557e+08
6.5200000000e+02,4.2889441012e+03,5.8763391862e+03,0.0000000000e+00,4.6090534979e-02,-1.3513134575e+27,0.0000000000e+00,0.0000000000e+00,-3.9633086742e+22,0.0000000000e+00,0.0000000000e+00,4.5097206557e+08
6.5300000000e+02,4.2887737701e+03,5.8761058132e+03,0.0000000000e+00,4.6090534979e-02,-1.3513134575e+27,0.0000000000e+00,0.0000000000e+00,-3.9634660793e+22,0.0000000000e+00,0.0000000000e+00,4.5097206557e+08
6.5400000000e+02,4.2886034390e+03,5.8758724403e+03,0.0000000000e+00,4.6090534979e-02,-1.3513134575e+27,0.0000000000e+00,0.0000000000e+00,-3.9636234969e+22,0.0000000000e+00,0.0000000000e+00,4.5097206557e+08
6.5500000000e+02,4.2884331078e+03,5.8756390674e+03,0.0000000000e+00,4.6090534979e-02,-1.3513134575e+27,0.0000000000e+00,0.0000000000e+00,-3.9637809270e+22,0.0000000000e+00,0.0000000000e+00,4.5097206557e+08
6.5600000000e+02,4.2882627767e+03,5.8754056944e+03,0.0000000000e+00,4.6090534979e-02,-1.3513134575e+27,0.0000000000e+00,0.0000000000e+00,-3.9639383696e+22,0.0000000000e+00,0.0000000000e+00,4.5097206557e+08
6.5700000000e+02,4.2880924456e+03,5.8751723215e+03,0.0000000000e+00,4.6090534979e-02,-1.3513134575e+27,0.0000000000e+00,0.0000000000e+00,-3.9640958248e+22,0.0000000000e+00,0.0000000000e+00,4.5097206557e+08
6.5800000000e+02,4.2879221144e+03,5.8749389485e+03,0.0000000000e+00,4.6090534979e-02,-1.3513134575e+27,0.0000000000e+00,0.0000000000e+00,-3.9642532924e+22,0.0000000000e+00,0.0000000000e+00,4.5097206557e+08
6.5900000000e+02,4.2877517833e+03,5.8747055756e+03,0.0000000000e+00,4.6090534979e-02,-1.3513134575e+27,0.0000000000e+00,0.0000000000e+00,-3.9644107725e+22,0.0000000000e+00,0.0000000000e+00,4.5097206557e+08
6.6000000000e+02,4.2875814522e+03,5.8744722026e+03,0.0000000000e+00,4.6090534979e-02,-1.3513134575e+27,0.0000000000e+00,0.0000000000e+00,-3.9645682652e+22,0.0000000000e+00,0.0000000000e+00,4.5097206557e+08
6.6100000000e+02,4.2874111210e+03,5.8742388297e+03,0.0000000000e+00,4.6090534979e-02,-1.3513134575e+27,0.0000000000e+00,0.0000000000e+00,-3.9647257704e+22,0.0000000000e+00,0.0000000000e+00,4.5097206557e+08
6.6200000000e+02,4.2872407899e+03,5.8740054568e+03,0.0000000000e+00,4.6090534979e-02,-1.3513134575e+27,0.0000000000e+00,0.0000000000e+00,-3.9648832880e+22,0.0000000000e+00,0.0000000000e+00,4.5097206557e+08
6.6300000000e+02,4.2870704588e+03,5.8737720838e+03,0.0000000000e+00,4.6090534979e-02,-1.3513134575e+27,0.0000000000e+00,0.0000000000e+00,-3.9650408182e+22,0.0000000000e+00,0.0000000000e+00,4.5097206557e+08
6.6400000000e+02,4.2869001276e+03,5.8735387109e+03,0.0000000000e+00,4.6090534979e-02,-1.3513134575e+27,0.0000000000e+00,0.0000000000e+00,-3.9651983610e+22,0.0000000000e+00,0.0000000000e+00,4.5097206557e+08
6.6500000000e+02,4.2867297965e+03,5.8733053379e+03,0.0000000000e+00,4.6090534979e-02,-1.3513134575e+27,0.0000000000e+00,0.0000000000e+00,-3.9653559162e+22,0.0000000000e+00,0.0000000000e+00,4.5097206557e+08
6.6600000000e+02,4.2865594654e+03,5.8730719650e+03,0.0000000000e+00,4.6090534979e-02,-1.3513134575e+27,0.0000000000e+00,0.0000000000e+00,-3.9655134840e+22,0.0000000000e+00,0.0000000000e+00,4.5097206557e+08
6.6700000000e+02,4.2863891342e+03,5.8728385920e+03,0.0000000000e+00,4.6090534979e-02,-1.3513134575e+27,0.0000000000e+00,0.0000000000e+00,-3.9656710642e+22,0.0000000000e+00,0.0000000000e+00,4.5097206557e+08
6.6800000000e+02,4.2862188031e+03,5.8726052191e+03,0.0000000000e+00,4.6090534979e-02,-1.3513134575e+27,0.0000000000e+00,0.0000000000e+00,-3.9658286570e+22,0.0000000000e+00,0.0000000000e+00,4.5097206557e+08
6.6900000000e+02,4.2860484720e+03,5.8723718461e+03,0.0000000000e+00,4.6090534979e-02,-1.3513134575e+27,0.0000000000e+00,0.0000000000e+00,-3.9659862624e+22,0.0000000000e+00,0.0000000000e+00,4.5097206557e+08
6.7000000000e+02,4.2858781408e+03,5.8721384732e+03,0.0000000000e+00,4.6090534979e-02,-1.3513134575e+27,0.0000000000e+00,0.0000000000e+00,-3.9661438802e+22,0.0000000000e+00,0.0000000000e+00,4.5097206557e+08
6.7100000000e+02,4.2857078097e+03,5.8719051003e+03,0.0000000000e+00,4.6090534979e-02,-1.3513134575e+27,0.0000000000e+00,0.0000000000e+00,-3.9663015106e+22,0.0000000000e+00,0.0000000000e+00,4.5097206557e+08
6.7200000000e+02,4.2855374786e+03,5.8716717273e+03,0.0000000000e+00,4.6090534979e-02,-1.3513134575e+27,0.0000000000e+00,0.0000000000e+00,-3.9664591535e+22,0.0000000000e+00,0.0000000000e+00,4.5097206557e+08
6.7300000000e+02,4.2853671474e+03,5.8714383544e+03,0.0000000000e+00,4.6090534979e-02,-1.3513134575e+27,0.0000000000e+00,0.0000000000e+00,-3.9666168090e+22,0.0000000000e+00,0.0000000000e+00,4.5097206557e+08
6.7400000000e+02,4.2851968163e+03,5.8712049814e+03,0.0000000000e+00,4.6090534979e-02,-1.3513134575e+27,0.0000000000e+00,0.0000000000e+00,-3.9667744770e+22,0.0000000000e+00,0.0000000000e+00,4.5097206557e+08
6.7500000000e+02,4.2850264852e+03,5.8709716085e+03,0.0000000000e+00,4.6090534979e-02,-1.3513134575e+27,0.0000000000e+00,0.0000000000e+00,-3.9669321575e+22,0.0000000000e+00,0.0000000000e+00,4.5097206557e+08
6.7600000000e+02,4.2848561540e+03,5.8707382355e+03,0.0000000000e+00,4.6090534979e-02,-1.3513134575e+27,0.0000000000e+00,0.0000000000e+00,-3.9670898505e+22,0.0000000000e+00,0.0000000000e+00,4.5097206557e+08
6.7700000000e+02,4.2846858229e+03,5.8705048626e+03,0.0000000000e+00,4.6090534979e-02,-1.3513134575e+27,0.0000000000e+00,0.0000000000e+00,-3.9672475561e+22,0.0000000000e+00,0.0000000000e+00,4.5097206557e+08
6.7800000000e+02,4.2845154918e+03,5.8702714896e+03,0.0000000000e+00,4.6090534979e-02,-1.3513134575e+27,0.0000000000e+00,0.0000000000e+00,-3.9674052743e+22,0.0000000000e+00,0.0000000000e+00,4.5097206557e+08
6.7900000000e+02,4.2843451606e+03,5.8700381167e+03,0.0000000000e+00,4.6090534979e-02,-1.3513134575e+27,0.0000000000e+00,0.0000000000e+00,-3.9675630049e+22,0.0000000000e+00,0.0000000000e+00,4.5097206557e+08
6.8000000000e+02,4.2841748295e+03,5.8698047438e+03,0.0000000000e+00,4.6090534979e-02,-1.3513134575e+27,0.0000000000e+00,0.0000000000e+00,-3.9677207481e+22,0.0000000000e+00,0.0000000000e+00,4.5097206557e+08
6.8100000000e+02,4.2840044984e+03,5.8695713708e+03,0.0000000000e+00,4.6090534979e-02,-1.3513134575e+27,0.0000000000e+00,0.0000000000e+00,-3.9678785039e+22,0.0000000000e+00,0.0000000000e+00,4.5097206557e+08
6.8200000000e+02,4.2838341672e+03,5.8693379979e+03,0.0000000000e+00,4.6090534979e-02,-1.3513134575e+27,0.0000000000e+00,0.0000000000e+00,-3.9680362722e+22,0.0000000000e+00,0.0000000000e+00,4.5097206557e+08
6.8300000000e+02,4.2836638361e+03,5.8691046249e+03,0.0000000000e+00,4.6090534979e-02,-1.3513134575e+27,0.0000000000e+00,0.0000000000e+00,-3.9681940530e+22,0.0000000000e+00,0.0000000000e+00,4.5097206557e+08
6.8400000000e+02,4.2834935050e+03,5.8688712520e+03,0.0000000000e+00,4.6090534979e-02,-1.3513134575e+27,0.0000000000e+00,0.0000000000e+00,-3.9683518464e+22,0.0000000000e+00,0.0000000000e+00,4.5097206557e+08
6.8500000000e+02,4.2833231738e+03,5.8686378790e+03,0.0000000000e+00,4.6090534979e-02,-1.3513134575e+27,0.0000000000e+00,0.0000000000e+00,-3.9685096524e+22,0.0000000000e+00,0.0000000000e+00,4.5097206557e+08
6.8600000000e+02,4.2831528427e+03,5.8684045061e+03,0.0000000000e+00,4.6090534979e-02,-1.3513134575e+27,0.0000000000e+00,0.0000000000e+00,-3.9686674709e+22,0.0000000000e+00,0.0000000000e+00,4.5097206557e+08
6.8700000000e+02,4.2829825116e+03,5.8681711331e+03,0.0000000000e+00,4.6090534979e-02,-1.3513134575e+27,0.0000000000e+00,0.0000000000e+00,-3.9688253019e+22,0.0000000000e+00,0.0000000000e+00,4.5097206557e+08
6.8800000000e+02,4.2828121804e+03,5.8679377602e+03,0.0000000000e+00,4.6090534979e-02,-1.3513134575e+27,0.0000000000e+00,0.0000000000e+00,-3.9689831455e+22,0.0000000000e+00,0.0000000000e+00,4.5097206557e+08
6.8900000000e+02,4.2826418493e+03,5.8677043873e+03,0.0000000000e+00,4.6090534979e-02,-1.3513134575e+27,0.0000000000e+00,0.0000000000e+00,-3.9691410017e+22,0.0000000000e+00,0.0000000000e+00,4.5097206557e+08
6.9000000000e+02,4.2824715182e+03,5.8674710143e+03,0.0000000000e+00,4.6090534979e-02,-1.3513134575e+27,0.0000000000e+00,0.0000000000e+00,-3.9692988704e+22,0.0000000000e+00,0.0000000000e+00,4.5097206557e+08
6.9100000000e+02,4.2823011870e+03,5.8672376414e+03,0.0000000000e+00,4.6090534979e-02,-1.3513134575e+27,0.0000000000e+00,0.0000000000e+00,-3.9694567517e+22,0.0000000000e+00,0.0000000000e+00,4.5097206557e+08
6.9200000000e+02,4.2821308559e+03,5.8670042684e+03,0.0000000000e+00,4.6090534979e-02,-1.3513134575e+27,0.0000000000e+00,0.0000000000e+00,-3.9696146455e+22,0.0000000000e+00,0.0000000000e+00,4.5097206557e+08
6.9300000000e+02,4.2819605248e+03,5.8667708955e+03,0.0000000000e+00,4.6090534979e-02,-1.3513134575e+27,0.0000000000e+00,0.0000000000e+00,-3.9697725519e+22,0.0000000000e+00,0.0000000000e+00,4.5097206557e+08
6.9400000000e+02,4.2817901936e+03,5.8665375225e+03,0.0000000000e+00,4.6090534979e-02,-1.3513134575e+27,0.0000000000e+00,0.0000000000e+00,-3.9699304709e+22,0.0000000000e+00,0.0000000000e+00,4.5097206557e+08
6.9500000000e+02,4.2816198625e+03,5.8663041496e+03,0.0000000000e+00,4.6090534979e-02,-1.3513134575e+27,0.0000000000e+00,0.0000000000e+00,-3.9700884024e+22,0.0000000000e+00,0.0000000000e+00,4.5097206557e+08
6.9600000000e+02,4.2814495314e+03,5.8660707767e+03,0.0000000000e+00,4.6090534979e-02,-1.3513134575e+27,0.0000000000e+00,0.0000000000e+00,-3.9702463465e+22,0.0000000000e+00,0.0000000000e+00,4.5097206557e+08
6.9700000000e+02,4.2812792002e+03,5.8658374037e+03,0.0000000000e+00,4.6090534979e-02,-1.3513134575e+27,0.0000000000e+00,0.0000000000e+00,-3.9704043032e+22,0.0000000000e+00,0.0000000000e+00,4.5097206557e+08
6.9800000000e+02,4.2811088691e+03,5.8656040308e+03,0.0000000000e+00,4.6090534979e-02,-1.3513134575e+27,0.0000000000e+00,0.0000000000e+00,-3.9705622724e+22,0.0000000000e+00,0.0000000000e+00,4.5097206557e+08
6.9900000000e+02,4.2809385380e+03,5.8653706578e+03,0.0000000000e+00,4.6090534979e-02,-1.3513134575e+27,0.0000000000e+00,0.0000000000e+00,-3.9707202542e+22,0.0000000000e+00,0.0000000000e+00,4.5097206557e+08
7.0000000000e+02,4.2807682068e+03,5.8651372849e+03,0.0000000000e+00,4.6090534979e-02,-1.3513134575e+27,0.0000000000e+00,0.0000000000e+00,-3.9708782486e+22,0.0000000000e+00,0.0000000000e+00,4.5097206557e+08
7.0100000000e+02,4.2805978757e+03,5.8649039119e+03,0.0000000000e+00,4.6090534979e-02,-1.3513134575e+27,0.0000000000e+00,0.0000000000e+00,-3.9710362555e+22,0.0000000000e+00,0.0000000000e+00,4.5097206557e+08
7.0200000000e+02,4.2804275446e+03,5.8646705390e+03,0.0000000000e+00,4.6090534979e-02,-1.3513134575e+27,0.0000000000e+00,0.0000000000e+00,-3.9711942750e+22,0.0000000000e+00,0.0000000000e+00,4.5097206557e+08
7.0300000000e+02,4.2802572134e+03,5.8644371660e+03,0.0000000000e+00,4.6090534979e-02,-1.3513134575e+27,0.0000000000e+00,0.0000000000e+00,-3.9713523071e+22,0.0000000000e+00,0.0000000000e+00,4.5097206557e+08
7.0400000000e+02,4.2800868823e+03,5.8642037931e+03,0.0000000000e+00,4.6090534979e-02,-1.3513134575e+27,0.0000000000e+00,0.0000000000e+00,-3.9715103518e+22,0.0000000000e+00,0.0000000000e+00,4.5097206557e+08
7.0500000000e+02,4.2799165512e+03,5.8639704202e+03,0.0000000000e+00,4.6090534979e-02,-1.3513134575e+27,0.0000000000e+00,0.0000000000e+00,-3.9716684090e+22,0.0000000000e+00,0.0000000000e+00,4.5097206557e+08
7.0600000000e+02,4.2797462200e+03,5.8637370472e+03,0.0000000000e+00,4.6090534979e-02,-1.3513134575e+27,0.0000000000e+00,0.0000000000e+00,-3.9718264789e+22,0.0000000000e+00,0.0000000000e+00,4.5097206557e+08
7.0700000000e+02,4.2795758889e+03,5.8635036743e+03,0.0000000000e+00,4.6090534979e-02,-1.3513134575e+27,0.0000000000e+00,0.0000000000e+00,-3.9719845613e+22,0.0000000000e+00,0.0000000000e+00,4.5097206557e+08
7.0800000000e+02,4.2794055578e+03,5.8632703013e+03,0.0000000000e+00,4.6090534979e-02,-1.3513134575e+27,0.0000000000e+00,0.0000000000e+00,-3.9721426563e+22,0.0000000000e+00,0.0000000000e+00,4.5097206557e+08
7.0900000000e+02,4.2792352266e+03,5.8630369284e+03,0.0000000000e+00,4.6090534979e-02,-1.3513134575e+27,0.0000000000e+00,0.0000000000e+00,-3.9723007639e+22,0.0000000000e+00,0.0000000000e+00,4.5097206557e+08
7.1000000000e+02,4.2790648955e+03,5.8628035554e+03,0.0000000000e+00,4.6090534979e-02,-1.3513134575e+27,0.0000000000e+00,0.0000000000e+00,-3.9724588841e+22,0.0000000000e+00,0.0000000000e+00,4.5097206557e+08
7.1100000000e+02,4.2788945644e+03,5.8625701825e+03,0.0000000000e+00,4.6090534979e-02,-1.3513134575e+27,0.0000000000e+00,0.0000000000e+00,-3.9726170168e+22,0.0000000000e+00,0.0000000000e+00,4.5097206557e+08
7.1200000000e+02,4.2787242332e+03,5.8623368095e+03,0.0000000000e+00,4.6090534979e-02,-1.3513134575e+27,0.0000000000e+00,0.0000000000e+00,-3.9727751622e+22,0.0000000000e+00,0.0000000000e+00,4.5097206557e+08
7.1300000000e+02,4.2785539021e+03,5.8621034366e+03,0.0000000000e+00,4.6090534979e-02,-1.3513134575e+27,0.0000000000e+00,0.0000000000e+00,-3.9729333201e+22,0.0000000000e+00,0.0000000000e+00,4.5097206557e+08
7.1400000000e+02,4.2783835710e+03,5.8618700637e+03,0.0000000000e+00,4.6090534979e-02,-1.3513134575e+27,0.0000000000e+00,0.0000000000e+00,-3.9730914907e+22,0.0000000000e+00,0.0000000000e+00,4.5097206557e+08
7.1500000000e+02,4.2782132398e+03,5.8616366907e+03,0.0000000000e+00,4.6090534979e-02,-1.3513134575e+27,0.0000000000e+00,0.0000000000e+00,-3.9732496738e+22,0.0000000000e+00,0.0000000000e+00,4.5097206557e+08
7.1600000000e+02,4.2780429087e+03,5.8614033178e+03,0.0000000000e+00,4.6090534979e-02,-1.3513134575e+27,0.0000000000e+00,0.0000000000e+00,-3.9734078695e+22,0.0000000000e+00,0.0000000000e+00,4.5097206557e+08
7.1700000000e+02,4.2778725776e+03,5.8611699448e+03,0.0000000000e+00,4.6090534979e-02,-1.3513134575e+27,0.0000000000e+00,0.0000000000e+00,-3.9735660779e+22,0.0000000000e+00,0.0000000000e+00,4.5097206557e+08
7.1800000000e+02,4.2777022464e+03,5.8609365719e+03,0.0000000000e+00,4.6090534979e-02,-1.3513134575e+27,0.0000000000e+00,0.0000000000e+00,-3.9737242988e+22,0.0000000000e+00,0.0000000000e+00,4.5097206557e+08
7.1900000000e+02,4.2775319153e+03,5.8607031989e+03,0.0000000000e+00,4.6090534979e-02,-1.3513134575e+27,0.0000000000e+00,0.0000000000e+00,-3.9738825323e+22,0.0000000000e+00,0.0000000000e+00,4.5097206557e+08
7.2000000000e+02,4.2773615842e+03,5.8604698260e+03,0.0000000000e+00,4.6090534979e-02,-1.3513134575e+27,0.0000000000e+00,0.0000000000e+00,-3.9740407784e+22,0.0000000000e+00,0.0000000000e+00,4.5097206557e+08
7.2100000000e+02,4.2771912530e+03,5.8602364530e+03,0.0000000000e+00,4.6090534979e-02,-1.3513134575e+27,0.0000000000e+00,0.0000000000e+00,-3.9741990372e+22,0.0000000000e+00,0.0000000000e+00,4.5097206557e+08
7.2200000000e+02,4.2770209219e+03,5.8600030801e+03,0.0000000000e+00,4.6090534979e-02,-1.3513134575e+27,0.0000000000e+00,0.0000000000e+00,-3.9743573085e+22,0.0000000000e+00,0.0000000000e+00,4.5097206557e+08
7.2300000000e+02,4.2768505908e+03,5.8597697072e+03,0.0000000000e+00,4.6090534979e-02,-1.3513134575e+27,0.0000000000e+00,0.0000000000e+00,-3.9745155925e+22,0.0000000000e+00,0.0000000000e+00,4.5097206557e+08
7.2400000000e+02,4.2766802596e+03,5.8595363342e+03,0.0000000000e+00,4.6090534979e-02,-1.3513134575e+27,0.0000000000e+00,0.0000000000e+00,-3.9746738890e+22,0.0000000000e+00,0.0000000000e+00,4.5097206557e+08
7.2500000000e+02,4.2765099285e+03,5.8593029613e+03,0.0000000000e+00,4.6090534979e-02,-1.3513134575e+27,0.0000000000e+00,0.0000000000e+00,-3.9748321982e+22,0.0000000000e+00,0.0000000000e+00,4.5097206557e+08
7.2600000000e+02,4.2763395974e+03,5.8590695883e+03,0.0000000000e+00,4.6090534979e-02,-1.3513134575e+27,0.0000000000e+00,0.0000000000e+00,-3.9749905199e+22,0.0000000000e+00,0.0000000000e+00,4.5097206557e+08
7.2700000000e+02,4.2761692662e+03,5.8588362154e+03,0.0000000000e+00,4.6090534979e-02,-1.3513134575e+27,0.0000000000e+00,0.0000000000e+00,-3.9751488543e+22,0.0000000000e+00,0.0000000000e+00,4.5097206557e+08
7.2800000000e+02,4.2759989351e+03,5.8586028424e+03,0.0000000000e+00,4.6090534979e-02,-1.3513134575e+27,0.0000000000e+00,0.0000000000e+00,-3.9753072013e+22,0.0000000000e+00,0.0000000000e+00,4.5097206557e+08
7.2900000000e+02,4.2758286040e+03,5.8583694695e+03,0.0000000000e+00,4.6090534979e-02,-1.3513134575e+27,0.0000000000e+00,0.0000000000e+00,-3.9754655610e+22,0.0000000000e+00,0.0000000000e+00,4.5097206557e+08
7.3000000000e+02,4.2756582728e+03,5.8581360966e+03,0.0000000000e+00,4.6090534979e-02,-1.3513134575e+27,0.0000000000e+00,0.0000000000e+00,-3.9756239332e+22,0.0000000000e+00,0.0000000000e+00,4.5097206557e+08
7.3100000000e+02,4.2754879417e+03,5.8579027236e+03,0.0000000000e+00,4.6090534979e-02,-1.3513134575e+27,0.0000000000e+00,0.0000000000e+00,-3.9757823180e+22,0.0000000000e+00,0.0000000000e+00,4.5097206557e+08
7.3200000000e+02,4.2753176106e+03,5.8576693507e+03,0.0000000000e+00,4.6090534979e-02,-1.3513134575e+27,0.0000000000e+00,0.0000000000e+00,-3.9759407155e+22,0.0000000000e+00,0.0000000000e+00,4.5097206557e+08
7.3300000000e+02,4.2751472794e+03,5.8574359777e+03,0.0000000000e+00,4.6090534979e-02,-1.3513134575e+27,0.0000000000e+00,0.0000000000e+00,-3.9760991256e+22,0.0000000000e+00,0.0000000000e+00,4.5097206557e+08
7.3400000000e+02,4.2749769483e+03,5.8572026048e+03,0.0000000000e+00,4.6090534979e-02,-1.3513134575e+27,0.0000000000e+00,0.0000000000e+00,-3.9762575483e+22,0.0000000000e+00,0.0000000000e+00,4.5097206557e+08
7.3500000000e+02,4.2748066172e+03,5.8569692318e+03,0.0000000000e+00,4.6090534979e-02,-1.3513134575e+27,0.0000000000e+00,0.0000000000e+00,-3.9764159837e+22,0.0000000000e+00,0.0000000000e+00,4.5097206557e+08
7.3600000000e+02,4.2746362860e+03,5.8567358589e+03,0.0000000000e+00,4.6090534979e-02,-1.3513134575e+27,0.0000000000e+00,0.0000000000e+00,-3.9765744316e+22,0.0000000000e+00,0.0000000000e+00,4.5097206557e+08
7.3700000000e+02,4.2744659549e+03,5.8565024859e+03,0.0000000000e+00,4.6090534979e-02,-1.3513134575e+27,0.0000000000e+00,0.0000000000e+00,-3.9767328922e+22,0.0000000000e+00,0.0000000000e+00,4.5097206557e+08
7.3800000000e+02,4.2742956238e+03,5.8562691130e+03,0.0000000000e+00,4.6090534979e-02,-1.3513134575e+27,0.0000000000e+00,0.0000000000e+00,-3.9768913655e+22,0.0000000000e+00,0.0000000000e+00,4.5097206557e+08
7.3900000000e+02,4.2741252926e+03,5.8560357401e+03,0.0000000000e+00,4.6090534979e-02,-1.3513134575e+27,0.0000000000e+00,0.0000000000e+00,-3.9770498513e+22,0.0000000000e+00,0.0000000000e+00,4.5097206557e+08
7.4000000000e+02,4.2739549615e+03,5.8558023671e+03,0.0000000000e+00,4.6090534979e-02,-1.3513134575e+27,0.0000000000e+00,0.0000000000e+00,-3.9772083498e+22,0.0000000000e+00,0.0000000000e+00,4.5097206557e+08
7.4100000000e+02,4.2737846304e+03,5.8555689942e+03,0.0000000000e+00,4.6090534979e-02,-1.3513134575e+27,0.0000000000e+00,0.0000000000e+00,-3.9773668609e+22,0.0000000000e+00,0.0000000000e+00,4.5097206557e+08
7.4200000000e+02,4.2736142992e+03,5.8553356212e+03,0.0000000000e+00,4.6090534979e-02,-1.3513134575e+27,0.0000000000e+00,0.0000000000e+00,-3.9775253847e+22,0.0000000000e+00,0.0000000000e+00,4.5097206557e+08
7.4300000000e+02,4.2734439681e+03,5.8551022483e+03,0.0000000000e+00,4.6090534979e-02,-1.3513134575e+27,0.0000000000e+00,0.0000000000e+00,-3.9776839211e+22,0.0000000000e+00,0.0000000000e+00,4.5097206557e+08
7.4400000000e+02,4.2732736370e+03,5.8548688753e+03,0.0000000000e+00,4.6090534979e-02,-1.3513134575e+27,0.0000000000e+00,0.0000000000e+00,-3.9778424701e+22,0.0000000000e+00,0.0000000000e+00,4.5097206557e+08
7.4500000000e+02,4.2731033058e+03,5.8546355024e+03,0.0000000000e+00,4.6090534979e-02,-1.3513134575e+27,0.0000000000e+00,0.0000000000e+00,-3.9780010318e+22,0.0000000000e+00,0.0000000000e+00,4.5097206557e+08
7.4600000000e+02,4.2729329747e+03,5.8544021294e+03,0.0000000000e+00,4.6090534979e-02,-1.3513134575e+27,0.0000000000e+00,0.0000000000e+00,-3.9781596061e+22,0.0000000000e+00,0.0000000000e+00,4.5097206557e+08
7.4700000000e+02,4.2727626436e+03,5.8541687565e+03,0.0000000000e+00,4.6090534979e-02,-1.3513134575e+27,0.0000000000e+00,0.0000000000e+00,-3.9783181931e+22,0.0000000000e+00,0.0000000000e+00,4.5097206557e+08
7.4800000000e+02,4.2725923124e+03,5.8539353836e+03,0.0000000000e+00,4.6090534979e-02,-1.3513134575e+27,0.0000000000e+00,0.0000000000e+00,-3.9784767927e+22,0.0000000000e+00,0.0000000000e+00,4.5097206557e+08
7.4900000000e+02,4.2724219813e+03,5.8537020106e+03,0.0000000000e+00,4.6090534979e-02,-1.3513134575e+27,0.0000000000e+00,0.0000000000e+00,-3.9786354049e+22,0.0000000000e+00,0.0000000000e+00,4.5097206557e+08
7.5000000000e+02,4.2722516502e+03,5.8534686377e+03,0.0000000000e+00,4.6090534979e-02,-1.3513134575e+27,0.0000000000e+00,0.0000000000e+00,-3.9787940298e+22,0.0000000000e+00,0.0000000000e+00,4.5097206557e+08
7.5100000000e+02,4.2720813190e+03,5.8532352647e+03,0.0000000000e+00,4.6090534979e-02,-1.3513134575e+27,0.0000000000e+00,0.0000000000e+00,-3.9789526674e+22,0.0000000000e+00,0.0000000000e+00,4.5097206557e+08
7.5200000000e+02,4.2719109879e+03,5.8530018918e+03,0.0000000000e+00,4.6090534979e-02,-1.3513134575e+27,0.0000000000e+00,0.0000000000e+00,-3.9791113176e+22,0.0000000000e+00,0.0000000000e+00,4.5097206557e+08
7.5300000000e+02,4.2717406568e+03,5.8527685188e+03,0.0000000000e+00,4.6090534979e-02,-1.3513134575e+27,0.0000000000e+00,0.0000000000e+00,-3.9792699804e+22,0.0000000000e+00,0.0000000000e+00,4.5097206557e+08
7.5400000000e+02,4.2715703256e+03,5.8525351459e+03,0.0000000000e+00,4.6090534979e-02,-1.3513134575e+27,0.0000000000e+00,0.0000000000e+00,-3.9794286559e+22,0.0000000000e+00,0.0000000000e+00,4.5097206557e+08
7.5500000000e+02,4.2713999945e+03,5.8523017729e+03,0.0000000000e+00,4.6090534979e-02,-1.3513134575e+27,0.0000000000e+00,0.0000000000e+00,-3.9795873441e+22,0.0000000000e+00,0.0000000000e+00,4.5097206557e+08
7.5600000000e+02,4.2712296634e+03,5.8520684000e+03,0.0000000000e+00,4.6090534979e-02,-1.3513134575e+27,0.0000000000e+00,0.0000000000e+00,-3.9797460449e+22,0.0000000000e+00,0.0000000000e+00,4.5097206557e+08
7.5700000000e+02,4.2710593322e+03,5.8518350271e+03,0.0000000000e+00,4.6090534979e-02,-1.3513134575e+27,0.0000000000e+00,0.0000000000e+00,-3.9799047584e+22,0.0000000000e+00,0.0000000000e+00,4.5097206557e+08
7.5800000000e+02,4.2708890011e+03,5.8516016541e+03,0.0000000000e+00,4.6090534979e-02,-1.3513134575e+27,0.0000000000e+00,0.0000000000e+00,-3.9800634845e+22,0.0000000000e+00,0.0000000000e+00,4.5097206557e+08
7.5900000000e+02,4.2707186700e+03,5.8513682812e+03,0.0000000000e+00,4.6090534979e-02,-1.3513134575e+27,0.0000000000e+00,0.0000000000e+00,-3.9802222233e+22,0.0000000000e+00,0.0000000000e+00,4.5097206557e+08
7.6000000000e+02,4.2705483389e+03,5.8511349082e+03,0.0000000000e+00,4.6090534979e-02,-1.3513134575e+27,0.0000000000e+00,0.0000000000e+00,-3.9803809747e+22,0.0000000000e+00,0.0000000000e+00,4.5097206557e+08
7.6100000000e+02,4.2703780077e+03,5.8509015353e+03,0.0000000000e+00,4.6090534979e-02,-1.3513134575e+27,0.0000000000e+00,0.0000000000e+00,-3.9805397389e+22,0.0000000000e+00,0.0000000000e+00,4.5097206557e+08
7.6200000000e+02,4.2702076766e+03,5.8506681623e+03,0.0000000000e+00,4.6090534979e-02,-1.3513134575e+27,0.0000000000e+00,0.0000000000e+00,-3.9806985156e+22,0.0000000000e+00,0.0000000000e+00,4.5097206557e+08
7.6300000000e+02,4.2700373455e+03,5.8504347894e+03,0.0000000000e+00,4.6090534979e-02,-1.3513134575e+27,0.0000000000e+00,0.0000000000e+00,-3.9808573051e+22,0.0000000000e+00,0.0000000000e+00,4.5097206557e+08
7.6400000000e+02,4.2698670143e+03,5.8502014165e+03,0.0000000000e+00,4.6090534979e-02,-1.3513134575e+27,0.0000000000e+00,0.0000000000e+00,-3.9810161072e+22,0.0000000000e+00,0.0000000000e+00,4.5097206557e+08
7.6500000000e+02,4.2696966832e+03,5.8499680435e+03,0.0000000000e+00,4.6090534979e-02,-1.3513134575e+27,0.0000000000e+00,0.0000000000e+00,-3.9811749220e+22,0.0000000000e+00,0.0000000000e+00,4.5097206557e+08
7.6600000000e+02,4.2695263521e+03,5.8497346706e+03,0.0000000000e+00,4.6090534979e-02,-1.3513134575e+27,0.0000000000e+00,0.0000000000e+00,-3.9813337495e+22,0.0000000000e+00,0.0000000000e+00,4.5097206557e+08
7.6700000000e+02,4.2693560209e+03,5.8495012976e+03,0.0000000000e+00,4.6090534979e-02,-1.3513134575e+27,0.0000000000e+00,0.0000000000e+00,-3.9814925896e+22,0.0000000000e+00,0.0000000000e+00,4.5097206557e+08
7.6800000000e+02,4.2691856898e+03,5.8492679247e+03,0.0000000000e+00,4.6090534979e-02,-1.3513134575e+27,0.0000000000e+00,0.0000000000e+00,-3.9816514424e+22,0.0000000000e+00,0.0000000000e+00,4.5097206557e+08
7.6900000000e+02,4.2690153587e+03,5.8490345517e+03,0.0000000000e+00,4.6090534979e-02,-1.3513134575e+27,0.0000000000e+00,0.0000000000e+00,-3.9818103079e+22,0.0000000000e+00,0.0000000000e+00,4.5097206557e+08
7.7000000000e+02,4.2688450275e+03,5.8488011788e+03,0.0000000000e+00,4.6090534979e-02,-1.3513134575e+27,0.0000000000e+00,0.0000000000e+00,-3.9819691861e+22,0.0000000000e+00,0.0000000000e+00,4.5097206557e+08
7.7100000000e+02,4.2686746964e+03,5.8485678058e+03,0.0000000000e+00,4.6090534979e-02,-1.3513134575e+27,0.0000000000e+00,0.0000000000e+00,-3.9821280769e+22,0.0000000000e+00,0.0000000000e+00,4.5097206557e+08
7.7200000000e+02,4.2685043653e+03,5.8483344329e+03,0.0000000000e+00,4.6090534979e-02,-1.3513134575e+27,0.0000000000e+00,0.0000000000e+00,-3.9822869804e+22,0.0000000000e+00,0.0000000000e+00,4.5097206557e+08
7.7300000000e+02,4.2683340341e+03,5.8481010600e+03,0.0000000000e+00,4.6090534979e-02,-1.3513134575e+27,0.0000000000e+00,0.0000000000e+00,-3.9824458966e+22,0.0000000000e+00,0.0000000000e+00,4.5097206557e+08
7.7400000000e+02,4.2681637030e+03,5.8478676870e+03,0.0000000000e+00,4.6090534979e-02,-1.3513134575e+27,0.0000000000e+00,0.0000000000e+00,-3.9826048255e+22,0.0000000000e+00,0.0000000000e+00,4.5097206557e+08
7.7500000000e+02,4.2679933719e+03,5.8476343141e+03,0.0000000000e+00,4.6090534979e-02,-1.3513134575e+27,0.0000000000e+00,0.0000000000e+00,-3.9827637671e+22,0.0000000000e+00,0.0000000000e+00,4.5097206557e+08
7.7600000000e+02,4.2678230407e+03,5.8474009411e+03,0.0000000000e+00,4.6090534979e-02,-1.3513134575e+27,0.0000000000e+00,0.0000000000e+00,-3.9829227214e+22,0.0000000000e+00,0.0000000000e+00,4.5097206557e+08
7.7700000000e+02,4.2676527096e+03,5.8471675682e+03,0.0000000000e+00,4.6090534979e-02,-1.3513134575e+27,0.0000000000e+00,0.0000000000e+00,-3.9830816883e+22,0.0000000000e+00,0.0000000000e+00,4.5097206557e+08
7.7800000000e+02,4.2674823785e+03,5.8469341952e+03,0.0000000000e+00,4.6090534979e-02,-1.3513134575e+27,0.0000000000e+00,0.0000000000e+00,-3.9832406680e+22,0.0000000000e+00,0.0000000000e+00,4.5097206557e+08
7.7900000000e+02,4.2673120473e+03,5.8467008223e+03,0.0000000000e+00,4.6090534979e-02,-1.3513134575e+27,0.0000000000e+00,0.0000000000e+00,-3.9833996603e+22,0.0000000000e+00,0.0000000000e+00,4.5097206557e+08
7.8000000000e+02,4.2671417162e+03,5.8464674493e+03,0.0000000000e+00,4.6090534979e-02,-1.3513134575e+27,0.0000000000e+00,0.0000000000e+00,-3.9835586653e+22,0.0000000000e+00,0.0000000000e+00,4.5097206557e+08
7.8100000000e+02,4.2669713851e+03,5.8462340764e+03,0.0000000000e+00,4.6090534979e-02,-1.3513134575e+27,0.0000000000e+00,0.0000000000e+00,-3.9837176830e+22,0.0000000000e+00,0.0000000000e+00,4.5097206557e+08
7.8200000000e+02,4.2668010539e+03,5.8460007035e+03,0.0000000000e+00,4.6090534979e-02,-1.3513134575e+27,0.0000000000e+00,0.0000000000e+00,-3.9838767135e+22,0.0000000000e+00,0.0000000000e+00,4.5097206557e+08
7.8300000000e+02,4.2666307228e+03,5.8457673305e+03,0.0000000000e+00,4.6090534979e-02,-1.3513134575e+27,0.0000000000e+00,0.0000000000e+00,-3.9840357566e+22,0.0000000000e+00,0.0000000000e+00,4.5097206557e+08
7.8400000000e+02,4.2664603917e+03,5.8455339576e+03,0.0000000000e+00,4.6090534979e-02,-1.3513134575e+27,0.0000000000e+00,0.0000000000e+00,-3.9841948124e+22,0.0000000000e+00,0.0000000000e+00,4.5097206557e+08
7.8500000000e+02,4.2662900605e+03,5.8453005846e+03,0.0000000000e+00,4.6090534979e-02,-1.3513134575e+27,0.0000000000e+00,0.0000000000e+00,-3.9843538809e+22,0.0000000000e+00,0.0000000000e+00,4.5097206557e+08
7.8600000000e+02,4.2661197294e+03,5.8450672117e+03,0.0000000000e+00,4.6090534979e-02,-1.3513134575e+27,0.0000000000e+00,0.0000000000e+00,-3.9845129621e+22,0.0000000000e+00,0.0000000000e+00,4.5097206557e+08
7.8700000000e+02,4.2659493983e+03,5.8448338387e+03,0.0000000000e+00,4.6090534979e-02,-1.3513134575e+27,0.0000000000e+00,0.0000000000e+00,-3.9846720560e+22,0.0000000000e+00,0.0000000000e+00,4.5097206557e+08
7.8800000000e+02,4.2657790671e+03,5.8446004658e+03,0.0000000000e+00,4.6090534979e-02,-1.3513134575e+27,0.0000000000e+00,0.0000000000e+00,-3.9848311626e+22,0.0000000000e+00,0.0000000000e+00,4.5097206557e+08
7.8900000000e+02,4.2656087360e+03,5.8443670928e+03,0.0000000000e+00,4.6090534979e-02,-1.3513134575e+27,0.0000000000e+00,0.0000000000e+00,-3.9849902820e+22,0.0000000000e+00,0.0000000000e+00,4.5097206557e+08
7.9000000000e+02,4.2654384049e+03,5.8441337199e+03,0.0000000000e+00,4.6090534979e-02,-1.3513134575e+27,0.0000000000e+00,0.0000000000e+00,-3.9851494140e+22,0.0000000000e+00,0.0000000000e+00,4.5097206557e+08
7.9100000000e+02,4.2652680737e+03,5.8439003470e+03,0.0000000000e+00,4.6090534979e-02,-1.3513134575e+27,0.0000000000e+00,0.0000000000e+00,-3.9853085588e+22,0.0000000000e+00,0.0000000000e+00,4.5097206557e+08
7.9200000000e+02,4.2650977426e+03,5.8436669740e+03,0.0000000000e+00,4.6090534979e-02,-1.3513134575e+27,0.0000000000e+00,0.0000000000e+00,-3.9854677162e+22,0.0000000000e+00,0.0000000000e+00,4.5097206557e+08
7.9300000000e+02,4.2649274115e+03,5.8434336011e+03,0.0000000000e+00,4.6090534979e-02,-1.3513134575e+27,0.0000000000e+00,0.0000000000e+00,-3.9856268864e+22,0.0000000000e+00,0.0000000000e+00,4.5097206557e+08
7.9400000000e+02,4.2647570803e+03,5.8432002281e+03,0.0000000000e+00,4.6090534979e-02,-1.3513134575e+27,0.0000000000e+00,0.0000000000e+00,-3.9857860693e+22,0.0000000000e+00,0.0000000000e+00,4.5097206557e+08
7.9500000000e+02,4.2645867492e+03,5.8429668552e+03,0.0000000000e+00,4.6090534979e-02,-1.3513134575e+27,0.0000000000e+00,0.0000000000e+00,-3.9859452649e+22,0.0000000000e+00,0.0000000000e+00,4.5097206557e+08
7.9600000000e+02,4.2644164181e+03,5.8427334822e+03,0.0000000000e+00,4.6090534979e-02,-1.3513134575e+27,0.0000000000e+00,0.0000000000e+00,-3.9861044732e+22,0.0000000000e+00,0.0000000000e+00,4.5097206557e+08
7.9700000000e+02,4.2642460869e+03,5.8425001093e+03,0.0000000000e+00,4.6090534979e-02,-1.3513134575e+27,0.0000000000e+00,0.0000000000e+00,-3.9862636942e+22,0.0000000000e+00,0.0000000000e+00,4.5097206557e+08
7.9800000000e+02,4.2640757558e+03,5.8422667364e+03,0.0000000000e+00,4.6090534979e-02,-1.3513134575e+27,0.0000000000e+00,0.0000000000e+00,-3.9864229280e+22,0.0000000000e+00,0.0000000000e+00,4.5097206557e+08
7.9900000000e+02,4.2639054247e+03,5.8420333634e+03,0.0000000000e+00,4.6090534979e-02,-1.3513134575e+27,0.0000000000e+00,0.0000000000e+00,-3.9865821745e+22,0.0000000000e+00,0.0000000000e+00,4.5097206557e+08
8.0000000000e+02,4.2637350935e+03,5.8417999905e+03,0.0000000000e+00,4.6090534979e-02,-1.3513134575e+27,0.0000000000e+00,0.0000000000e+00,-3.9867414337e+22,0.0000000000e+00,0.0000000000e+00,4.5097206557e+08
8.0100000000e+02,4.2635647624e+03,5.8415666175e+03,0.0000000000e+00,4.6090534979e-02,-1.3513134575e+27,0.0000000000e+00,0.0000000000e+00,-3.9869007056e+22,0.0000000000e+00,0.0000000000e+00,4.5097206557e+08
8.0200000000e+02,4.2633944313e+03,5.8413332446e+03,0.0000000000e+00,4.6090534979e-02,-1.3513134575e+27,0.0000000000e+00,0.0000000000e+00,-3.9870599903e+22,0.0000000000e+00,0.0000000000e+00,4.5097206557e+08
8.0300000000e+02,4.2632241001e+03,5.8410998716e+03,0.0000000000e+00,4.6090534979e-02,-1.3513134575e+27,0.0000000000e+00,0.0000000000e+00,-3.9872192877e+22,0.0000000000e+00,0.0000000000e+00,4.5097206557e+08
8.0400000000e+02,4.2630537690e+03,5.8408664987e+03,0.0000000000e+00,4.6090534979e-02,-1.3513134575e+27,0.0000000000e+00,0.0000000000e+00,-3.9873785978e+22,0.0000000000e+00,0.0000000000e+00,4.5097206557e+08
8.0500000000e+02,4.2628834379e+03,5.8406331257e+03,0.0000000000e+00,4.6090534979e-02,-1.3513134575e+27,0.0000000000e+00,0.0000000000e+00,-3.9875379206e+22,0.0000000000e+00,0.0000000000e+00,4.5097206557e+08
8.0600000000e+02,4.2627131067e+03,5.8403997528e+03,0.0000000000e+00,4.6090534979e-02,-1.3513134575e+27,0.0000000000e+00,0.0000000000e+00,-3.9876972562e+22,0.0000000000e+00,0.0000000000e+00,4.5097206557e+08
8.0700000000e+02,4.2625427756e+03,5.8401663799e+03,0.0000000000e+00,4.6090534979e-02,-1.3513134575e+27,0.0000000000e+00,0.0000000000e+00,-3.9878566045e+22,0.0000000000e+00,0.0000000000e+00,4.5097206557e+08
8.0800000000e+02,4.2623724445e+03,5.8399330069e+03,0.0000000000e+00,4.6090534979e-02,-1.3513134575e+27,0.0000000000e+00,0.0000000000e+00,-3.9880159656e+22,0.0000000000e+00,0.0000000000e+00,4.5097206557e+08
8.0900000000e+02,4.2622021133e+03,5.8396996340e+03,0.0000000000e+00,4.6090534979e-02,-1.3513134575e+27,0.0000000000e+00,0.0000000000e+00,-3.9881753393e+22,0.0000000000e+00,0.0000000000e+00,4.5097206557e+08
8.1000000000e+02,4.2620317822e+03,5.8394662610e+03,0.0000000000e+00,4.6090534979e-02,-1.3513134575e+27,0.0000000000e+00,0.0000000000e+00,-3.9883347259e+22,0.0000000000e+00,0.0000000000e+00,4.5097206557e+08
8.1100000000e+02,4.2618614511e+03,5.8392328881e+03,0.0000000000e+00,4.6090534979e-02,-1.3513134575e+27,0.0000000000e+00,0.0000000000e+00,-3.9884941251e+22,0.0000000000e+00,0.0000000000e+00,4.5097206557e+08
8.1200000000e+02,4.2616911199e+03,5.8389995151e+03,0.0000000000e+00,4.6090534979e-02,-1.3513134575e+27,0.0000000000e+00,0.0000000000e+00,-3.9886535371e+22,0.0000000000e+00,0.0000000000e+00,4.5097206557e+08
8.1300000000e+02,4.2615207888e+03,5.8387661422e+03,0.0000000000e+00,4.6090534979e-02,-1.3513134575e+27,0.0000000000e+00,0.0000000000e+00,-3.9888129619e+22,0.0000000000e+00,0.0000000000e+00,4.5097206557e+08
8.1400000000e+02,4.2613504577e+03,5.8385327692e+03,0.0000000000e+00,4.6090534979e-02,-1.3513134575e+27,0.0000000000e+00,0.0000000000e+00,-3.9889723994e+22,0.0000000000e+00,0.0000000000e+00,4.5097206557e+08
8.1500000000e+02,4.2611801265e+03,5.8382993963e+03,0.0000000000e+00,4.6090534979e-02,-1.3513134575e+27,0.0000000000e+00,0.0000000000e+00,-3.9891318496e+22,0.0000000000e+00,0.0000000000e+00,4.5097206557e+08
8.1600000000e+02,4.2610097954e+03,5.8380660234e+03,0.0000000000e+00,4.6090534979e-02,-1.3513134575e+27,0.0000000000e+00,0.0000000000e+00,-3.9892913126e+22,0.0000000000e+00,0.0000000000e+00,4.5097206557e+08
8.1700000000e+02,4.2608394643e+03,5.8378326504e+03,0.0000000000e+00,4.6090534979e-02,-1.3513134575e+27,0.0000000000e+00,0.0000000000e+00,-3.9894507883e+22,0.0000000000e+00,0.0000000000e+00,4.5097206557e+08
8.1800000000e+02,4.2606691331e+03,5.8375992775e+03,0.0000000000e+00,4.6090534979e-02,-1.3513134575e+27,0.0000000000e+00,0.0000000000e+00,-3.9896102768e+22,0.0000000000e+00,0.0000000000e+00,4.5097206557e+08
8.1900000000e+02,4.2604988020e+03,5.8373659045e+03,0.0000000000e+00,4.6090534979e-02,-1.3513134575e+27,0.0000000000e+00,0.0000000000e+00,-3.9897697781e+22,0.0000000000e+00,0.0000000000e+00,4.5097206557e+08
8.2000000000e+02,4.2603284709e+03,5.8371325316e+03,0.0000000000e+00,4.6090534979e-02,-1.3513134575e+27,0.0000000000e+00,0.0000000000e+00,-3.9899292920e+22,0.0000000000e+00,0.0000000000e+00,4.5097206557e+08
8.2100000000e+02,4.2601581397e+03,5.8368991586e+03,0.0000000000e+00,4.6090534979e-02,-1.3513134575e+27,0.0000000000e+00,0.0000000000e+00,-3.9900888188e+22,0.0000000000e+00,0.0000000000e+00,4.5097206557e+08
8.2200000000e+02,4.2599878086e+03,5.8366657857e+03,0.0000000000e+00,4.6090534979e-02,-1.3513134575e+27,0.0000000000e+00,0.0000000000e+00,-3.9902483583e+22,0.0000000000e+00,0.0000000000e+00,4.5097206557e+08
8.2300000000e+02,4.2598174775e+03,5.8364324127e+03,0.0000000000e+00,4.6090534979e-02,-1.3513134575e+27,0.0000000000e+00,0.0000000000e+00,-3.9904079106e+22,0.0000000000e+00,0.0000000000e+00,4.5097206557e+08
8.2400000000e+02,4.2596471463e+03,5.8361990398e+03,0.0000000000e+00,4.6090534979e-02,-1.3513134575e+27,0.0000000000e+00,0.0000000000e+00,-3.9905674756e+22,0.0000000000e+00,0.0000000000e+00,4.5097206557e+08
8.2500000000e+02,4.2594768152e+03,5.8359656669e+03,0.0000000000e+00,4.6090534979e-02,-1.3513134575e+27,0.0000000000e+00,0.0000000000e+00,-3.9907270534e+22,0.0000000000e+00,0.0000000000e+00,4.5097206557e+08
8.2600000000e+02,4.2593064841e+03,5.8357322939e+03,0.0000000000e+00,4.6090534979e-02,-1.3513134575e+27,0.0000000000e+00,0.0000000000e+00,-3.9908866439e+22,0.0000000000e+00,0.0000000000e+00,4.5097206557e+08
8.2700000000e+02,4.2591361529e+03,5.8354989210e+03,0.0000000000e+00,4.6090534979e-02,-1.3513134575e+27,0.0000000000e+00,0.0000000000e+00,-3.9910462472e+22,0.0000000000e+00,0.0000000000e+00,4.5097206557e+08
8.2800000000e+02,4.2589658218e+03,5.8352655480e+03,0.0000000000e+00,4.6090534979e-02,-1.3513134575e+27,0.0000000000e+00,0.0000000000e+00,-3.9912058633e+22,0.0000000000e+00,0.0000000000e+00,4.5097206557e+08
8.2900000000e+02,4.2587954907e+03,5.8350321751e+03,0.0000000000e+00,4.6090534979e-02,-1.3513134575e+27,0.0000000000e+00,0.0000000000e+00,-3.9913654922e+22,0.0000000000e+00,0.0000000000e+00,4.5097206557e+08
8.3000000000e+02,4.2586251595e+03,5.8347988021e+03,0.0000000000e+00,4.6090534979e-02,-1.3513134575e+27,0.0000000000e+00,0.0000000000e+00,-3.9915251338e+22,0.0000000000e+00,0.0000000000e+00,4.5097206557e+08
8.3100000000e+02,4.2584548284e+03,5.8345654292e+03,0.0000000000e+00,4.6090534979e-02,-1.3513134575e+27,0.0000000000e+00,0.0000000000e+00,-3.9916847882e+22,0.0000000000e+00,0.0000000000e+00,4.5097206557e+08
8.3200000000e+02,4.2582844973e+03,5.8343320563e+03,0.0000000000e+00,4.6090534979e-02,-1.3513134575e+27,0.0000000000e+00,0.0000000000e+00,-3.9918444553e+22,0.0000000000e+00,0.0000000000e+00,4.5097206557e+08
8.3300000000e+02,4.2581141661e+03,5.8340986833e+03,0.0000000000e+00,4.6090534979e-02,-1.3513134575e+27,0.0000000000e+00,0.0000000000e+00,-3.9920041353e+22,0.0000000000e+00,0.0000000000e+00,4.5097206557e+08
8.3400000000e+02,4.2579438350e+03,5.8338653104e+03,0.0000000000e+00,4.6090534979e-02,-1.3513134575e+27,0.0000000000e+00,0.0000000000e+00,-3.9921638280e+22,0.0000000000e+00,0.0000000000e+00,4.5097206557e+08
8.3500000000e+02,4.2577735039e+03,5.8336319374e+03,0.0000000000e+00,4.6090534979e-02,-1.3513134575e+27,0.0000000000e+00,0.0000000000e+00,-3.9923235335e+22,0.0000000000e+00,0.0000000000e+00,4.5097206557e+08
8.3600000000e+02,4.2576031727e+03,5.8333985645e+03,0.0000000000e+00,4.6090534979e-02,-1.3513134575e+27,0.0000000000e+00,0.0000000000e+00,-3.9924832517e+22,0.0000000000e+00,0.0000000000e+00,4.5097206557e+08
8.3700000000e+02,4.2574328416e+03,5.8331651915e+03,0.0000000000e+00,4.6090534979e-02,-1.3513134575e+27,0.0000000000e+00,0.0000000000e+00,-3.9926429828e+22,0.0000000000e+00,0.0000000000e+00,4.5097206557e+08
8.3800000000e+02,4.2572625105e+03,5.8329318186e+03,0.0000000000e+00,4.6090534979e-02,-1.3513134575e+27,0.0000000000e+00,0.0000000000e+00,-3.9928027266e+22,0.0000000000e+00,0.0000000000e+00,4.5097206557e+08
8.3900000000e+02,4.2570921793e+03,5.8326984456e+03,0.0000000000e+00,4.6090534979e-02,-1.3513134575e+27,0.0000000000e+00,0.0000000000e+00,-3.9929624832e+22,0.0000000000e+00,0.0000000000e+00,4.5097206557e+08
8.4000000000e+02,4.2569218482e+03,5.8324650727e+03,0.0000000000e+00,4.6090534979e-02,-1.3513134575e+27,0.0000000000e+00,0.0000000000e+00,-3.9931222526e+22,0.0000000000e+00,0.0000000000e+00,4.5097206557e+08
8.4100000000e+02,4.2567515171e+03,5.8322316998e+03,0.0000000000e+00,4.6090534979e-02,-1.3513134575e+27,0.0000000000e+00,0.0000000000e+00,-3.9932820348e+22,0.0000000000e+00,0.0000000000e+00,4.5097206557e+08
8.4200000000e+02,4.2565811859e+03,5.8319983268e+03,0.0000000000e+00,4.6090534979e-02,-1.3513134575e+27,0.0000000000e+00,0.0000000000e+00,-3.9934418298e+22,0.0000000000e+00,0.0000000000e+00,4.5097206557e+08
8.4300000000e+02,4.2564108548e+03,5.8317649539e+03,0.0000000000e+00,4.6090534979e-02,-1.3513134575e+27,0.0000000000e+00,0.0000000000e+00,-3.9936016375e+22,0.0000000000e+00,0.0000000000e+00,4.5097206557e+08
8.4400000000e+02,4.2562405237e+03,5.8315315809e+03,0.0000000000e+00,4.6090534979e-02,-1.3513134575e+27,0.0000000000e+00,0.0000000000e+00,-3.9937614581e+22,0.0000000000e+00,0.0000000000e+00,4.5097206557e+08
8.4500000000e+02,4.2560701925e+03,5.8312982080e+03,0.0000000000e+00,4.6090534979e-02,-1.3513134575e+27,0.0000000000e+00,0.0000000000e+00,-3.9939212914e+22,0.0000000000e+00,0.0000000000e+00,4.5097206557e+08
8.4600000000e+02,4.2558998614e+03,5.8310648350e+03,0.0000000000e+00,4.6090534979e-02,-1.3513134575e+27,0.0000000000e+00,0.0000000000e+00,-3.9940811375e+22,0.0000000000e+00,0.0000000000e+00,4.5097206557e+08
8.4700000000e+02,4.2557295303e+03,5.8308314621e+03,0.0000000000e+00,4.6090534979e-02,-1.3513134575e+27,0.0000000000e+00,0.0000000000e+00,-3.9942409965e+22,0.0000000000e+00,0.0000000000e+00,4.5097206557e+08
8.4800000000e+02,4.2555591991e+03,5.8305980891e+03,0.0000000000e+00,4.6090534979e-02,-1.3513134575e+27,0.0000000000e+00,0.0000000000e+00,-3.9944008682e+22,0.0000000000e+00,0.0000000000e+00,4.5097206557e+08
8.4900000000e+02,4.2553888680e+03,5.8303647162e+03,0.0000000000e+00,4.6090534979e-02,-1.3513134575e+27,0.0000000000e+00,0.0000000000e+00,-3.9945607527e+22,0.0000000000e+00,0.0000000000e+00,4.5097206557e+08
8.5000000000e+02,4.2552185369e+03,5.8301313433e+03,0.0000000000e+00,4.6090534979e-02,-1.3513134575e+27,0.0000000000e+00,0.0000000000e+00,-3.9947206500e+22,0.0000000000e+00,0.0000000000e+00,4.5097206557e+08
8.5100000000e+02,4.2550482057e+03,5.8298979703e+03,0.0000000000e+00,4.6090534979e-02,-1.3513134575e+27,0.0000000000e+00,0.0000000000e+00,-3.9948805602e+22,0.0000000000e+00,0.0000000000e+00,4.5097206557e+08
8.5200000000e+02,4.2548778746e+03,5.8296645974e+03,0.0000000000e+00,4.6090534979e-02,-1.3513134575e+27,0.0000000000e+00,0.0000000000e+00,-3.9950404831e+22,0.0000000000e+00,0.0000000000e+00,4.5097206557e+08
8.5300000000e+02,4.2547075435e+03,5.8294312244e+03,0.0000000000e+00,4.6090534979e-02,-1.3513134575e+27,0.0000000000e+00,0.0000000000e+00,-3.9952004188e+22,0.0000000000e+00,0.0000000000e+00,4.5097206557e+08
8.5400000000e+02,4.2545372123e+03,5.8291978515e+03,0.0000000000e+00,4.6090534979e-02,-1.3513134575e+27,0.0000000000e+00,0.0000000000e+00,-3.9953603674e+22,0.0000000000e+00,0.0000000000e+00,4.5097206557e+08
8.5500000000e+02,4.2543668812e+03,5.8289644785e+03,0.0000000000e+00,4.6090534979e-02,-1.3513134575e+27,0.0000000000e+00,0.0000000000e+00,-3.9955203287e+22,0.0000000000e+00,0.0000000000e+00,4.5097206557e+08
8.5600000000e+02,4.2541965501e+03,5.8287311056e+03,0.0000000000e+00,4.6090534979e-02,-1.3513134575e+27,0.0000000000e+00,0.0000000000e+00,-3.9956803029e+22,0.0000000000e+00,0.0000000000e+00,4.5097206557e+08
8.5700000000e+02,4.2540262189e+03,5.8284977326e+03,0.0000000000e+00,4.6090534979e-02,-1.3513134575e+27,0.0000000000e+00,0.0000000000e+00,-3.9958402898e+22,0.0000000000e+00,0.0000000000e+00,4.5097206557e+08
8.5800000000e+02,4.2538558878e+03,5.8282643597e+03,0.0000000000e+00,4.6090534979e-02,-1.3513134575e+27,0.0000000000e+00,0.0000000000e+00,-3.9960002896e+22,0.0000000000e+00,0.0000000000e+00,4.5097206557e+08
8.5900000000e+02,4.2536855567e+03,5.8280309868e+03,0.0000000000e+00,4.6090534979e-02,-1.3513134575e+27,0.0000000000e+00,0.0000000000e+00,-3.9961603022e+22,0.0000000000e+00,0.0000000000e+00,4.5097206557e+08
8.6000000000e+02,4.2535152255e+03,5.8277976138e+03,0.0000000000e+00,4.6090534979e-02,-1.3513134575e+27,0.0000000000e+00,0.0000000000e+00,-3.9963203276e+22,0.0000000000e+00,0.0000000000e+00,4.5097206557e+08
8.6100000000e+02,4.2533448944e+03,5.8275642409e+03,0.0000000000e+00,4.6090534979e-02,-1.3513134575e+27,0.0000000000e+00,0.0000000000e+00,-3.9964803658e+22,0.0000000000e+00,0.0000000000e+00,4.5097206557e+08
8.6200000000e+02,4.2531745633e+03,5.8273308679e+03,0.0000000000e+00,4.6090534979e-02,-1.3513134575e+27,0.0000000000e+00,0.0000000000e+00,-3.9966404169e+22,0.0000000000e+00,0.0000000000e+00,4.5097206557e+08
8.6300000000e+02,4.2530042321e+03,5.8270974950e+03,0.0000000000e+00,4.6090534979e-02,-1.3513134575e+27,0.0000000000e+00,0.0000000000e+00,-3.9968004807e+22,0.0000000000e+00,0.0000000000e+00,4.5097206557e+08
8.6400000000e+02,4.2528339010e+03,5.8268641220e+03,0.0000000000e+00,4.6090534979e-02,-1.3513134575e+27,0.0000000000e+00,0.0000000000e+00,-3.9969605574e+22,0.0000000000e+00,0.0000000000e+00,4.5097206557e+08
8.6500000000e+02,4.2526635699e+03,5.8266307491e+03,0.0000000000e+00,4.6090534979e-02,-1.3513134575e+27,0.0000000000e+00,0.0000000000e+00,-3.9971206469e+22,0.0000000000e+00,0.0000000000e+00,4.5097206557e+08
8.6600000000e+02,4.2524932387e+03,5.8263973762e+03,0.0000000000e+00,4.6090534979e-02,-1.3513134575e+27,0.0000000000e+00,0.0000000000e+00,-3.9972807493e+22,0.0000000000e+00,0.0000000000e+00,4.5097206557e+08
8.6700000000e+02,4.2523229076e+03,5.8261640032e+03,0.0000000000e+00,4.6090534979e-02,-1.3513134575e+27,0.0000000000e+00,0.0000000000e+00,-3.9974408644e+22,0.0000000000e+00,0.0000000000e+00,4.5097206557e+08
8.6800000000e+02,4.2521525765e+03,5.8259306303e+03,0.0000000000e+00,4.6090534979e-02,-1.3513134575e+27,0.0000000000e+00,0.0000000000e+00,-3.9976009924e+22,0.0000000000e+00,0.0000000000e+00,4.5097206557e+08
8.6900000000e+02,4.2519822453e+03,5.8256972573e+03,0.0000000000e+00,4.6090534979e-02,-1.3513134575e+27,0.0000000000e+00,0.0000000000e+00,-3.9977611332e+22,0.0000000000e+00,0.0000000000e+00,4.5097206557e+08
8.7000000000e+02,4.2518119142e+03,5.8254638844e+03,0.0000000000e+00,4.6090534979e-02,-1.3513134575e+27,0.0000000000e+00,0.0000000000e+00,-3.9979212869e+22,0.0000000000e+00,0.0000000000e+00,4.5097206557e+08
8.7100000000e+02,4.2516415831e+03,5.8252305114e+03,0.0000000000e+00,4.6090534979e-02,-1.3513134575e+27,0.0000000000e+00,0.0000000000e+00,-3.9980814534e+22,0.0000000000e+00,0.0000000000e+00,4.5097206557e+08
8.7200000000e+02,4.2514712519e+03,5.8249971385e+03,0.0000000000e+00,4.6090534979e-02,-1.3513134575e+27,0.0000000000e+00,0.0000000000e+00,-3.9982416327e+22,0.0000000000e+00,0.0000000000e+00,4.5097206557e+08
8.7300000000e+02,4.2513009208e+03,5.8247637655e+03,0.0000000000e+00,4.6090534979e-02,-1.3513134575e+27,0.0000000000e+00,0.0000000000e+00,-3.9984018248e+22,0.0000000000e+00,0.0000000000e+00,4.5097206557e+08
8.7400000000e+02,4.2511305897e+03,5.8245303926e+03,0.0000000000e+00,4.6090534979e-02,-1.3513134575e+27,0.0000000000e+00,0.0000000000e+00,-3.9985620298e+22,0.0000000000e+00,0.0000000000e+00,4.5097206557e+08
8.7500000000e+02,4.2509602585e+03,5.8242970197e+03,0.0000000000e+00,4.6090534979e-02,-1.3513134575e+27,0.0000000000e+00,0.0000000000e+00,-3.9987222476e+22,0.0000000000e+00,0.0000000000e+00,4.5097206557e+08
8.7600000000e+02,4.2507899274e+03,5.8240636467e+03,0.0000000000e+00,4.6090534979e-02,-1.3513134575e+27,0.0000000000e+00,0.0000000000e+00,-3.9988824783e+22,0.0000000000e+00,0.0000000000e+00,4.5097206557e+08
8.7700000000e+02,4.2506195963e+03,5.8238302738e+03,0.0000000000e+00,4.6090534979e-02,-1.3513134575e+27,0.0000000000e+00,0.0000000000e+00,-3.9990427218e+22,0.0000000000e+00,0.0000000000e+00,4.5097206557e+08
8.7800000000e+02,4.2504492651e+03,5.8235969008e+03,0.0000000000e+00,4.6090534979e-02,-1.3513134575e+27,0.0000000000e+00,0.0000000000e+00,-3.9992029782e+22,0.0000000000e+00,0.0000000000e+00,4.5097206557e+08
8.7900000000e+02,4.2502789340e+03,5.8233635279e+03,0.0000000000e+00,4.6090534979e-02,-1.3513134575e+27,0.0000000000e+00,0.0000000000e+00,-3.9993632473e+22,0.0000000000e+00,0.0000000000e+00,4.5097206557e+08
8.8000000000e+02,4.2501086029e+03,5.8231301549e+03,0.0000000000e+00,4.6090534979e-02,-1.3513134575e+27,0.0000000000e+00,0.0000000000e+00,-3.9995235294e+22,0.0000000000e+00,0.0000000000e+00,4.5097206557e+08
8.8100000000e+02,4.2499382717e+03,5.8228967820e+03,0.0000000000e+00,4.6090534979e-02,-1.3513134575e+27,0.0000000000e+00,0.0000000000e+00,-3.9996838243e+22,0.0000000000e+00,0.0000000000e+00,4.5097206557e+08
8.8200000000e+02,4.2497679406e+03,5.8226634090e+03,0.0000000000e+00,4.6090534979e-02,-1.3513134575e+27,0.0000000000e+00,0.0000000000e+00,-3.9998441320e+22,0.0000000000e+00,0.0000000000e+00,4.5097206557e+08
8.8300000000e+02,4.2495976095e+03,5.8224300361e+03,0.0000000000e+00,4.6090534979e-02,-1.3513134575e+27,0.0000000000e+00,0.0000000000e+00,-4.0000044526e+22,0.0000000000e+00,0.0000000000e+00,4.5097206557e+08
8.8400000000e+02,4.2494272783e+03,5.8221966632e+03,0.0000000000e+00,4.6090534979e-02,-1.3513134575e+27,0.0000000000e+00,0.0000000000e+00,-4.0001647860e+22,0.0000000000e+00,0.0000000000e+00,4.5097206557e+08
8.8500000000e+02,4.2492569472e+03,5.8219632902e+03,0.0000000000e+00,4.6090534979e-02,-1.3513134575e+27,0.0000000000e+00,0.0000000000e+00,-4.0003251323e+22,0.0000000000e+00,0.0000000000e+00,4.5097206557e+08
8.8600000000e+02,4.2490866161e+03,5.8217299173e+03,0.0000000000e+00,4.6090534979e-02,-1.3513134575e+27,0.0000000000e+00,0.0000000000e+00,-4.0004854915e+22,0.0000000000e+00,0.0000000000e+00,4.5097206557e+08
8.8700000000e+02,4.2489162849e+03,5.8214965443e+03,0.0000000000e+00,4.6090534979e-02,-1.3513134575e+27,0.0000000000e+00,0.0000000000e+00,-4.0006458635e+22,0.0000000000e+00,0.0000000000e+00,4.5097206557e+08
8.8800000000e+02,4.2487459538e+03,5.8212631714e+03,0.0000000000e+00,4.6090534979e-02,-1.3513134575e+27,0.0000000000e+00,0.0000000000e+00,-4.0008062483e+22,0.0000000000e+00,0.0000000000e+00,4.5097206557e+08
8.8900000000e+02,4.2485756227e+03,5.8210297984e+03,0.0000000000e+00,4.6090534979e-02,-1.3513134575e+27,0.0000000000e+00,0.0000000000e+00,-4.0009666461e+22,0.0000000000e+00,0.0000000000e+00,4.5097206557e+08
8.9000000000e+02,4.2484052915e+03,5.8207964255e+03,0.0000000000e+00,4.6090534979e-02,-1.3513134575e+27,0.0000000000e+00,0.0000000000e+00,-4.0011270567e+22,0.0000000000e+00,0.0000000000e+00,4.5097206557e+08
8.9100000000e+02,4.2482349604e+03,5.8205630525e+03,0.0000000000e+00,4.6090534979e-02,-1.3513134575e+27,0.0000000000e+00,0.0000000000e+00,-4.0012874801e+22,0.0000000000e+00,0.0000000000e+00,4.5097206557e+08
8.9200000000e+02,4.2480646293e+03,5.8203296796e+03,0.0000000000e+00,4.6090534979e-02,-1.3513134575e+27,0.0000000000e+00,0.0000000000e+00,-4.0014479164e+22,0.0000000000e+00,0.0000000000e+00,4.5097206557e+08
8.9300000000e+02,4.2478942981e+03,5.8200963067e+03,0.0000000000e+00,4.6090534979e-02,-1.3513134575e+27,0.0000000000e+00,0.0000000000e+00,-4.0016083656e+22,0.0000000000e+00,0.0000000000e+00,4.5097206557e+08
8.9400000000e+02,4.2477239670e+03,5.8198629337e+03,0.0000000000e+00,4.6090534979e-02,-1.3513134575e+27,0.0000000000e+00,0.0000000000e+00,-4.0017688276e+22,0.0000000000e+00,0.0000000000e+00,4.5097206557e+08
8.9500000000e+02,4.2475536359e+03,5.8196295608e+03,0.0000000000e+00,4.6090534979e-02,-1.3513134575e+27,0.0000000000e+00,0.0000000000e+00,-4.0019293026e+22,0.0000000000e+00,0.0000000000e+00,4.5097206557e+08
8.9600000000e+02,4.2473833048e+03,5.8193961878e+03,0.0000000000e+00,4.6090534979e-02,-1.3513134575e+27,0.0000000000e+00,0.0000000000e+00,-4.0020897904e+22,0.0000000000e+00,0.0000000000e+00,4.5097206557e+08
8.9700000000e+02,4.2472129736e+03,5.8191628149e+03,0.0000000000e+00,4.6090534979e-02,-1.3513134575e+27,0.0000000000e+00,0.0000000000e+00,-4.0022502910e+22,0.0000000000e+00,0.0000000000e+00,4.5097206557e+08
8.9800000000e+02,4.2470426425e+03,5.8189294419e+03,0.0000000000e+00,4.6090534979e-02,-1.3513134575e+27,0.0000000000e+00,0.0000000000e+00,-4.0024108045e+22,0.0000000000e+00,0.0000000000e+00,4.5097206557e+08
8.9900000000e+02,4.2468723114e+03,5.8186960690e+03,0.0000000000e+00,4.6090534979e-02,-1.3513134575e+27,0.0000000000e+00,0.0000000000e+00,-4.0025713310e+22,0.0000000000e+00,0.0000000000e+00,4.5097206557e+08
9.0000000000e+02,4.2467019802e+03,5.8184626961e+03,0.0000000000e+00,4.6090534979e-02,-1.3513134575e+27,0.0000000000e+00,0.0000000000e+00,-4.0027318702e+22,0.0000000000e+00,0.0000000000e+00,4.5097206557e+08
9.0100000000e+02,4.2465316491e+03,5.8182293231e+03,0.0000000000e+00,4.6090534979e-02,-1.3513134575e+27,0.0000000000e+00,0.0000000000e+00,-4.0028924224e+22,0.0000000000e+00,0.0000000000e+00,4.5097206557e+08
9.0200000000e+02,4.2463613180e+03,5.8179959502e+03,0.0000000000e+00,4.6090534979e-02,-1.3513134575e+27,0.0000000000e+00,0.0000000000e+00,-4.0030529875e+22,0.0000000000e+00,0.0000000000e+00,4.5097206557e+08
9.0300000000e+02,4.2461909868e+03,5.8177625772e+03,0.0000000000e+00,4.6090534979e-02,-1.3513134575e+27,0.0000000000e+00,0.0000000000e+00,-4.0032135654e+22,0.0000000000e+00,0.0000000000e+00,4.5097206557e+08
9.0400000000e+02,4.2460206557e+03,5.8175292043e+03,0.0000000000e+00,4.6090534979e-02,-1.3513134575e+27,0.0000000000e+00,0.0000000000e+00,-4.0033741562e+22,0.0000000000e+00,0.0000000000e+00,4.5097206557e+08
9.0500000000e+02,4.2458503246e+03,5.8172958313e+03,0.0000000000e+00,4.6090534979e-02,-1.3513134575e+27,0.0000000000e+00,0.0000000000e+00,-4.0035347599e+22,0.0000000000e+00,0.0000000000e+00,4.5097206557e+08
9.0600000000e+02,4.2456799934e+03,5.8170624584e+03,0.0000000000e+00,4.6090534979e-02,-1.3513134575e+27,0.0000000000e+00,0.0000000000e+00,-4.0036953765e+22,0.0000000000e+00,0.0000000000e+00,4.5097206557e+08
9.0700000000e+02,4.2455096623e+03,5.8168290854e+03,0.0000000000e+00,4.6090534979e-02,-1.3513134575e+27,0.0000000000e+00,0.0000000000e+00,-4.0038560059e+22,0.0000000000e+00,0.0000000000e+00,4.5097206557e+08
9.0800000000e+02,4.2453393312e+03,5.8165957125e+03,0.0000000000e+00,4.6090534979e-02,-1.3513134575e+27,0.0000000000e+00,0.0000000000e+00,-4.0040166483e+22,0.0000000000e+00,0.0000000000e+00,4.5097206557e+08
9.0900000000e+02,4.2451690000e+03,5.8163623396e+03,0.0000000000e+00,4.6090534979e-02,-1.3513134575e+27,0.0000000000e+00,0.0000000000e+00,-4.0041773036e+22,0.0000000000e+00,0.0000000000e+00,4.5097206557e+08
9.1000000000e+02,4.2449986689e+03,5.8161289666e+03,0.0000000000e+00,4.6090534979e-02,-1.3513134575e+27,0.0000000000e+00,0.0000000000e+00,-4.0043379717e+22,0.0000000000e+00,0.0000000000e+00,4.5097206557e+08
9.1100000000e+02,4.2448283378e+03,5.8158955937e+03,2.6335365398e+04,4.6090534979e-02,-1.3513134576e+27,-2.7429917861e+25,-1.9868122570e+25,-4.0044986527e+22,-1.7455061740e+21,-4.6805479490e+21,4.5097206559e+08
9.1200000000e+02,4.2446637669e+03,5.8156701129e+03,6.8412151781e+04,4.6090732238e-02,-1.3513134576e+27,-7.1257922108e+25,-5.1583897780e+25,-4.0046539122e+22,-4.5334121660e+21,-1.2152646384e+22,4.5097206558e+08
9.1300000000e+02,4.2445076295e+03,5.8154561870e+03,9.1994653634e+04,4.6091218427e-02,-1.3513134576e+27,-9.5824482068e+25,-6.9330403885e+25,-4.0048012264e+22,-6.0949341575e+21,-1.6334145191e+22,4.5097206558e+08
9.1400000000e+02,4.2443558487e+03,5.8152482301e+03,1.1018577090e+05,4.6091854003e-02,-1.3513134576e+27,-1.1477650842e+26,-8.2999551556e+25,-4.0049444406e+22,-7.2987544037e+21,-1.9555276352e+22,4.5097206558e+08
9.1500000000e+02,4.2442072641e+03,5.8150446525e+03,1.2546544045e+05,4.6092599273e-02,-1.3513134576e+27,-1.3069679172e+26,-9.4464791594e+25,-4.0050846486e+22,-8.3093272753e+21,-2.2257346476e+22,4.5097206559e+08
9.1600000000e+02,4.2440612607e+03,5.8148446113e+03,1.3885146277e+05,4.6093433203e-02,-1.3513134576e+27,-1.4464530834e+26,-1.0449541279e+26,-4.0052224310e+22,-9.1941608057e+21,-2.4621560898e+22,4.5097206558e+08
9.1700000000e+02,4.2439174448e+03,5.8146475672e+03,1.5088169890e+05,4.6094342339e-02,-1.3513134576e+27,-1.5718219285e+26,-1.1349812964e+26,-4.0053581580e+22,-9.9889362375e+21,-2.6743717595e+22,4.5097206559e+08
9.1800000000e+02,4.2437755388e+03,5.8144531398e+03,1.6187957003e+05,4.6095317193e-02,-1.3513134576e+27,-1.6864424971e+26,-1.2171761835e+26,-4.0054920916e+22,-1.0715113131e+22,-2.8681445858e+22,4.5097206559e+08
9.1900000000e+02,4.2436353340e+03,5.8142610434e+03,1.7205702580e+05,4.6096350640e-02,-1.3513134576e+27,-1.7925218969e+26,-1.2931430015e+26,-4.0056244287e+22,-1.1386757373e+22,-3.0472528851e+22,4.5097206558e+08
9.2000000000e+02,4.2434966669e+03,5.8140710537e+03,1.8156381387e+05,4.6097437094e-02,-1.3513134576e+27,-1.8916194931e+26,-1.3640154808e+26,-4.0057553227e+22,-1.2013808040e+22,-3.2143668014e+22,4.5097206558e+08
9.2100000000e+02,4.2433594053e+03,5.8138829898e+03,1.9050887940e+05,4.6098572046e-02,-1.3513134576e+27,-1.9848697406e+26,-1.4306188246e+26,-4.0058848984e+22,-1.2603497525e+22,-3.3714297751e+22,4.5097206557e+08
9.2200000000e+02,4.2432234399e+03,5.8136967018e+03,1.9897350481e+05,4.6099751759e-02,-1.3513134576e+27,-2.0731189580e+26,-1.4935690893e+26,-4.0060132588e+22,-1.3161223098e+22,-3.5198926253e+22,4.5097206558e+08
9.2300000000e+02,4.2430886781e+03,5.8135120629e+03,2.0702269572e+05,4.6100973079e-02,-1.3513134576e+27,-2.1570440293e+26,-1.5533589384e+26,-4.0061404910e+22,-1.3691301243e+22,-3.6609155647e+22,4.5097206557e+08
9.2400000000e+02,4.2429550407e+03,5.8133289646e+03,2.1470774006e+05,4.6102233306e-02,-1.3513134576e+27,-2.2371789709e+26,-1.6103772652e+26,-4.0062666695e+22,-1.4197138261e+22,-3.7954143981e+22,4.5097206558e+08
9.2500000000e+02,4.2428224592e+03,5.8131473128e+03,2.2207008029e+05,4.6103530096e-02,-1.3513134576e+27,-2.3139552809e+26,-1.6649384566e+26,-4.0063918589e+22,-1.4681487153e+22,-3.9241294507e+22,4.5097206559e+08
9.2600000000e+02,4.2426908731e+03,5.8129670250e+03,2.2914371971e+05,4.6104861394e-02,-1.3513134576e+27,-2.3877269581e+26,-1.7173005701e+26,-4.0065161163e+22,-1.5146607041e+22,-4.0476683818e+22,4.5097206559e+08
9.2700000000e+02,4.2425602291e+03,5.8127880279e+03,2.3595814414e+05,4.6106225380e-02,-1.3513134576e+27,-2.4588010378e+26,-1.7676872818e+26,-4.0066394916e+22,-1.5594456730e+22,-4.1665578952e+22,4.5097206559e+08
9.2800000000e+02,4.2424304796e+03,5.8126102564e+03,2.4253675321e+05,4.6107620433e-02,-1.3513134576e+27,-2.5274211003e+26,-1.8162764265e+26,-4.0067620299e+22,-1.6026591821e+22,-4.2812167113e+22,4.5097206558e+08
9.2900000000e+02,4.2423015817e+03,5.8124336517e+03,2.4890022655e+05,4.6109045093e-02,-1.3513134576e+27,-2.5938024220e+26,-1.8632250874e+26,-4.0068837709e+22,-1.6444386799e+22,-4.3920146918e+22,4.5097206560e+08
9.3000000000e+02,4.2421734967e+03,5.8122581608e+03,2.5506719637e+05,4.6110498041e-02,-1.3513134576e+27,-2.6581390061e+26,-1.9086746701e+26,-4.0070047518e+22,-1.6849079677e+22,-4.4992847924e+22,4.5097206559e+08
9.3100000000e+02,4.2420461895e+03,5.8120837355e+03,2.6105338348e+05,4.6111978080e-02,-1.3513134576e+27,-2.7205945353e+26,-1.9527446190e+26,-4.0071250051e+22,-1.7241715567e+22,-4.6033082427e+22,4.5097206560e+08
9.3200000000e+02,4.2419196280e+03,5.8119103319e+03,2.6687166019e+05,4.6113484119e-02,-1.3513134576e+27,-2.7813029733e+26,-1.9955329673e+26,-4.0072445616e+22,-1.7623151003e+22,-4.7043158340e+22,4.5097206558e+08
9.3300000000e+02,4.2417937827e+03,5.8117379095e+03,2.7253389550e+05,4.6115015152e-02,-1.3513134576e+27,-2.8403878562e+26,-2.0371300133e+26,-4.0073634481e+22,-1.7994175419e+22,-4.8025201545e+22,4.5097206559e+08
9.3400000000e+02,4.2416686263e+03,5.8115664311e+03,2.7805115740e+05,4.6116570254e-02,-1.3513134576e+27,-2.8979644162e+26,-2.0776198514e+26,-4.0074816911e+22,-1.8355524615e+22,-4.8981191941e+22,4.5097206558e+08
9.3500000000e+02,4.2415441338e+03,5.8113958622e+03,2.8343325777e+05,4.6118148570e-02,-1.3513134576e+27,-2.9541348048e+26,-2.1170770577e+26,-4.0075993138e+22,-1.8707850990e+22,-4.9912885283e+22,4.5097206558e+08
9.3600000000e+02,4.2414202818e+03,5.8112261710e+03,2.8868894565e+05,4.6119749309e-02,-1.3513134576e+27,-3.0089901059e+26,-2.1555681523e+26,-4.0077163381e+22,-1.9051736363e+22,-5.0821847613e+22,4.5097206558e+08
9.3700000000e+02,4.2412970489e+03,5.8110573279e+03,2.9382581629e+05,4.6121371737e-02,-1.3513134576e+27,-3.0626093875e+26,-2.1931509808e+26,-4.0078327842e+22,-1.9387686236e+22,-5.1709440662e+22,4.5097206558e+08
9.3800000000e+02,4.2411744147e+03,5.8108893052e+03,2.9885021179e+05,4.6123015168e-02,-1.3513134576e+27,-3.1150586209e+26,-2.2298740080e+26,-4.0079486712e+22,-1.9716123253e+22,-5.2576805147e+22,4.5097206559e+08
9.3900000000e+02,4.2410523604e+03,5.8107220771e+03,3.0376838503e+05,4.6124678959e-02,-1.3513134576e+27,-3.1664028794e+26,-2.2657848787e+26,-4.0080640168e+22,-2.0037463622e+22,-5.3425062607e+22,4.5097206559e+08
9.4000000000e+02,4.2409308683e+03,5.8105556191e+03,3.0858626116e+05,4.6126362506e-02,-1.3513134576e+27,-3.2167038433e+26,-2.3009286828e+26,-4.0081788380e+22,-2.0352101551e+22,-5.4255274473e+22,4.5097206558e+08
9.4100000000e+02,4.2408099217e+03,5.8103899085e+03,3.1330923553e+05,4.6128065243e-02,-1.3513134576e+27,-3.2660176767e+26,-2.3353464898e+26,-4.0082931499e+22,-2.0660396047e+22,-5.5068407521e+22,4.5097206560e+08
9.4200000000e+02,4.2406895048e+03,5.8102249238e+03,3.1794223836e+05,4.6129786639e-02,-1.3513134576e+27,-3.3143957002e+26,-2.3690758390e+26,-4.0084069678e+22,-2.0962675211e+22,-5.5865345394e+22,4.5097206559e+08
9.4300000000e+02,4.2405696030e+03,5.8100606447e+03,3.2248978962e+05,4.6131526192e-02,-1.3513134576e+27,-3.3618849632e+26,-2.4021511550e+26,-4.0085203053e+22,-2.1259239883e+22,-5.6646898409e+22,4.5097206558e+08
9.4400000000e+02,4.2404502023e+03,5.8098970523e+03,3.2695604257e+05,4.6133283427e-02,-1.3513134576e+27,-3.4085286967e+26,-2.4346040788e+26,-4.0086331755e+22,-2.1550366534e+22,-5.7413811333e+22,4.5097206558e+08
9.4500000000e+02,4.2403312896e+03,5.8097341283e+03,3.3134482655e+05,4.6135057899e-02,-1.3513134576e+27,-3.4543667592e+26,-2.4664637912e+26,-4.0087455907e+22,-2.1836310107e+22,-5.8166771009e+22,4.5097206558e+08
9.4600000000e+02,4.2402128522e+03,5.8095718557e+03,3.3565958808e+05,4.6136849182e-02,-1.3513134576e+27,-3.4994350227e+26,-2.4977566011e+26,-4.0088575627e+22,-2.2117300254e+22,-5.8906396641e+22,4.5097206558e+08
9.4700000000e+02,4.2400948784e+03,5.8094102182e+03,3.3990327506e+05,4.6138656874e-02,-1.3513134576e+27,-3.5437641439e+26,-2.5285051111e+26,-4.0089691027e+22,-2.2393533765e+22,-5.9633220096e+22,4.5097206558e+08
9.4800000000e+02,4.2399773568e+03,5.8092492003e+03,3.4407872715e+05,4.6140480592e-02,-1.3513134576e+27,-3.5873836535e+26,-2.5587310607e+26,-4.0090802212e+22,-2.2665200062e+22,-6.0347752956e+22,4.5097206559e+08
9.4900000000e+02,4.2398602767e+03,5.8090887873e+03,3.4818883130e+05,4.6142319968e-02,-1.3513134576e+27,-3.6303235990e+26,-2.5884564631e+26,-4.0091909285e+22,-2.2932491419e+22,-6.1050513323e+22,4.5097206559e+08
9.5000000000e+02,4.2397436277e+03,5.8089289650e+03,3.5223627875e+05,4.6144174654e-02,-1.3513134576e+27,-3.6726119904e+26,-2.6177018438e+26,-4.0093012344e+22,-2.3195587096e+22,-6.1741984272e+22,4.5097206558e+08
9.5100000000e+02,4.2396274001e+03,5.8087697200e+03,3.5622358134e+05,4.6146044318e-02,-1.3513134576e+27,-3.7142749700e+26,-2.6464863650e+26,-4.0094111476e+22,-2.3454654424e+22,-6.2422616782e+22,4.5097206559e+08
9.5200000000e+02,4.2395115845e+03,5.8086110395e+03,3.6015309187e+05,4.6147928643e-02,-1.3513134576e+27,-3.7553370247e+26,-2.6748279781e+26,-4.0095206774e+22,-2.3709850157e+22,-6.3092833332e+22,4.5097206557e+08
9.5300000000e+02,4.2393961719e+03,5.8084529112e+03,3.6402701175e+05,4.6149827324e-02,-1.3513134576e+27,-3.7958210649e+26,-2.7027434850e+26,-4.0096298317e+22,-2.3961320982e+22,-6.3753029332e+22,4.5097206559e+08
9.5400000000e+02,4.2392811538e+03,5.8082953234e+03,3.6784740891e+05,4.6151740073e-02,-1.3513134576e+27,-3.8357486114e+26,-2.7302486711e+26,-4.0097386192e+22,-2.4209204707e+22,-6.4403576267e+22,4.5097206558e+08
9.5500000000e+02,4.2391665220e+03,5.8081382648e+03,3.7161622771e+05,4.6153666610e-02,-1.3513134576e+27,-3.8751398990e+26,-2.7573583818e+26,-4.0098470468e+22,-2.4453630919e+22,-6.5044823492e+22,4.5097206560e+08
9.5600000000e+02,4.2390522686e+03,5.8079817247e+03,3.7533529696e+05,4.6155606669e-02,-1.3513134576e+27,-3.9140139592e+26,-2.7840865840e+26,-4.0099551226e+22,-2.4694721524e+22,-6.5677099681e+22,4.5097206559e+08
9.5700000000e+02,4.2389383860e+03,5.8078256926e+03,3.7900634441e+05,4.6157559994e-02,-1.3513134576e+27,-3.9523887717e+26,-2.8104464739e+26,-4.0100628535e+22,-2.4932591696e+22,-6.6300715367e+22,4.5097206558e+08
9.5800000000e+02,4.2388248670e+03,5.8076701588e+03,3.8263099823e+05,4.6159526340e-02,-1.3513134576e+27,-3.9902812795e+26,-2.8364504909e+26,-4.0101702461e+22,-2.5167349988e+22,-6.6915963266e+22,4.5097206558e+08
9.5900000000e+02,4.2387117046e+03,5.8075151135e+03,3.8621079838e+05,4.6161505471e-02,-1.3513134576e+27,-4.0277075075e+26,-2.8621104028e+26,-4.0102773070e+22,-2.5399099085e+22,-6.7523120284e+22,4.5097206558e+08
9.6000000000e+02,4.2385988922e+03,5.8073605476e+03,3.8974720252e+05,4.6163497159e-02,-1.3513134576e+27,-4.0646826235e+26,-2.8874373503e+26,-4.0103840426e+22,-2.5627936193e+22,-6.8122448568e+22,4.5097206557e+08
9.6100000000e+02,4.2384864231e+03,5.8072064523e+03,3.9324159201e+05,4.6165501185e-02,-1.3513134576e+27,-4.1012210015e+26,-2.9124418932e+26,-4.0104904586e+22,-2.5853953441e+22,-6.8714196589e+22,4.5097206560e+08
9.6200000000e+02,4.2383742913e+03,5.8070528190e+03,3.9669521420e+05,4.6167517339e-02,-1.3513134576e+27,-4.1373356193e+26,-2.9371336036e+26,-4.0105965618e+22,-2.6077234184e+22,-6.9298589547e+22,4.5097206557e+08
9.6300000000e+02,4.2382624906e+03,5.8068996394e+03,4.0010913062e+05,4.6169545417e-02,-1.3513134576e+27,-4.1730374998e+26,-2.9615206917e+26,-4.0107023568e+22,-2.6297849584e+22,-6.9875820533e+22,4.5097206558e+08
9.6400000000e+02,4.2381510153e+03,5.8067469057e+03,4.0348447166e+05,4.6171585222e-02,-1.3513134576e+27,-4.2083383951e+26,-2.9856118334e+26,-4.0108078496e+22,-2.6515875165e+22,-7.0446093652e+22,4.5097206558e+08
9.6500000000e+02,4.2380398598e+03,5.8065946100e+03,4.0682237824e+05,4.6173636565e-02,-1.3513134576e+27,-4.2432501765e+26,-3.0094157546e+26,-4.0109130452e+22,-2.6731387046e+22,-7.1009614212e+22,4.5097206558e+08
9.6600000000e+02,4.2379290185e+03,5.8064427449e+03,4.1012393955e+05,4.6175699260e-02,-1.3513134576e+27,-4.2777841768e+26,-3.0329407856e+26,-4.0110179489e+22,-2.6944457898e+22,-7.1566578211e+22,4.5097206559e+08
9.6700000000e+02,4.2378184863e+03,5.8062913032e+03,4.1339019372e+05,4.6177773130e-02,-1.3513134576e+27,-4.3119511976e+26,-3.0561948674e+26,-4.0111225655e+22,-2.7155156991e+22,-7.2117172486e+22,4.5097206560e+08
9.6800000000e+02,4.2377082580e+03,5.8061402780e+03,4.1662213108e+05,4.6179858004e-02,-1.3513134576e+27,-4.3457615427e+26,-3.0791855766e+26,-4.0112269003e+22,-2.7363550412e+22,-7.2661575294e+22,4.5097206558e+08
9.6900000000e+02,4.2375983288e+03,5.8059896625e+03,4.1982069614e+05,4.6181953715e-02,-1.3513134576e+27,-4.3792250393e+26,-3.1019201415e+26,-4.0113309570e+22,-2.7569701200e+22,-7.3199956693e+22,4.5097206559e+08
9.7000000000e+02,4.2374886938e+03,5.8058394501e+03,4.2298679464e+05,4.6184060101e-02,-1.3513134576e+27,-4.4123511110e+26,-3.1244054924e+26,-4.0114347406e+22,-2.7773669807e+22,-7.3732479735e+22,4.5097206560e+08
9.7100000000e+02,4.2373793484e+03,5.8056896346e+03,4.2612128934e+05,4.6186177008e-02,-1.3513134576e+27,-4.4451487338e+26,-3.1466482340e+26,-4.0115382556e+22,-2.7975513827e+22,-7.4259299800e+22,4.5097206558e+08
9.7200000000e+02,4.2372702883e+03,5.8055402099e+03,4.2922500687e+05,4.6188304284e-02,-1.3513134576e+27,-4.4776265079e+26,-3.1686546951e+26,-4.0116415057e+22,-2.8175288448e+22,-7.4780565777e+22,4.5097206559e+08
9.7300000000e+02,4.2371615089e+03,5.8053911698e+03,4.3229874043e+05,4.6190441781e-02,-1.3513134576e+27,-4.5097926856e+26,-3.1904309481e+26,-4.0117444955e+22,-2.8373046626e+22,-7.5296420525e+22,4.5097206558e+08
9.7400000000e+02,4.2370530062e+03,5.8052425088e+03,4.3534324841e+05,4.6192589359e-02,-1.3513134576e+27,-4.5416551567e+26,-3.2119828016e+26,-4.0118472284e+22,-2.8568839005e+22,-7.5807000690e+22,4.5097206559e+08
9.7500000000e+02,4.2369447760e+03,5.8050942211e+03,4.3835925949e+05,4.6194746879e-02,-1.3513134576e+27,-4.5732215019e+26,-3.2333158362e+26,-4.0119497088e+22,-2.8762714245e+22,-7.6312437551e+22,4.5097206558e+08
9.7600000000e+02,4.2368368143e+03,5.8049463014e+03,4.4134747246e+05,4.6196914206e-02,-1.3513134576e+27,-4.6044989909e+26,-3.2544354051e+26,-4.0120519398e+22,-2.8954719016e+22,-7.6812857038e+22,4.5097206559e+08
9.7700000000e+02,4.2367291173e+03,5.8047987443e+03,4.4430855849e+05,4.6199091211e-02,-1.3513134576e+27,-4.6354946057e+26,-3.2753466502e+26,-4.0121539256e+22,-2.9144898148e+22,-7.7308380110e+22,4.5097206558e+08
9.7800000000e+02,4.2366216812e+03,5.8046515447e+03,4.4724316317e+05,4.6201277768e-02,-1.3513134576e+27,-4.6662150624e+26,-3.2960545184e+26,-4.0122556692e+22,-2.9333294767e+22,-7.7799123132e+22,4.5097206560e+08
9.7900000000e+02,4.2365145025e+03,5.8045046977e+03,4.5015190624e+05,4.6203473752e-02,-1.3513134576e+27,-4.6966668077e+26,-3.3165637592e+26,-4.0123571746e+22,-2.9519950276e+22,-7.8285197828e+22,4.5097206559e+08
9.8000000000e+02,4.2364075774e+03,5.8043581983e+03,4.5303538564e+05,4.6205679044e-02,-1.3513134576e+27,-4.7268560619e+26,-3.3368789553e+26,-4.0124584448e+22,-2.9704904623e+22,-7.8766711991e+22,4.5097206558e+08
9.8100000000e+02,4.2363009026e+03,5.8042120417e+03,4.5589417577e+05,4.6207893529e-02,-1.3513134575e+27,-4.7567888000e+26,-3.3570045100e+26,-4.0125594828e+22,-2.9888196190e+22,-7.9243769202e+22,4.5097206560e+08
9.8200000000e+02,4.2361944748e+03,5.8040662235e+03,4.5872882928e+05,4.6210117091e-02,-1.3513134576e+27,-4.7864707706e+26,-3.3769446608e+26,-4.0126602922e+22,-3.0069861910e+22,-7.9716469130e+22,4.5097206559e+08
9.8300000000e+02,4.2360882906e+03,5.8039207391e+03,4.6153988150e+05,4.6212349622e-02,-1.3513134576e+27,-4.8159075424e+26,-3.3967035115e+26,-4.0127608759e+22,-3.0249937558e+22,-8.0184908306e+22,4.5097206559e+08
9.8400000000e+02,4.2359823468e+03,5.8037755842e+03,4.6432784632e+05,4.6214591014e-02,-1.3513134576e+27,-4.8451044606e+26,-3.4162850035e+26,-4.0128612369e+22,-3.0428457481e+22,-8.0649179431e+22,4.5097206558e+08
9.8500000000e+02,4.2358766404e+03,5.8036307544e+03,4.6709322020e+05,4.6216841161e-02,-1.3513134576e+27,-4.8740666890e+26,-3.4356929444e+26,-4.0129613781e+22,-3.0605454865e+22,-8.1109372065e+22,4.5097206558e+08
9.8600000000e+02,4.2357711682e+03,5.8034862456e+03,4.6983648235e+05,4.6219099961e-02,-1.3513134576e+27,-4.9027992125e+26,-3.4549310105e+26,-4.0130613019e+22,-3.0780961746e+22,-8.1565572673e+22,4.5097206560e+08
9.8700000000e+02,4.2356659274e+03,5.8033420537e+03,4.7255809426e+05,4.6221367316e-02,-1.3513134576e+27,-4.9313068307e+26,-3.4740027426e+26,-4.0131610118e+22,-3.0955008983e+22,-8.2017864537e+22,4.5097206560e+08
9.8800000000e+02,4.2355609150e+03,5.8031981749e+03,4.7525850589e+05,4.6223643127e-02,-1.3513134576e+27,-4.9595942241e+26,-3.4929115915e+26,-4.0132605103e+22,-3.1127626651e+22,-8.2466328818e+22,4.5097206559e+08
9.8900000000e+02,4.2354561283e+03,5.8030546052e+03,4.7793814833e+05,4.6225927301e-02,-1.3513134576e+27,-4.9876658763e+26,-3.5116608660e+26,-4.0133597998e+22,-3.1298843583e+22,-8.2911043335e+22,4.5097206559e+08
9.9000000000e+02,4.2353515645e+03,5.8029113409e+03,4.8059743968e+05,4.6228219744e-02,-1.3513134576e+27,-5.0155261358e+26,-3.5302537748e+26,-4.0134588831e+22,-3.1468687737e+22,-8.3352083554e+22,4.5097206559e+08
9.9100000000e+02,4.2352472208e+03,5.8027683783e+03,4.8323678445e+05,4.6230520366e-02,-1.3513134576e+27,-5.0431792099e+26,-3.5486934229e+26,-4.0135577625e+22,-3.1637186170e+22,-8.3789522496e+22,4.5097206559e+08
9.9200000000e+02,4.2351430948e+03,5.8026257138e+03,4.8585657422e+05,4.6232829078e-02,-1.3513134576e+27,-5.0706291710e+26,-3.5669828158e+26,-4.0136564407e+22,-3.1804365071e+22,-8.4223430850e+22,4.5097206559e+08
9.9300000000e+02,4.2350391837e+03,5.8024833439e+03,4.8845717003e+05,4.6235145796e-02,-1.3513134576e+27,-5.0978797738e+26,-3.5851247403e+26,-4.0137549199e+22,-3.1970248661e+22,-8.4653874138e+22,4.5097206559e+08
9.9400000000e+02,4.2349354851e+03,5.8023412651e+03,4.9103887545e+05,4.6237470434e-02,-1.3513134576e+27,-5.1249341648e+26,-3.6031215732e+26,-4.0138532025e+22,-3.2134857435e+22,-8.5080908218e+22,4.5097206559e+08
9.9500000000e+02,4.2348319966e+03,5.8021994741e+03,4.9360200955e+05,4.6239802910e-02,-1.3513134576e+27,-5.1517956540e+26,-3.6209757916e+26,-4.0139512908e+22,-3.2298212845e+22,-8.5504591315e+22,4.5097206559e+08
9.9600000000e+02,4.2347287158e+03,5.8020579677e+03,4.9614692172e+05,4.6242143144e-02,-1.3513134576e+27,-5.1784678750e+26,-3.6386900774e+26,-4.0140491871e+22,-3.2460338264e+22,-8.5924986501e+22,4.5097206559e+08
9.9700000000e+02,4.2346256402e+03,5.8019167425e+03,4.9867395083e+05,4.6244491055e-02,-1.3513134576e+27,-5.2049543522e+26,-3.6562670321e+26,-4.0141468935e+22,-3.2621256363e+22,-8.6342154956e+22,4.5097206560e+08
9.9800000000e+02,4.2345227676e+03,5.8017757954e+03,5.0118342558e+05,4.6246846567e-02,-1.3513134576e+27,-5.2312585040e+26,-3.6737091793e+26,-4.0142444123e+22,-3.2780989135e+22,-8.6756156028e+22,4.5097206560e+08
9.9900000000e+02,4.2344200958e+03,5.8016351234e+03,5.0367566494e+05,4.6249209605e-02,-1.3513134576e+27,-5.2573836475e+26,-3.6910189681e+26,-4.0143417458e+22,-3.2939557926e+22,-8.7167047308e+22,4.5097206558e+08
1.0000000000e+03,4.2343176225e+03,5.8014947234e+03,5.0615097734e+05,4.6251580094e-02,-1.3513134576e+27,-5.2833329902e+26,-3.7081987681e+26,-4.0144388955e+22,-3.3096983377e+22,-8.7574884519e+22,4.5097206558e+08
1.0010000000e+03,4.2342153456e+03,5.8013545924e+03,5.0860966589e+05,4.6253957961e-02,-1.3513134576e+27,-5.3091096847e+26,-3.7252509053e+26,-4.0145358637e+22,-3.3253285768e+22,-8.7979722362e+22,4.5097206559e+08
1.0020000000e+03,4.2341132630e+03,5.8012147277e+03,5.1105202125e+05,4.6256343137e-02,-1.3513134576e+27,-5.3347167535e+26,-3.7421776131e+26,-4.0146326523e+22,-3.3408484559e+22,-8.8381613356e+22,4.5097206559e+08
1.0030000000e+03,4.2340113726e+03,5.8010751262e+03,5.1347832717e+05,4.6258735551e-02,-1.3513134576e+27,-5.3601571475e+26,-3.7589810713e+26,-4.0147292634e+22,-3.3562598742e+22,-8.8780608755e+22,4.5097206560e+08
1.0040000000e+03,4.2339096723e+03,5.8009357854e+03,5.1588885946e+05,4.6261135137e-02,-1.3513134576e+27,-5.3854337345e+26,-3.7756633985e+26,-4.0148256991e+22,-3.3715646781e+22,-8.9176758378e+22,4.5097206558e+08
1.0050000000e+03,4.2338081603e+03,5.8007967024e+03,5.1828388547e+05,4.6263541826e-02,-1.3513134576e+27,-5.4105492948e+26,-3.7922266495e+26,-4.0149219606e+22,-3.3867646577e+22,-8.9570110546e+22,4.5097206558e+08
1.0060000000e+03,4.2337068345e+03,5.8006578746e+03,5.2066366781e+05,4.6265955554e-02,-1.3513134576e+27,-5.4355065594e+26,-3.8086728407e+26,-4.0150180501e+22,-3.4018615708e+22,-8.9960712671e+22,4.5097206559e+08
1.0070000000e+03,4.2336056931e+03,5.8005192994e+03,5.2302845913e+05,4.6268376257e-02,-1.3513134576e+27,-5.4603081555e+26,-3.8250039145e+26,-4.0151139693e+22,-3.4168571094e+22,-9.0348610423e+22,4.5097206560e+08
1.0080000000e+03,4.2335047341e+03,5.8003809742e+03,5.2537850635e+05,4.6270803873e-02,-1.3513134576e+27,-5.4849566505e+26,-3.8412217682e+26,-4.0152097205e+22,-3.4317529271e+22,-9.0733848417e+22,4.5097206558e+08
1.0090000000e+03,4.2334039558e+03,5.8002428965e+03,5.2771404929e+05,4.6273238339e-02,-1.3513134576e+27,-5.5094545382e+26,-3.8573282457e+26,-4.0153053044e+22,-3.4465506300e+22,-9.1116470007e+22,4.5097206559e+08
1.0100000000e+03,4.2333033563e+03,5.8001050638e+03,5.3003532332e+05,4.6275679596e-02,-1.3513134576e+27,-5.5338042660e+26,-3.8733251549e+26,-4.0154007233e+22,-3.4612517943e+22,-9.1496517705e+22,4.5097206560e+08
1.0110000000e+03,4.2332029339e+03,5.7999674738e+03,5.3234255552e+05,4.6278127585e-02,-1.3513134576e+27,-5.5580081953e+26,-3.8892142422e+26,-4.0154959791e+22,-3.4758579411e+22,-9.1874032567e+22,4.5097206558e+08
1.0120000000e+03,4.2331026869e+03,5.7998301240e+03,5.3463596760e+05,4.6280582247e-02,-1.3513134576e+27,-5.5820686311e+26,-3.9049972124e+26,-4.0155910727e+22,-3.4903705559e+22,-9.2249054681e+22,4.5097206559e+08
1.0130000000e+03,4.2330026136e+03,5.7996930121e+03,5.3691577699e+05,4.6283043527e-02,-1.3513134576e+27,-5.6059878344e+26,-3.9206757362e+26,-4.0156860061e+22,-3.5047910948e+22,-9.2621623328e+22,4.5097206560e+08
1.0140000000e+03,4.2329027122e+03,5.7995561359e+03,5.3918219392e+05,4.6285511367e-02,-1.3513134576e+27,-5.6297679911e+26,-3.9362514306e+26,-4.0157807811e+22,-3.5191209666e+22,-9.2991776525e+22,4.5097206558e+08
1.0150000000e+03,4.2328029812e+03,5.7994194931e+03,5.4143542385e+05,4.6287985714e-02,-1.3513134576e+27,-5.6534112373e+26,-3.9517258759e+26,-4.0158753986e+22,-3.5333615480e+22,-9.3359551425e+22,4.5097206559e+08
1.0160000000e+03,4.2327034189e+03,5.7992830816e+03,5.4367566807e+05,4.6290466513e-02,-1.3513134576e+27,-5.6769196661e+26,-3.9671006193e+26,-4.0159698608e+22,-3.5475141876e+22,-9.3724984406e+22,4.5097206558e+08
1.0170000000e+03,4.2326040238e+03,5.7991468990e+03,5.4590312155e+05,4.6292953712e-02,-1.3513134576e+27,-5.7002953045e+26,-3.9823771611e+26,-4.0160641685e+22,-3.5615801922e+22,-9.4088110739e+22,4.5097206559e+08
1.0180000000e+03,4.2325047943e+03,5.7990109434e+03,5.4811797574e+05,4.6295447259e-02,-1.3513134575e+27,-5.7235401431e+26,-3.9975569731e+26,-4.0161583234e+22,-3.5755608446e+22,-9.4448965030e+22,4.5097206560e+08
1.0190000000e+03,4.2324057290e+03,5.7988752126e+03,5.5032041647e+05,4.6297947104e-02,-1.3513134576e+27,-5.7466561138e+26,-4.0126414851e+26,-4.0162523274e+22,-3.5894573906e+22,-9.4807580890e+22,4.5097206559e+08
1.0200000000e+03,4.2323068262e+03,5.7987397047e+03,5.5251062561e+05,4.6300453195e-02,-1.3513134575e+27,-5.7696451076e+26,-4.0276320963e+26,-4.0163461811e+22,-3.6032710491e+22,-9.5163991215e+22,4.5097206560e+08
1.0210000000e+03,4.2322080846e+03,5.7986044175e+03,5.5468878102e+05,4.6302965485e-02,-1.3513134576e+27,-5.7925089736e+26,-4.0425301746e+26,-4.0164398866e+22,-3.6170030124e+22,-9.5518228163e+22,4.5097206559e+08
1.0220000000e+03,4.2321095027e+03,5.7984693491e+03,5.5685505583e+05,4.6305483924e-02,-1.3513134575e+27,-5.8152495118e+26,-4.0573370526e+26,-4.0165334446e+22,-3.6306544412e+22,-9.5870323061e+22,4.5097206560e+08
1.0230000000e+03,4.2320110791e+03,5.7983344976e+03,5.5900961958e+05,4.6308008466e-02,-1.3513134576e+27,-5.8378684849e+26,-4.0720540342e+26,-4.0166268570e+22,-3.6442264721e+22,-9.6220306566e+22,4.5097206559e+08
1.0240000000e+03,4.2319128123e+03,5.7981998610e+03,5.6115263765e+05,4.6310539064e-02,-1.3513134575e+27,-5.8603676119e+26,-4.0866823924e+26,-4.0167201245e+22,-3.6577202141e+22,-9.6568208601e+22,4.5097206560e+08
1.0250000000e+03,4.2318147011e+03,5.7980654375e+03,5.6328427175e+05,4.6313075672e-02,-1.3513134576e+27,-5.8827485742e+26,-4.1012233715e+26,-4.0168132491e+22,-3.6711367514e+22,-9.6914058415e+22,4.5097206559e+08
1.0260000000e+03,4.2317167440e+03,5.7979312253e+03,5.6540467997e+05,4.6315618245e-02,-1.3513134576e+27,-5.9050130153e+26,-4.1156781881e+26,-4.0169062317e+22,-3.6844771443e+22,-9.7257884613e+22,4.5097206558e+08
1.0270000000e+03,4.2316189398e+03,5.7977972224e+03,5.6751401695e+05,4.6318166739e-02,-1.3513134576e+27,-5.9271625428e+26,-4.1300480324e+26,-4.0169990731e+22,-3.6977424298e+22,-9.7599715172e+22,4.5097206559e+08
1.0280000000e+03,4.2315212871e+03,5.7976634272e+03,5.6961243347e+05,4.6320721110e-02,-1.3513134576e+27,-5.9491987242e+26,-4.1443340652e+26,-4.0170917753e+22,-3.7109336193e+22,-9.7939577375e+22,4.5097206558e+08
1.0290000000e+03,4.2314237847e+03,5.7975298378e+03,5.7170007752e+05,4.6323281315e-02,-1.3513134576e+27,-5.9711230978e+26,-4.1585374254e+26,-4.0171843388e+22,-3.7240517053e+22,-9.8277498000e+22,4.5097206560e+08
1.0300000000e+03,4.2313264313e+03,5.7973964525e+03,5.7377709333e+05,4.6325847313e-02,-1.3513134576e+27,-5.9929371629e+26,-4.1726592235e+26,-4.0172767655e+22,-3.7370976554e+22,-9.8613503147e+22,4.5097206559e+08
1.0310000000e+03,4.2312292256e+03,5.7972632697e+03,5.7584362265e+05,4.6328419061e-02,-1.3513134576e+27,-6.0146423933e+26,-4.1867005505e+26,-4.0173690561e+22,-3.7500724206e+22,-9.8947618466e+22,4.5097206558e+08
1.0320000000e+03,4.2311321664e+03,5.7971302877e+03,5.7789980383e+05,4.6330996520e-02,-1.3513134576e+27,-6.0362402270e+26,-4.2006624718e+26,-4.0174612114e+22,-3.7629769288e+22,-9.9279868995e+22,4.5097206560e+08
1.0330000000e+03,4.2310352525e+03,5.7969975047e+03,5.7994577185e+05,4.6333579649e-02,-1.3513134576e+27,-6.0577320670e+26,-4.2145460268e+26,-4.0175532334e+22,-3.7758120861e+22,-9.9610279168e+22,4.5097206559e+08
1.0340000000e+03,4.2309384828e+03,5.7968649193e+03,5.8198165980e+05,4.6336168408e-02,-1.3513134576e+27,-6.0791192971e+26,-4.2283522399e+26,-4.0176451227e+22,-3.7885787853e+22,-9.9938873067e+22,4.5097206558e+08
1.0350000000e+03,4.2308418561e+03,5.7967325297e+03,5.8400759736e+05,4.6338762759e-02,-1.3513134576e+27,-6.1004032650e+26,-4.2420821100e+26,-4.0177368801e+22,-3.8012778965e+22,-1.0026567417e+23,4.5097206560e+08
1.0360000000e+03,4.2307453712e+03,5.7966003344e+03,5.8602371111e+05,4.6341362663e-02,-1.3513134576e+27,-6.1215852864e+26,-4.2557366120e+26,-4.0178285073e+22,-3.8139102695e+22,-1.0059070539e+23,4.5097206559e+08
1.0370000000e+03,4.2306490270e+03,5.7964683319e+03,5.8803012623e+05,4.6343968083e-02,-1.3513134576e+27,-6.1426666627e+26,-4.2693167094e+26,-4.0179200051e+22,-3.8264767441e+22,-1.0091398937e+23,4.5097206558e+08
1.0380000000e+03,4.2305528223e+03,5.7963365207e+03,5.9002696442e+05,4.6346578982e-02,-1.3513134576e+27,-6.1636486589e+26,-4.2828233401e+26,-4.0180113741e+22,-3.8389781374e+22,-1.0123554817e+23,4.5097206560e+08
1.0390000000e+03,4.2304567561e+03,5.7962048991e+03,5.9201434459e+05,4.6349195323e-02,-1.3513134576e+27,-6.1845325107e+26,-4.2962574201e+26,-4.0181026161e+22,-3.8514152476e+22,-1.0155540330e+23,4.5097206559e+08
1.0400000000e+03,4.2303608274e+03,5.7960734659e+03,5.9399238463e+05,4.6351817070e-02,-1.3513134576e+27,-6.2053194439e+26,-4.3096198567e+26,-4.0181937318e+22,-3.8637888660e+22,-1.0187357610e+23,4.5097206558e+08
1.0410000000e+03,4.2302650349e+03,5.7959422194e+03,5.9596119898e+05,4.6354444188e-02,-1.3513134575e+27,-6.2260106476e+26,-4.3229115320e+26,-4.0182847217e+22,-3.8760997607e+22,-1.0219008730e+23,4.5097206560e+08
1.0420000000e+03,4.2301693778e+03,5.7958111583e+03,5.9792089945e+05,4.6357076642e-02,-1.3513134576e+27,-6.2466072841e+26,-4.3361333077e+26,-4.0183755876e+22,-3.8883486829e+22,-1.0250495714e+23,4.5097206560e+08
1.0430000000e+03,4.2300738549e+03,5.7956802811e+03,5.9987159727e+05,4.6359714397e-02,-1.3513134576e+27,-6.2671105094e+26,-4.3492860397e+26,-4.0184663300e+22,-3.9005363788e+22,-1.0281820576e+23,4.5097206559e+08
1.0440000000e+03,4.2299784653e+03,5.7955495865e+03,6.0181340014e+05,4.6362357420e-02,-1.3513134576e+27,-6.2875214432e+26,-4.3623705584e+26,-4.0185569499e+22,-3.9126635721e+22,-1.0312985265e+23,4.5097206558e+08
1.0450000000e+03,4.2298832079e+03,5.7954190730e+03,6.0374641405e+05,4.6365005677e-02,-1.3513134576e+27,-6.3078411869e+26,-4.3753876803e+26,-4.0186474483e+22,-3.9247309742e+22,-1.0343991702e+23,4.5097206558e+08
1.0460000000e+03,4.2297880817e+03,5.7952887394e+03,6.0567074294e+05,4.6367659136e-02,-1.3513134576e+27,-6.3280708207e+26,-4.3883382063e+26,-4.0187378258e+22,-3.9367392834e+22,-1.0374841769e+23,4.5097206560e+08
1.0470000000e+03,4.2296930858e+03,5.7951585842e+03,6.0758648808e+05,4.6370317763e-02,-1.3513134576e+27,-6.3482113969e+26,-4.4012229174e+26,-4.0188280839e+22,-3.9486891800e+22,-1.0405537300e+23,4.5097206559e+08
1.0480000000e+03,4.2295982192e+03,5.7950286062e+03,6.0949375070e+05,4.6372981528e-02,-1.3513134576e+27,-6.3682639682e+26,-4.4140425924e+26,-4.0189182231e+22,-3.9605813435e+22,-1.0436080128e+23,4.5097206559e+08
1.0490000000e+03,4.2295034809e+03,5.7948988041e+03,6.1139262848e+05,4.6375650398e-02,-1.3513134576e+27,-6.3882295493e+26,-4.4267979847e+26,-4.0190082444e+22,-3.9724164302e+22,-1.0466472021e+23,4.5097206558e+08
1.0500000000e+03,4.2294088701e+03,5.7947691766e+03,6.1328321772e+05,4.6378324343e-02,-1.3513134576e+27,-6.4081091414e+26,-4.4394898365e+26,-4.0190981487e+22,-3.9841950872e+22,-1.0496714725e+23,4.5097206558e+08
1.0510000000e+03,4.2293143858e+03,5.7946397223e+03,6.1516561297e+05,4.6381003331e-02,-1.3513134575e+27,-6.4279037268e+26,-4.4521188766e+26,-4.0191879365e+22,-3.9959179495e+22,-1.0526809952e+23,4.5097206560e+08
1.0520000000e+03,4.2292200270e+03,5.7945104402e+03,6.1703990626e+05,4.6383687333e-02,-1.3513134576e+27,-6.4476142619e+26,-4.4646858147e+26,-4.0192776092e+22,-4.0075856359e+22,-1.0556759370e+23,4.5097206560e+08
1.0530000000e+03,4.2291257930e+03,5.7943813289e+03,6.1890619008e+05,4.6386376320e-02,-1.3513134576e+27,-6.4672417082e+26,-4.4771913625e+26,-4.0193671674e+22,-4.0191987672e+22,-1.0586564651e+23,4.5097206559e+08
1.0540000000e+03,4.2290316827e+03,5.7942523872e+03,6.2076455328e+05,4.6389070260e-02,-1.3513134576e+27,-6.4867869890e+26,-4.4896362056e+26,-4.0194566120e+22,-4.0307579407e+22,-1.0616227407e+23,4.5097206559e+08
1.0550000000e+03,4.2289376954e+03,5.7941236139e+03,6.2261508370e+05,4.6391769127e-02,-1.3513134576e+27,-6.5062510172e+26,-4.5020210211e+26,-4.0195459436e+22,-4.0422637467e+22,-1.0645749229e+23,4.5097206559e+08
1.0560000000e+03,4.2288438302e+03,5.7939950079e+03,6.2445786761e+05,4.6394472890e-02,-1.3513134576e+27,-6.5256346891e+26,-4.5143464739e+26,-4.0196351632e+22,-4.0537167649e+22,-1.0675131679e+23,4.5097206558e+08
1.0570000000e+03,4.2287500862e+03,5.7938665680e+03,6.2629298975e+05,4.6397181523e-02,-1.3513134576e+27,-6.5449388854e+26,-4.5266132174e+26,-4.0197242716e+22,-4.0651175650e+22,-1.0704376294e+23,4.5097206558e+08
1.0580000000e+03,4.2286564626e+03,5.7937382930e+03,6.2812053336e+05,4.6399894996e-02,-1.3513134576e+27,-6.5641644711e+26,-4.5388218932e+26,-4.0198132694e+22,-4.0764667063e+22,-1.0733484579e+23,4.5097206558e+08
1.0590000000e+03,4.2285629585e+03,5.7936101819e+03,6.2994058021e+05,4.6402613283e-02,-1.3513134575e+27,-6.5833122960e+26,-4.5509731321e+26,-4.0199021572e+22,-4.0877647386e+22,-1.0762458019e+23,4.5097206560e+08
1.0600000000e+03,4.2284695732e+03,5.7934822334e+03,6.3175320983e+05,4.6405336357e-02,-1.3513134576e+27,-6.6023831862e+26,-4.5630675477e+26,-4.0199909364e+22,-4.0990121969e+22,-1.0791298054e+23,4.5097206560e+08
1.0610000000e+03,4.2283763058e+03,5.7933544465e+03,6.3355850281e+05,4.6408064191e-02,-1.3513134576e+27,-6.6213779799e+26,-4.5751057599e+26,-4.0200796073e+22,-4.1102096222e+22,-1.0820006142e+23,4.5097206560e+08
1.0620000000e+03,4.2282831555e+03,5.7932268201e+03,6.3535653603e+05,4.6410796758e-02,-1.3513134576e+27,-6.6402974754e+26,-4.5870883623e+26,-4.0201681708e+22,-4.1213575318e+22,-1.0848583677e+23,4.5097206560e+08
1.0630000000e+03,4.2281901216e+03,5.7930993531e+03,6.3714738577e+05,4.6413534033e-02,-1.3513134576e+27,-6.6591424655e+26,-4.5990159430e+26,-4.0202566276e+22,-4.1324564385e+22,-1.0877032042e+23,4.5097206559e+08
1.0640000000e+03,4.2280972032e+03,5.7929720444e+03,6.3893112703e+05,4.6416275989e-02,-1.3513134576e+27,-6.6779137296e+26,-4.6108890805e+26,-4.0203449784e+22,-4.1435068467e+22,-1.0905352595e+23,4.5097206559e+08
1.0650000000e+03,4.2280043997e+03,5.7928448930e+03,6.4070783355e+05,4.6419022603e-02,-1.3513134576e+27,-6.6966120339e+26,-4.6227083434e+26,-4.0204332239e+22,-4.1545092522e+22,-1.0933546672e+23,4.5097206559e+08
1.0660000000e+03,4.2279117102e+03,5.7927178979e+03,6.4247757783e+05,4.6421773847e-02,-1.3513134576e+27,-6.7152381317e+26,-4.6344742908e+26,-4.0205213648e+22,-4.1654641426e+22,-1.0961615588e+23,4.5097206559e+08
1.0670000000e+03,4.2278191340e+03,5.7925910581e+03,6.4424043118e+05,4.6424529699e-02,-1.3513134576e+27,-6.7337927639e+26,-4.6461874726e+26,-4.0206094018e+22,-4.1763719974e+22,-1.0989560635e+23,4.5097206559e+08
1.0680000000e+03,4.2277266704e+03,5.7924643725e+03,6.4599646371e+05,4.6427290133e-02,-1.3513134576e+27,-6.7522766592e+26,-4.6578484296e+26,-4.0206973356e+22,-4.1872332884e+22,-1.1017383082e+23,4.5097206559e+08
1.0690000000e+03,4.2276343186e+03,5.7923378401e+03,6.4774574440e+05,4.6430055125e-02,-1.3513134576e+27,-6.7706905341e+26,-4.6694576937e+26,-4.0207851669e+22,-4.1980484793e+22,-1.1045084181e+23,4.5097206559e+08
1.0700000000e+03,4.2275420779e+03,5.7922114599e+03,6.4948834109e+05,4.6432824652e-02,-1.3513134576e+27,-6.7890350936e+26,-4.6810157884e+26,-4.0208728963e+22,-4.2088180267e+22,-1.1072665161e+23,4.5097206559e+08
1.0710000000e+03,4.2274499477e+03,5.7920852310e+03,6.5122431455e+05,4.6435598690e-02,-1.3513134576e+27,-6.8073109690e+26,-4.6925231902e+26,-4.0209605246e+22,-4.2195423434e+22,-1.1100127141e+23,4.5097206559e+08
1.0720000000e+03,4.2273579271e+03,5.7919591524e+03,6.5295371126e+05,4.6438377215e-02,-1.3513134576e+27,-6.8255186369e+26,-4.7039802791e+26,-4.0210480523e+22,-4.2302217513e+22,-1.1127471012e+23,4.5097206559e+08
1.0730000000e+03,4.2272660156e+03,5.7918332231e+03,6.5467658991e+05,4.6441160206e-02,-1.3513134576e+27,-6.8436587047e+26,-4.7153875150e+26,-4.0211354802e+22,-4.2408566485e+22,-1.1154697854e+23,4.5097206559e+08
1.0740000000e+03,4.2271742123e+03,5.7917074423e+03,6.5639301471e+05,4.6443947639e-02,-1.3513134576e+27,-6.8617318396e+26,-4.7267453926e+26,-4.0212228088e+22,-4.2514474667e+22,-1.1181808828e+23,4.5097206559e+08
1.0750000000e+03,4.2270825167e+03,5.7915818089e+03,6.5810304882e+05,4.6446739491e-02,-1.3513134576e+27,-6.8797386978e+26,-4.7380543991e+26,-4.0213100388e+22,-4.2619946310e+22,-1.1208805081e+23,4.5097206559e+08
1.0760000000e+03,4.2269909281e+03,5.7914563221e+03,6.5980675443e+05,4.6449535741e-02,-1.3513134576e+27,-6.8976799255e+26,-4.7493150138e+26,-4.0213971708e+22,-4.2724985597e+22,-1.1235687738e+23,4.5097206559e+08
1.0770000000e+03,4.2268994457e+03,5.7913309810e+03,6.6150419273e+05,4.6452336367e-02,-1.3513134576e+27,-6.9155561587e+26,-4.7605277087e+26,-4.0214842055e+22,-4.2829596645e+22,-1.1262457907e+23,4.5097206559e+08
1.0780000000e+03,4.2268080690e+03,5.7912057845e+03,6.6319542399e+05,4.6455141347e-02,-1.3513134576e+27,-6.9333680232e+26,-4.7716929482e+26,-4.0215711434e+22,-4.2933783509e+22,-1.1289116682e+23,4.5097206560e+08
1.0790000000e+03,4.2267167973e+03,5.7910807320e+03,6.6488050751e+05,4.6457950659e-02,-1.3513134576e+27,-6.9511161355e+26,-4.7828111898e+26,-4.0216579851e+22,-4.3037550181e+22,-1.1315665135e+23,4.5097206560e+08
1.0800000000e+03,4.2266256300e+03,5.7909558224e+03,6.6655950171e+05,4.6460764283e-02,-1.3513134576e+27,-6.9688011022e+26,-4.7938828838e+26,-4.0217447313e+22,-4.3140900590e+22,-1.1342104325e+23,4.5097206560e+08
1.0810000000e+03,4.2265345664e+03,5.7908310549e+03,6.6823246407e+05,4.6463582198e-02,-1.3513134575e+27,-6.9864235209e+26,-4.8049084736e+26,-4.0218313826e+22,-4.3243838606e+22,-1.1368435294e+23,4.5097206560e+08
1.0820000000e+03,4.2264436058e+03,5.7907064287e+03,6.6989945125e+05,4.6466404382e-02,-1.3513134576e+27,-7.0039839800e+26,-4.8158883958e+26,-4.0219179398e+22,-4.3346368043e+22,-1.1394659068e+23,4.5097206558e+08
1.0830000000e+03,4.2263527478e+03,5.7905819429e+03,6.7156051830e+05,4.6469230817e-02,-1.3513134576e+27,-7.0214830513e+26,-4.8268230761e+26,-4.0220044029e+22,-4.3448492608e+22,-1.1420776646e+23,4.5097206558e+08
1.0840000000e+03,4.2262619916e+03,5.7904575966e+03,6.7321572167e+05,4.6472061480e-02,-1.3513134576e+27,-7.0389213218e+26,-4.8377129480e+26,-4.0220907728e+22,-4.3550216095e+22,-1.1446789048e+23,4.5097206558e+08
1.0850000000e+03,4.2261713367e+03,5.7903333891e+03,6.7486511466e+05,4.6474896354e-02,-1.3513134576e+27,-7.0562993451e+26,-4.8485584235e+26,-4.0221770499e+22,-4.3651542095e+22,-1.1472697241e+23,4.5097206558e+08
1.0860000000e+03,4.2260807824e+03,5.7902093195e+03,6.7650875059e+05,4.6477735417e-02,-1.3513134576e+27,-7.0736176749e+26,-4.8593599136e+26,-4.0222632350e+22,-4.3752474198e+22,-1.1498502191e+23,4.5097206559e+08
1.0870000000e+03,4.2259903282e+03,5.7900853870e+03,6.7814668198e+05,4.6480578651e-02,-1.3513134576e+27,-7.0908768570e+26,-4.8701178235e+26,-4.0223493285e+22,-4.3853015939e+22,-1.1524204850e+23,4.5097206559e+08
1.0880000000e+03,4.2258999735e+03,5.7899615909e+03,6.7977896056e+05,4.6483426035e-02,-1.3513134576e+27,-7.1080774288e+26,-4.8808325522e+26,-4.0224353311e+22,-4.3953170803e+22,-1.1549806154e+23,4.5097206559e+08
1.0890000000e+03,4.2258097177e+03,5.7898379302e+03,6.8140563734e+05,4.6486277552e-02,-1.3513134576e+27,-7.1252199201e+26,-4.8915044929e+26,-4.0225212431e+22,-4.4052942223e+22,-1.1575307029e+23,4.5097206560e+08
1.0900000000e+03,4.2257195603e+03,5.7897144042e+03,6.8302676256e+05,4.6489133182e-02,-1.3513134575e+27,-7.1423048531e+26,-4.9021340333e+26,-4.0226070652e+22,-4.4152333582e+22,-1.1600708384e+23,4.5097206560e+08
1.0910000000e+03,4.2256295006e+03,5.7895910122e+03,6.8464238574e+05,4.6491992907e-02,-1.3513134576e+27,-7.1593327421e+26,-4.9127215551e+26,-4.0226927983e+22,-4.4251348216e+22,-1.1626011117e+23,4.5097206558e+08
1.0920000000e+03,4.2255395381e+03,5.7894677534e+03,6.8625255514e+05,4.6494856709e-02,-1.3513134576e+27,-7.1763040881e+26,-4.9232674315e+26,-4.0227784421e+22,-4.4349989377e+22,-1.1651216104e+23,4.5097206558e+08
1.0930000000e+03,4.2254496722e+03,5.7893446270e+03,6.8785732013e+05,4.6497724568e-02,-1.3513134576e+27,-7.1932194047e+26,-4.9337720417e+26,-4.0228639975e+22,-4.4448260384e+22,-1.1676324236e+23,4.5097206559e+08
1.0940000000e+03,4.2253599025e+03,5.7892216323e+03,6.8945672744e+05,4.6500596468e-02,-1.3513134576e+27,-7.2100791769e+26,-4.9442357468e+26,-4.0229494650e+22,-4.4546164387e+22,-1.1701336362e+23,4.5097206559e+08
1.0950000000e+03,4.2252702283e+03,5.7890987685e+03,6.9105082381e+05,4.6503472390e-02,-1.3513134576e+27,-7.2268838904e+26,-4.9546589076e+26,-4.0230348452e+22,-4.4643704536e+22,-1.1726253328e+23,4.5097206560e+08
1.0960000000e+03,4.2251806491e+03,5.7889760349e+03,6.9263965535e+05,4.6506352316e-02,-1.3513134575e+27,-7.2436340241e+26,-4.9650418796e+26,-4.0231201386e+22,-4.4740883937e+22,-1.1751075970e+23,4.5097206560e+08
1.0970000000e+03,4.2250911645e+03,5.7888534308e+03,6.9422326751e+05,4.6509236230e-02,-1.3513134576e+27,-7.2603300502e+26,-4.9753850132e+26,-4.0232053459e+22,-4.4837705651e+22,-1.1775805112e+23,4.5097206558e+08
1.0980000000e+03,4.2250017738e+03,5.7887309555e+03,6.9580170463e+05,4.6512124114e-02,-1.3513134576e+27,-7.2769724290e+26,-4.9856886515e+26,-4.0232904671e+22,-4.4934172667e+22,-1.1800441558e+23,4.5097206558e+08
1.0990000000e+03,4.2249124765e+03,5.7886086081e+03,6.9737501206e+05,4.6515015951e-02,-1.3513134576e+27,-7.2935616321e+26,-4.9959531426e+26,-4.0233755028e+22,-4.5030288036e+22,-1.1824986128e+23,4.5097206559e+08
1.1000000000e+03,4.2248232722e+03,5.7884863881e+03,6.9894323272e+05,4.6517911725e-02,-1.3513134576e+27,-7.3100981051e+26,-5.0061788185e+26,-4.0234604536e+22,-4.5126054653e+22,-1.1849439600e+23,4.5097206559e+08
1.1010000000e+03,4.2247341603e+03,5.7883642947e+03,7.0050640960e+05,4.6520811417e-02,-1.3513134576e+27,-7.3265822946e+26,-5.0163660109e+26,-4.0235453199e+22,-4.5221475414e+22,-1.1873802754e+23,4.5097206560e+08
1.1020000000e+03,4.2246451404e+03,5.7882423273e+03,7.0206458513e+05,4.6523715013e-02,-1.3513134576e+27,-7.3430146411e+26,-5.0265150467e+26,-4.0236301027e+22,-4.5316553179e+22,-1.1898076358e+23,4.5097206558e+08
1.1030000000e+03,4.2245562118e+03,5.7881204851e+03,7.0361780071e+05,4.6526622496e-02,-1.3513134576e+27,-7.3593955748e+26,-5.0366262464e+26,-4.0237148016e+22,-4.5411290741e+22,-1.1922261165e+23,4.5097206558e+08
1.1040000000e+03,4.2244673742e+03,5.7879987675e+03,7.0516609865e+05,4.6529533849e-02,-1.3513134576e+27,-7.3757255354e+26,-5.0466999348e+26,-4.0237994174e+22,-4.5505690944e+22,-1.1946357937e+23,4.5097206559e+08
1.1050000000e+03,4.2243786271e+03,5.7878771739e+03,7.0670951905e+05,4.6532449057e-02,-1.3513134576e+27,-7.3920049392e+26,-5.0567364220e+26,-4.0238839507e+22,-4.5599756494e+22,-1.1970367404e+23,4.5097206560e+08
1.1060000000e+03,4.2242899698e+03,5.7877557034e+03,7.0824810207e+05,4.6535368104e-02,-1.3513134575e+27,-7.4082342035e+26,-5.0667360180e+26,-4.0239684018e+22,-4.5693490101e+22,-1.1994290293e+23,4.5097206560e+08
1.1070000000e+03,4.2242014021e+03,5.7876343556e+03,7.0978188737e+05,4.6538290973e-02,-1.3513134576e+27,-7.4244137401e+26,-5.0766990285e+26,-4.0240527716e+22,-4.5786894435e+22,-1.2018127322e+23,4.5097206558e+08
1.1080000000e+03,4.2241129234e+03,5.7875131297e+03,7.1131091371e+05,4.6541217650e-02,-1.3513134576e+27,-7.4405439513e+26,-5.0866257532e+26,-4.0241370597e+22,-4.5879972113e+22,-1.2041879196e+23,4.5097206559e+08
1.1090000000e+03,4.2240245332e+03,5.7873920252e+03,7.1283522061e+05,4.6544148120e-02,-1.3513134576e+27,-7.4566252482e+26,-5.0965164958e+26,-4.0242212671e+22,-4.5972725792e+22,-1.2065546627e+23,4.5097206560e+08
1.1100000000e+03,4.2239362311e+03,5.7872710413e+03,7.1435484559e+05,4.6547082367e-02,-1.3513134575e+27,-7.4726580203e+26,-5.1063715466e+26,-4.0243053940e+22,-4.6065158007e+22,-1.2089130297e+23,4.5097206560e+08
1.1110000000e+03,4.2238480166e+03,5.7871501774e+03,7.1586982626e+05,4.6550020375e-02,-1.3513134576e+27,-7.4886426581e+26,-5.1161911954e+26,-4.0243894414e+22,-4.6157271293e+22,-1.2112630888e+23,4.5097206558e+08
1.1120000000e+03,4.2237598892e+03,5.7870294329e+03,7.1738019943e+05,4.6552962131e-02,-1.3513134576e+27,-7.5045795438e+26,-5.1259757269e+26,-4.0244734088e+22,-4.6249068132e+22,-1.2136049069e+23,4.5097206559e+08
1.1130000000e+03,4.2236718485e+03,5.7869088073e+03,7.1888600258e+05,4.6555907620e-02,-1.3513134576e+27,-7.5204690671e+26,-5.1357254292e+26,-4.0245572972e+22,-4.6340551049e+22,-1.2159385514e+23,4.5097206560e+08
1.1140000000e+03,4.2235838941e+03,5.7867882998e+03,7.2038727134e+05,4.6558856826e-02,-1.3513134575e+27,-7.5363115977e+26,-5.1454405778e+26,-4.0246411068e+22,-4.6431722448e+22,-1.2182640873e+23,4.5097206560e+08
1.1150000000e+03,4.2234960256e+03,5.7866679099e+03,7.2188404141e+05,4.6561809736e-02,-1.3513134576e+27,-7.5521075067e+26,-5.1551214480e+26,-4.0247248386e+22,-4.6522584739e+22,-1.2205815790e+23,4.5097206558e+08
1.1160000000e+03,4.2234082424e+03,5.7865476369e+03,7.2337634779e+05,4.6564766335e-02,-1.3513134576e+27,-7.5678571570e+26,-5.1647683104e+26,-4.0248084920e+22,-4.6613140280e+22,-1.2228910903e+23,4.5097206559e+08
1.1170000000e+03,4.2233205441e+03,5.7864274804e+03,7.2486422605e+05,4.6567726609e-02,-1.3513134575e+27,-7.5835609188e+26,-5.1743814385e+26,-4.0248920680e+22,-4.6703391469e+22,-1.2251926853e+23,4.5097206560e+08
1.1180000000e+03,4.2232329304e+03,5.7863074396e+03,7.2634771005e+05,4.6570690544e-02,-1.3513134576e+27,-7.5992191435e+26,-5.1839610939e+26,-4.0249755673e+22,-4.6793340592e+22,-1.2274864255e+23,4.5097206558e+08
1.1190000000e+03,4.2231454007e+03,5.7861875141e+03,7.2782683350e+05,4.6573658126e-02,-1.3513134576e+27,-7.6148321808e+26,-5.1935075373e+26,-4.0250589896e+22,-4.6882989924e+22,-1.2297723721e+23,4.5097206559e+08
1.1200000000e+03,4.2230579547e+03,5.7860677032e+03,7.2930163063e+05,4.6576629342e-02,-1.3513134576e+27,-7.6304003869e+26,-5.2030210319e+26,-4.0251423355e+22,-4.6972341771e+22,-1.2320505870e+23,4.5097206560e+08
1.1210000000e+03,4.2229705920e+03,5.7859480063e+03,7.3077213407e+05,4.6579604178e-02,-1.3513134576e+27,-7.6459241001e+26,-5.2125018298e+26,-4.0252256060e+22,-4.7061398335e+22,-1.2343211292e+23,4.5097206558e+08
1.1220000000e+03,4.2228833120e+03,5.7858284229e+03,7.3223837630e+05,4.6582582620e-02,-1.3513134576e+27,-7.6614036578e+26,-5.2219501822e+26,-4.0253088005e+22,-4.7150161809e+22,-1.2365840579e+23,4.5097206559e+08
1.1230000000e+03,4.2227961145e+03,5.7857089525e+03,7.3370039028e+05,4.6585564655e-02,-1.3513134576e+27,-7.6768394027e+26,-5.2313663424e+26,-4.0253919199e+22,-4.7238634414e+22,-1.2388394326e+23,4.5097206560e+08
1.1240000000e+03,4.2227089991e+03,5.7855895944e+03,7.3515820746e+05,4.6588550270e-02,-1.3513134575e+27,-7.6922316610e+26,-5.2407505536e+26,-4.0254749646e+22,-4.7326818274e+22,-1.2410873102e+23,4.5097206561e+08
1.1250000000e+03,4.2226219652e+03,5.7854703482e+03,7.3661185934e+05,4.6591539452e-02,-1.3513134576e+27,-7.7075807600e+26,-5.2501030588e+26,-4.0255579352e+22,-4.7414715515e+22,-1.2433277480e+23,4.5097206559e+08
1.1260000000e+03,4.2225350126e+03,5.7853512132e+03,7.3806137687e+05,4.6594532187e-02,-1.3513134576e+27,-7.7228870210e+26,-5.2594240974e+26,-4.0256408315e+22,-4.7502328227e+22,-1.2455608022e+23,4.5097206560e+08
1.1270000000e+03,4.2224481408e+03,5.7852321890e+03,7.3950679142e+05,4.6597528464e-02,-1.3513134575e+27,-7.7381507700e+26,-5.2687139105e+26,-4.0257236541e+22,-4.7589658522e+22,-1.2477865292e+23,4.5097206561e+08
1.1280000000e+03,4.2223613494e+03,5.7851132750e+03,7.4094813295e+05,4.6600528268e-02,-1.3513134576e+27,-7.7533723179e+26,-5.2779727295e+26,-4.0258064038e+22,-4.7676708426e+22,-1.2500049836e+23,4.5097206559e+08
1.1290000000e+03,4.2222746380e+03,5.7849944706e+03,7.4238543133e+05,4.6603531589e-02,-1.3513134576e+27,-7.7685519748e+26,-5.2872007854e+26,-4.0258890802e+22,-4.7763479954e+22,-1.2522162196e+23,4.5097206560e+08
1.1300000000e+03,4.2221880063e+03,5.7848757754e+03,7.4381871678e+05,4.6606538412e-02,-1.3513134576e+27,-7.7836900550e+26,-5.2963983106e+26,-4.0259716844e+22,-4.7849975144e+22,-1.2544202917e+23,4.5097206558e+08
1.1310000000e+03,4.2221014539e+03,5.7847571888e+03,7.4524801807e+05,4.6609548727e-02,-1.3513134576e+27,-7.7987868568e+26,-5.3055655279e+26,-4.0260542161e+22,-4.7936195941e+22,-1.2566172523e+23,4.5097206559e+08
1.1320000000e+03,4.2220149804e+03,5.7846387103e+03,7.4667336471e+05,4.6612562520e-02,-1.3513134576e+27,-7.8138426870e+26,-5.3147026643e+26,-4.0261366759e+22,-4.8022144334e+22,-1.2588071546e+23,4.5097206560e+08
1.1330000000e+03,4.2219285854e+03,5.7845203394e+03,7.4809478494e+05,4.6615579779e-02,-1.3513134576e+27,-7.8288578385e+26,-5.3238099378e+26,-4.0262190645e+22,-4.8107822231e+22,-1.2609900499e+23,4.5097206558e+08
1.1340000000e+03,4.2218422686e+03,5.7844020755e+03,7.4951230692e+05,4.6618600493e-02,-1.3513134576e+27,-7.8438326039e+26,-5.3328875665e+26,-4.0263013817e+22,-4.8193231535e+22,-1.2631659894e+23,4.5097206559e+08
1.1350000000e+03,4.2217560296e+03,5.7842839183e+03,7.5092595913e+05,4.6621624650e-02,-1.3513134575e+27,-7.8587672790e+26,-5.3419357691e+26,-4.0263836280e+22,-4.8278374165e+22,-1.2653350245e+23,4.5097206560e+08
1.1360000000e+03,4.2216698679e+03,5.7841658671e+03,7.5233576883e+05,4.6624652237e-02,-1.3513134576e+27,-7.8736621468e+26,-5.3509547564e+26,-4.0264658041e+22,-4.8363251965e+22,-1.2674972046e+23,4.5097206558e+08
1.1370000000e+03,4.2215837834e+03,5.7840479215e+03,7.5374176326e+05,4.6627683243e-02,-1.3513134576e+27,-7.8885174900e+26,-5.3599447390e+26,-4.0265479098e+22,-4.8447866772e+22,-1.2696525792e+23,4.5097206560e+08
1.1380000000e+03,4.2214977755e+03,5.7839300810e+03,7.5514396988e+05,4.6630717657e-02,-1.3513134576e+27,-7.9033335941e+26,-5.3689059279e+26,-4.0266299460e+22,-4.8532220441e+22,-1.2718011979e+23,4.5097206558e+08
1.1390000000e+03,4.2214118440e+03,5.7838123451e+03,7.5654241496e+05,4.6633755467e-02,-1.3513134576e+27,-7.9181107315e+26,-5.3778385267e+26,-4.0267119124e+22,-4.8616314747e+22,-1.2739431085e+23,4.5097206559e+08
1.1400000000e+03,4.2213259885e+03,5.7836947133e+03,7.5793712533e+05,4.6636796661e-02,-1.3513134575e+27,-7.9328491811e+26,-5.3867427416e+26,-4.0267938096e+22,-4.8700151500e+22,-1.2760783593e+23,4.5097206560e+08
1.1410000000e+03,4.2212402087e+03,5.7835771852e+03,7.5932812675e+05,4.6639841229e-02,-1.3513134576e+27,-7.9475492101e+26,-5.3956187717e+26,-4.0268756383e+22,-4.8783732440e+22,-1.2782069972e+23,4.5097206558e+08
1.1420000000e+03,4.2211545041e+03,5.7834597603e+03,7.6071544495e+05,4.6642889159e-02,-1.3513134576e+27,-7.9622110859e+26,-5.4044668162e+26,-4.0269573982e+22,-4.8867059308e+22,-1.2803290690e+23,4.5097206560e+08
1.1430000000e+03,4.2210688745e+03,5.7833424380e+03,7.6209910587e+05,4.6645940440e-02,-1.3513134576e+27,-7.9768350778e+26,-5.4132870740e+26,-4.0270390902e+22,-4.8950133852e+22,-1.2824446212e+23,4.5097206558e+08
1.1440000000e+03,4.2209833195e+03,5.7832252180e+03,7.6347913434e+05,4.6648995061e-02,-1.3513134576e+27,-7.9914214435e+26,-5.4220797379e+26,-4.0271207140e+22,-4.9032957752e+22,-1.2845536993e+23,4.5097206559e+08
1.1450000000e+03,4.2208978388e+03,5.7831080998e+03,7.6485555570e+05,4.6652053011e-02,-1.3513134575e+27,-8.0059704462e+26,-5.4308450025e+26,-4.0272022702e+22,-4.9115532718e+22,-1.2866563489e+23,4.5097206560e+08
1.1460000000e+03,4.2208124321e+03,5.7829910829e+03,7.6622839430e+05,4.6655114280e-02,-1.3513134576e+27,-8.0204823388e+26,-5.4395830561e+26,-4.0272837595e+22,-4.9197860396e+22,-1.2887526142e+23,4.5097206559e+08
1.1470000000e+03,4.2207270990e+03,5.7828741668e+03,7.6759767452e+05,4.6658178856e-02,-1.3513134576e+27,-8.0349573741e+26,-5.4482940871e+26,-4.0273651815e+22,-4.9279942434e+22,-1.2908425395e+23,4.5097206560e+08
1.1480000000e+03,4.2206418391e+03,5.7827573512e+03,7.6896342083e+05,4.6661246730e-02,-1.3513134576e+27,-8.0493958067e+26,-5.4569782836e+26,-4.0274465372e+22,-4.9361780483e+22,-1.2929261690e+23,4.5097206558e+08
1.1490000000e+03,4.2205566522e+03,5.7826406355e+03,7.7032565679e+05,4.6664317890e-02,-1.3513134576e+27,-8.0637978807e+26,-5.4656358281e+26,-4.0275278262e+22,-4.9443376137e+22,-1.2950035454e+23,4.5097206559e+08
1.1500000000e+03,4.2204715380e+03,5.7825240194e+03,7.7168440632e+05,4.6667392326e-02,-1.3513134576e+27,-8.0781638448e+26,-5.4742669044e+26,-4.0276090496e+22,-4.9524731010e+22,-1.2970747119e+23,4.5097206558e+08
1.1510000000e+03,4.2203864961e+03,5.7824075023e+03,7.7303969247e+05,4.6670470029e-02,-1.3513134576e+27,-8.0924939382e+26,-5.4828716913e+26,-4.0276902068e+22,-4.9605846662e+22,-1.2991397106e+23,4.5097206559e+08
1.1520000000e+03,4.2203015262e+03,5.7822910839e+03,7.7439153866e+05,4.6673550987e-02,-1.3513134575e+27,-8.1067884040e+26,-5.4914503686e+26,-4.0277712986e+22,-4.9686724673e+22,-1.3011985837e+23,4.5097206560e+08
1.1530000000e+03,4.2202166280e+03,5.7821747637e+03,7.7573996744e+05,4.6676635191e-02,-1.3513134576e+27,-8.1210474764e+26,-5.5000031108e+26,-4.0278523256e+22,-4.9767366571e+22,-1.3032513721e+23,4.5097206559e+08
1.1540000000e+03,4.2201318011e+03,5.7820585413e+03,7.7708500145e+05,4.6679722630e-02,-1.3513134575e+27,-8.1352713904e+26,-5.5085300928e+26,-4.0279332874e+22,-4.9847773883e+22,-1.3052981168e+23,4.5097206560e+08
1.1550000000e+03,4.2200470453e+03,5.7819424163e+03,7.7842666331e+05,4.6682813294e-02,-1.3513134576e+27,-8.1494603810e+26,-5.5170314884e+26,-4.0280141849e+22,-4.9927948138e+22,-1.3073388588e+23,4.5097206559e+08
1.1560000000e+03,4.2199623603e+03,5.7818263882e+03,7.7976497492e+05,4.6685907175e-02,-1.3513134576e+27,-8.1636146753e+26,-5.5255074673e+26,-4.0280950178e+22,-5.0007890818e+22,-1.3093736379e+23,4.5097206560e+08
1.1570000000e+03,4.2198777457e+03,5.7817104566e+03,7.8109995841e+05,4.6689004261e-02,-1.3513134576e+27,-8.1777345033e+26,-5.5339581996e+26,-4.0281757871e+22,-5.0087603417e+22,-1.3114024939e+23,4.5097206558e+08
1.1580000000e+03,4.2197932013e+03,5.7815946212e+03,7.8243163522e+05,4.6692104543e-02,-1.3513134576e+27,-8.1918200874e+26,-5.5423838514e+26,-4.0282564922e+22,-5.0167087385e+22,-1.3134254659e+23,4.5097206560e+08
1.1590000000e+03,4.2197087267e+03,5.7814788815e+03,7.8376002701e+05,4.6695208012e-02,-1.3513134576e+27,-8.2058716527e+26,-5.5507845891e+26,-4.0283371343e+22,-5.0246344187e+22,-1.3154425930e+23,4.5097206558e+08
1.1600000000e+03,4.2196243217e+03,5.7813632370e+03,7.8508515480e+05,4.6698314657e-02,-1.3513134576e+27,-8.2198894172e+26,-5.5591605756e+26,-4.0284177129e+22,-5.0325375243e+22,-1.3174539134e+23,4.5097206560e+08
1.1610000000e+03,4.2195399859e+03,5.7812476874e+03,7.8640703979e+05,4.6701424470e-02,-1.3513134576e+27,-8.2338736011e+26,-5.5675119736e+26,-4.0284982289e+22,-5.0404181987e+22,-1.3194594653e+23,4.5097206558e+08
1.1620000000e+03,4.2194557191e+03,5.7811322324e+03,7.8772570255e+05,4.6704537441e-02,-1.3513134576e+27,-8.2478244179e+26,-5.5758389428e+26,-4.0285786819e+22,-5.0482765810e+22,-1.3214592862e+23,4.5097206559e+08
1.1630000000e+03,4.2193715209e+03,5.7810168714e+03,7.8904116384e+05,4.6707653561e-02,-1.3513134576e+27,-8.2617420832e+26,-5.5841416425e+26,-4.0286590729e+22,-5.0561128114e+22,-1.3234534136e+23,4.5097206558e+08
1.1640000000e+03,4.2192873912e+03,5.7809016041e+03,7.9035344385e+05,4.6710772820e-02,-1.3513134576e+27,-8.2756268065e+26,-5.5924202292e+26,-4.0287394015e+22,-5.0639270267e+22,-1.3254418841e+23,4.5097206559e+08
1.1650000000e+03,4.2192033295e+03,5.7807864301e+03,7.9166256287e+05,4.6713895210e-02,-1.3513134576e+27,-8.2894787985e+26,-5.6006748587e+26,-4.0288196686e+22,-5.0717193640e+22,-1.3274247343e+23,4.5097206558e+08
1.1660000000e+03,4.2191193357e+03,5.7806713490e+03,7.9296854070e+05,4.6717020720e-02,-1.3513134576e+27,-8.3032982647e+26,-5.6089056846e+26,-4.0288998738e+22,-5.0794899571e+22,-1.3294020004e+23,4.5097206559e+08
1.1670000000e+03,4.2190354094e+03,5.7805563605e+03,7.9427139722e+05,4.6720149343e-02,-1.3513134576e+27,-8.3170854115e+26,-5.6171128594e+26,-4.0289800181e+22,-5.0872389406e+22,-1.3313737180e+23,4.5097206558e+08
1.1680000000e+03,4.2189515503e+03,5.7804414640e+03,7.9557115183e+05,4.6723281069e-02,-1.3513134576e+27,-8.3308404403e+26,-5.6252965336e+26,-4.0290601009e+22,-5.0949664456e+22,-1.3333399226e+23,4.5097206559e+08
1.1690000000e+03,4.2188677582e+03,5.7803266594e+03,7.9686782400e+05,4.6726415890e-02,-1.3513134576e+27,-8.3445635532e+26,-5.6334568566e+26,-4.0291401234e+22,-5.1026726039e+22,-1.3353006492e+23,4.5097206558e+08
1.1700000000e+03,4.2187840328e+03,5.7802119461e+03,7.9816143276e+05,4.6729553796e-02,-1.3513134576e+27,-8.3582549477e+26,-5.6415939760e+26,-4.0292200849e+22,-5.1103575441e+22,-1.3372559325e+23,4.5097206559e+08
1.1710000000e+03,4.2187003739e+03,5.7800973239e+03,7.9945199717e+05,4.6732694778e-02,-1.3513134576e+27,-8.3719148217e+26,-5.6497080381e+26,-4.0292999866e+22,-5.1180213953e+22,-1.3392058069e+23,4.5097206558e+08
1.1720000000e+03,4.2186167811e+03,5.7799827923e+03,8.0073953590e+05,4.6735838829e-02,-1.3513134576e+27,-8.3855433690e+26,-5.6577991876e+26,-4.0293798278e+22,-5.1256642836e+22,-1.3411503062e+23,4.5097206560e+08
1.1730000000e+03,4.2185332542e+03,5.7798683510e+03,8.0202406762e+05,4.6738985940e-02,-1.3513134576e+27,-8.3991407835e+26,-5.6658675680e+26,-4.0294596097e+22,-5.1332863355e+22,-1.3430894642e+23,4.5097206558e+08
1.1740000000e+03,4.2184497929e+03,5.7797539995e+03,8.0330561064e+05,4.6742136101e-02,-1.3513134576e+27,-8.4127072551e+26,-5.6739133210e+26,-4.0295393316e+22,-5.1408876748e+22,-1.3450233142e+23,4.5097206560e+08
1.1750000000e+03,4.2183663969e+03,5.7796397376e+03,8.0458418325e+05,4.6745289305e-02,-1.3513134576e+27,-8.4262429738e+26,-5.6819365872e+26,-4.0296189947e+22,-5.1484684253e+22,-1.3469518891e+23,4.5097206558e+08
1.1760000000e+03,4.2182830661e+03,5.7795255649e+03,8.0585980343e+05,4.6748445544e-02,-1.3513134576e+27,-8.4397481260e+26,-5.6899375059e+26,-4.0296985984e+22,-5.1560287085e+22,-1.3488752217e+23,4.5097206560e+08
1.1770000000e+03,4.2181998001e+03,5.7794114811e+03,8.0713248908e+05,4.6751604808e-02,-1.3513134576e+27,-8.4532228979e+26,-5.6979162146e+26,-4.0297781436e+22,-5.1635686457e+22,-1.3507933442e+23,4.5097206559e+08
1.1780000000e+03,4.2181165986e+03,5.7792974857e+03,8.0840225785e+05,4.6754767090e-02,-1.3513134575e+27,-8.4666674723e+26,-5.7058728499e+26,-4.0298576299e+22,-5.1710883562e+22,-1.3527062888e+23,4.5097206560e+08
1.1790000000e+03,4.2180334615e+03,5.7791835784e+03,8.0966912729e+05,4.6757932381e-02,-1.3513134576e+27,-8.4800820317e+26,-5.7138075468e+26,-4.0299370583e+22,-5.1785879589e+22,-1.3546140871e+23,4.5097206559e+08
1.1800000000e+03,4.2179503884e+03,5.7790697589e+03,8.1093311471e+05,4.6761100674e-02,-1.3513134575e+27,-8.4934667555e+26,-5.7217204393e+26,-4.0300164282e+22,-5.1860675709e+22,-1.3565167706e+23,4.5097206560e+08
1.1810000000e+03,4.2178673792e+03,5.7789560268e+03,8.1219423732e+05,4.6764271959e-02,-1.3513134576e+27,-8.5068218225e+26,-5.7296116595e+26,-4.0300957406e+22,-5.1935273087e+22,-1.3584143702e+23,4.5097206559e+08
1.1820000000e+03,4.2177844335e+03,5.7788423818e+03,8.1345251211e+05,4.6767446230e-02,-1.3513134575e+27,-8.5201474090e+26,-5.7374813392e+26,-4.0301749951e+22,-5.2009672872e+22,-1.3603069170e+23,4.5097206561e+08
1.1830000000e+03,4.2177015511e+03,5.7787288235e+03,8.1470795594e+05,4.6770623479e-02,-1.3513134576e+27,-8.5334436899e+26,-5.7453296078e+26,-4.0302541926e+22,-5.2083876206e+22,-1.3621944413e+23,4.5097206559e+08
1.1840000000e+03,4.2176187317e+03,5.7786153516e+03,8.1596058549e+05,4.6773803696e-02,-1.3513134576e+27,-8.5467108386e+26,-5.7531565942e+26,-4.0303333329e+22,-5.2157884219e+22,-1.3640769733e+23,4.5097206558e+08
1.1850000000e+03,4.2175359752e+03,5.7785019658e+03,8.1721041743e+05,4.6776986876e-02,-1.3513134576e+27,-8.5599490280e+26,-5.7609624271e+26,-4.0304124159e+22,-5.2231698036e+22,-1.3659545434e+23,4.5097206560e+08
1.1860000000e+03,4.2174532812e+03,5.7783886657e+03,8.1845746800e+05,4.6780173009e-02,-1.3513134576e+27,-8.5731584265e+26,-5.7687472315e+26,-4.0304914426e+22,-5.2305318760e+22,-1.3678271807e+23,4.5097206559e+08
1.1870000000e+03,4.2173706496e+03,5.7782754510e+03,8.1970175342e+05,4.6783362088e-02,-1.3513134575e+27,-8.5863392026e+26,-5.7765111328e+26,-4.0305704125e+22,-5.2378747487e+22,-1.3696949149e+23,4.5097206560e+08
1.1880000000e+03,4.2172880800e+03,5.7781623214e+03,8.2094328974e+05,4.6786554106e-02,-1.3513134576e+27,-8.5994915230e+26,-5.7842542546e+26,-4.0306493265e+22,-5.2451985306e+22,-1.3715577748e+23,4.5097206559e+08
1.1890000000e+03,4.2172055723e+03,5.7780492765e+03,8.2218209292e+05,4.6789749055e-02,-1.3513134575e+27,-8.6126155530e+26,-5.7919767202e+26,-4.0307281841e+22,-5.2525033296e+22,-1.3734157894e+23,4.5097206561e+08
1.1900000000e+03,4.2171231262e+03,5.7779363160e+03,8.2341817867e+05,4.6792946927e-02,-1.3513134576e+27,-8.6257114560e+26,-5.7996786506e+26,-4.0308069862e+22,-5.2597892521e+22,-1.3752689872e+23,4.5097206559e+08
1.1910000000e+03,4.2170407415e+03,5.7778234396e+03,8.2465156268e+05,4.6796147715e-02,-1.3513134576e+27,-8.6387793946e+26,-5.8073601666e+26,-4.0308857328e+22,-5.2670564043e+22,-1.3771173964e+23,4.5097206558e+08
1.1920000000e+03,4.2169584179e+03,5.7777106470e+03,8.2588226051e+05,4.6799351412e-02,-1.3513134576e+27,-8.6518195305e+26,-5.8150213887e+26,-4.0309644237e+22,-5.2743048917e+22,-1.3789610455e+23,4.5097206560e+08
1.1930000000e+03,4.2168761553e+03,5.7775979378e+03,8.2711028735e+05,4.6802558010e-02,-1.3513134576e+27,-8.6648320213e+26,-5.8226624335e+26,-4.0310430597e+22,-5.2815348170e+22,-1.3807999617e+23,4.5097206559e+08
1.1940000000e+03,4.2167939533e+03,5.7774853117e+03,8.2833565846e+05,4.6805767501e-02,-1.3513134575e+27,-8.6778170252e+26,-5.8302834192e+26,-4.0311216405e+22,-5.2887462835e+22,-1.3826341727e+23,4.5097206560e+08
1.1950000000e+03,4.2167118117e+03,5.7773727685e+03,8.2955838881e+05,4.6808979880e-02,-1.3513134576e+27,-8.6907746977e+26,-5.8378844609e+26,-4.0312001669e+22,-5.2959393929e+22,-1.3844637058e+23,4.5097206559e+08
1.1960000000e+03,4.2166297304e+03,5.7772603078e+03,8.3077849340e+05,4.6812195138e-02,-1.3513134576e+27,-8.7037051945e+26,-5.8454656744e+26,-4.0312786388e+22,-5.3031142466e+22,-1.3862885878e+23,4.5097206558e+08
1.1970000000e+03,4.2165477091e+03,5.7771479293e+03,8.3199598710e+05,4.6815413268e-02,-1.3513134576e+27,-8.7166086699e+26,-5.8530271745e+26,-4.0313570560e+22,-5.3102709453e+22,-1.3881088460e+23,4.5097206560e+08
1.1980000000e+03,4.2164657475e+03,5.7770356327e+03,8.3321088438e+05,4.6818634263e-02,-1.3513134576e+27,-8.7294852741e+26,-5.8605690725e+26,-4.0314354195e+22,-5.3174095871e+22,-1.3899245063e+23,4.5097206559e+08
1.1990000000e+03,4.2163838455e+03,5.7769234177e+03,8.3442319985e+05,4.6821858117e-02,-1.3513134575e+27,-8.7423351587e+26,-5.8680914814e+26,-4.0315137287e+22,-5.3245302709e+22,-1.3917355953e+23,4.5097206560e+08
1.2000000000e+03,4.2163020028e+03,5.7768112839e+03,8.3563294780e+05,4.6825084822e-02,-1.3513134576e+27,-8.7551584719e+26,-5.8755945111e+26,-4.0315919846e+22,-5.3316330936e+22,-1.3935421388e+23,4.5097206559e+08
1.2010000000e+03,4.2162202193e+03,5.7766992312e+03,8.3684014259e+05,4.6828314371e-02,-1.3513134576e+27,-8.7679553629e+26,-5.8830782724e+26,-4.0316701870e+22,-5.3387181524e+22,-1.3953441629e+23,4.5097206558e+08
1.2020000000e+03,4.2161384946e+03,5.7765872591e+03,8.3804479841e+05,4.6831546758e-02,-1.3513134576e+27,-8.7807259789e+26,-5.8905428749e+26,-4.0317483357e+22,-5.3457855434e+22,-1.3971416931e+23,4.5097206560e+08
1.2030000000e+03,4.2160568286e+03,5.7764753675e+03,8.3924692908e+05,4.6834781975e-02,-1.3513134576e+27,-8.7934704633e+26,-5.8979884249e+26,-4.0318264318e+22,-5.3528353604e+22,-1.3989347546e+23,4.5097206559e+08
1.2040000000e+03,4.2159752211e+03,5.7763635559e+03,8.4044654861e+05,4.6838020016e-02,-1.3513134575e+27,-8.8061889614e+26,-5.9054150307e+26,-4.0319044746e+22,-5.3598676982e+22,-1.4007233727e+23,4.5097206561e+08
1.2050000000e+03,4.2158936718e+03,5.7762518241e+03,8.4164367061e+05,4.6841260874e-02,-1.3513134576e+27,-8.8188816146e+26,-5.9128227971e+26,-4.0319824650e+22,-5.3668826492e+22,-1.4025075719e+23,4.5097206560e+08
1.2060000000e+03,4.2158121805e+03,5.7761401718e+03,8.4283830886e+05,4.6844504543e-02,-1.3513134576e+27,-8.8315485658e+26,-5.9202118302e+26,-4.0320604030e+22,-5.3738803065e+22,-1.4042873773e+23,4.5097206559e+08
1.2070000000e+03,4.2157307471e+03,5.7760285988e+03,8.4403047692e+05,4.6847751015e-02,-1.3513134575e+27,-8.8441899559e+26,-5.9275822349e+26,-4.0321382883e+22,-5.3808607622e+22,-1.4060628134e+23,4.5097206560e+08
1.2080000000e+03,4.2156493712e+03,5.7759171047e+03,8.4522018799e+05,4.6851000284e-02,-1.3513134576e+27,-8.8568059216e+26,-5.9349341127e+26,-4.0322161219e+22,-5.3878241057e+22,-1.4078339041e+23,4.5097206559e+08
1.2090000000e+03,4.2155680528e+03,5.7758056893e+03,8.4640745550e+05,4.6854252345e-02,-1.3513134576e+27,-8.8693966025e+26,-5.9422675671e+26,-4.0322939036e+22,-5.3947704281e+22,-1.4096006737e+23,4.5097206558e+08
1.2100000000e+03,4.2154867916e+03,5.7756943522e+03,8.4759229267e+05,4.6857507189e-02,-1.3513134575e+27,-8.8819621356e+26,-5.9495827002e+26,-4.0323716332e+22,-5.4016998187e+22,-1.4113631460e+23,4.5097206560e+08
1.2110000000e+03,4.2154055874e+03,5.7755830932e+03,8.4877471231e+05,4.6860764811e-02,-1.3513134576e+27,-8.8945026540e+26,-5.9568796108e+26,-4.0324493117e+22,-5.4086123647e+22,-1.4131213444e+23,4.5097206559e+08
1.2120000000e+03,4.2153244400e+03,5.7754719121e+03,8.4995472756e+05,4.6864025205e-02,-1.3513134576e+27,-8.9070182938e+26,-5.9641583999e+26,-4.0325269388e+22,-5.4155081550e+22,-1.4148752925e+23,4.5097206558e+08
1.2130000000e+03,4.2152433491e+03,5.7753608085e+03,8.5113235125e+05,4.6867288363e-02,-1.3513134576e+27,-8.9195091886e+26,-5.9714191668e+26,-4.0326045144e+22,-5.4223872766e+22,-1.4166250136e+23,4.5097206560e+08
1.2140000000e+03,4.2151623147e+03,5.7752497821e+03,8.5230759590e+05,4.6870554280e-02,-1.3513134576e+27,-8.9319754678e+26,-5.9786620077e+26,-4.0326820394e+22,-5.4292498144e+22,-1.4183705303e+23,4.5097206559e+08
1.2150000000e+03,4.2150813364e+03,5.7751388327e+03,8.5348047429e+05,4.6873822950e-02,-1.3513134575e+27,-8.9444172643e+26,-5.9858870215e+26,-4.0327595132e+22,-5.4360958550e+22,-1.4201118659e+23,4.5097206561e+08
1.2160000000e+03,4.2150004142e+03,5.7750279600e+03,8.5465099873e+05,4.6877094366e-02,-1.3513134576e+27,-8.9568347058e+26,-5.9930943028e+26,-4.0328369368e+22,-5.4429254820e+22,-1.4218490425e+23,4.5097206560e+08
1.2170000000e+03,4.2149195477e+03,5.7749171638e+03,8.5581918182e+05,4.6880368522e-02,-1.3513134576e+27,-8.9692279229e+26,-6.0002839487e+26,-4.0329143100e+22,-5.4497387806e+22,-1.4235820828e+23,4.5097206559e+08
1.2180000000e+03,4.2148387368e+03,5.7748064438e+03,8.5698503585e+05,4.6883645412e-02,-1.3513134575e+27,-8.9815970434e+26,-6.0074560540e+26,-4.0329916326e+22,-5.4565358342e+22,-1.4253110093e+23,4.5097206561e+08
1.2190000000e+03,4.2147579814e+03,5.7746957996e+03,8.5814857278e+05,4.6886925029e-02,-1.3513134576e+27,-8.9939421911e+26,-6.0146107110e+26,-4.0330689055e+22,-5.4633167241e+22,-1.4270358435e+23,4.5097206560e+08
1.2200000000e+03,4.2146772811e+03,5.7745852311e+03,8.5930980491e+05,4.6890207369e-02,-1.3513134576e+27,-9.0062634938e+26,-6.0217480143e+26,-4.0331461286e+22,-5.4700815335e+22,-1.4287566076e+23,4.5097206559e+08
1.2210000000e+03,4.2145966359e+03,5.7744747380e+03,8.6046874421e+05,4.6893492424e-02,-1.3513134575e+27,-9.0185610759e+26,-6.0288680565e+26,-4.0332233016e+22,-5.4768303436e+22,-1.4304733234e+23,4.5097206561e+08
1.2220000000e+03,4.2145160454e+03,5.7743643200e+03,8.6162540235e+05,4.6896780189e-02,-1.3513134576e+27,-9.0308350580e+26,-6.0359709272e+26,-4.0333004254e+22,-5.4835632336e+22,-1.4321860119e+23,4.5097206560e+08
1.2230000000e+03,4.2144355097e+03,5.7742539769e+03,8.6277979133e+05,4.6900070658e-02,-1.3513134576e+27,-9.0430855650e+26,-6.0430567189e+26,-4.0333774999e+22,-5.4902802848e+22,-1.4338946948e+23,4.5097206559e+08
1.2240000000e+03,4.2143550284e+03,5.7741437084e+03,8.6393192283e+05,4.6903363825e-02,-1.3513134575e+27,-9.0553127179e+26,-6.0501255218e+26,-4.0334545248e+22,-5.4969815764e+22,-1.4355993933e+23,4.5097206561e+08
1.2250000000e+03,4.2142746013e+03,5.7740335142e+03,8.6508180818e+05,4.6906659684e-02,-1.3513134576e+27,-9.0675166344e+26,-6.0571774234e+26,-4.0335315012e+22,-5.5036671856e+22,-1.4373001279e+23,4.5097206560e+08
1.2260000000e+03,4.2141942283e+03,5.7739233941e+03,8.6622945915e+05,4.6909958230e-02,-1.3513134576e+27,-9.0796974365e+26,-6.0642125138e+26,-4.0336084287e+22,-5.5103371917e+22,-1.4389969198e+23,4.5097206559e+08
1.2270000000e+03,4.2141139092e+03,5.7738133479e+03,8.6737488709e+05,4.6913259456e-02,-1.3513134576e+27,-9.0918552421e+26,-6.0712308809e+26,-4.0336853075e+22,-5.5169916720e+22,-1.4406897895e+23,4.5097206558e+08
1.2280000000e+03,4.2140336439e+03,5.7737033752e+03,8.6851810331e+05,4.6916563357e-02,-1.3513134576e+27,-9.1039901685e+26,-6.0782326118e+26,-4.0337621375e+22,-5.5236307031e+22,-1.4423787576e+23,4.5097206560e+08
1.2290000000e+03,4.2139534320e+03,5.7735934759e+03,8.6965911878e+05,4.6919869927e-02,-1.3513134576e+27,-9.1161023294e+26,-6.0852177912e+26,-4.0338389196e+22,-5.5302543597e+22,-1.4440638439e+23,4.5097206559e+08
1.2300000000e+03,4.2138732735e+03,5.7734836497e+03,8.7079794487e+05,4.6923179161e-02,-1.3513134576e+27,-9.1281918429e+26,-6.0921865064e+26,-4.0339156535e+22,-5.5368627186e+22,-1.4457450689e+23,4.5097206558e+08
1.2310000000e+03,4.2137931682e+03,5.7733738963e+03,8.7193459259e+05,4.6926491053e-02,-1.3513134575e+27,-9.1402588232e+26,-6.0991388425e+26,-4.0339923390e+22,-5.5434558546e+22,-1.4474224527e+23,4.5097206560e+08
1.2320000000e+03,4.2137131159e+03,5.7732642156e+03,8.7306907263e+05,4.6929805597e-02,-1.3513134576e+27,-9.1523033811e+26,-6.1060748818e+26,-4.0340689771e+22,-5.5500338404e+22,-1.4490960144e+23,4.5097206559e+08
1.2330000000e+03,4.2136331163e+03,5.7731546071e+03,8.7420139611e+05,4.6933122789e-02,-1.3513134576e+27,-9.1643256322e+26,-6.1129947099e+26,-4.0341455676e+22,-5.5565967513e+22,-1.4507657741e+23,4.5097206558e+08
1.2340000000e+03,4.2135531694e+03,5.7730450708e+03,8.7533157377e+05,4.6936442621e-02,-1.3513134575e+27,-9.1763256876e+26,-6.1198984097e+26,-4.0342221102e+22,-5.5631446601e+22,-1.4524317514e+23,4.5097206560e+08
1.2350000000e+03,4.2134732750e+03,5.7729356064e+03,8.7645961601e+05,4.6939765090e-02,-1.3513134576e+27,-9.1883036556e+26,-6.1267860614e+26,-4.0342986058e+22,-5.5696776377e+22,-1.4540939651e+23,4.5097206560e+08
1.2360000000e+03,4.2133934328e+03,5.7728262136e+03,8.7758553373e+05,4.6943090189e-02,-1.3513134576e+27,-9.2002596490e+26,-6.1336577486e+26,-4.0343750543e+22,-5.5761957577e+22,-1.4557524348e+23,4.5097206559e+08
1.2370000000e+03,4.2133136428e+03,5.7727168922e+03,8.7870933739e+05,4.6946417914e-02,-1.3513134575e+27,-9.2121937764e+26,-6.1405135524e+26,-4.0344514554e+22,-5.5826990912e+22,-1.4574071795e+23,4.5097206561e+08
1.2380000000e+03,4.2132339047e+03,5.7726076420e+03,8.7983103715e+05,4.6949748258e-02,-1.3513134576e+27,-9.2241061431e+26,-6.1473535508e+26,-4.0345278101e+22,-5.5891877074e+22,-1.4590582175e+23,4.5097206560e+08
1.2390000000e+03,4.2131542184e+03,5.7724984627e+03,8.8095064365e+05,4.6953081217e-02,-1.3513134576e+27,-9.2359968597e+26,-6.1541778256e+26,-4.0346041180e+22,-5.5956616782e+22,-1.4607055680e+23,4.5097206559e+08
1.2400000000e+03,4.2130745836e+03,5.7723893541e+03,8.8206816710e+05,4.6956416785e-02,-1.3513134576e+27,-9.2478660320e+26,-6.1609864556e+26,-4.0346803795e+22,-5.6021210729e+22,-1.4623492495e+23,4.5097206558e+08
1.2410000000e+03,4.2129950003e+03,5.7722803159e+03,8.8318361767e+05,4.6959754957e-02,-1.3513134575e+27,-9.2597137657e+26,-6.1677795193e+26,-4.0347565941e+22,-5.6085659607e+22,-1.4639892805e+23,4.5097206560e+08
1.2420000000e+03,4.2129154683e+03,5.7721713480e+03,8.8429700520e+05,4.6963095727e-02,-1.3513134576e+27,-9.2715401625e+26,-6.1745570926e+26,-4.0348327630e+22,-5.6149964085e+22,-1.4656256787e+23,4.5097206560e+08
1.2430000000e+03,4.2128359873e+03,5.7720624501e+03,8.8540834002e+05,4.6966439092e-02,-1.3513134576e+27,-9.2833453299e+26,-6.1813192546e+26,-4.0349088858e+22,-5.6214124861e+22,-1.4672584628e+23,4.5097206559e+08
1.2440000000e+03,4.2127565573e+03,5.7719536219e+03,8.8651763202e+05,4.6969785045e-02,-1.3513134576e+27,-9.2951293703e+26,-6.1880660816e+26,-4.0349849627e+22,-5.6278142608e+22,-1.4688876505e+23,4.5097206558e+08
1.2450000000e+03,4.2126771780e+03,5.7718448633e+03,8.8762489104e+05,4.6973133581e-02,-1.3513134575e+27,-9.3068923860e+26,-6.1947976499e+26,-4.0350609934e+22,-5.6342017993e+22,-1.4705132599e+23,4.5097206560e+08
1.2460000000e+03,4.2125978493e+03,5.7717361741e+03,8.8873012660e+05,4.6976484696e-02,-1.3513134576e+27,-9.3186344755e+26,-6.2015140325e+26,-4.0351369789e+22,-5.6405751667e+22,-1.4721353080e+23,4.5097206559e+08
1.2470000000e+03,4.2125185711e+03,5.7716275539e+03,8.8983334876e+05,4.6979838384e-02,-1.3513134576e+27,-9.3303557432e+26,-6.2082153067e+26,-4.0352129190e+22,-5.6469344307e+22,-1.4737538131e+23,4.5097206559e+08
1.2480000000e+03,4.2124393431e+03,5.7715190026e+03,8.9093456706e+05,4.6983194640e-02,-1.3513134575e+27,-9.3420562884e+26,-6.2149015464e+26,-4.0352888134e+22,-5.6532796564e+22,-1.4753687923e+23,4.5097206561e+08
1.2490000000e+03,4.2123601653e+03,5.7714105200e+03,8.9203379080e+05,4.6986553460e-02,-1.3513134576e+27,-9.3537362071e+26,-6.2215728231e+26,-4.0353646630e+22,-5.6596109070e+22,-1.4769802626e+23,4.5097206560e+08
1.2500000000e+03,4.2122810374e+03,5.7713021058e+03,8.9313102982e+05,4.6989914838e-02,-1.3513134576e+27,-9.3653956017e+26,-6.2282292122e+26,-4.0354404676e+22,-5.6659282491e+22,-1.4785882416e+23,4.5097206559e+08
1.2510000000e+03,4.2122019592e+03,5.7711937598e+03,8.9422629344e+05,4.6993278769e-02,-1.3513134576e+27,-9.3770345689e+26,-6.2348707857e+26,-4.0355162274e+22,-5.6722317461e+22,-1.4801927462e+23,4.5097206558e+08
1.2520000000e+03,4.2121229308e+03,5.7710854819e+03,8.9531959101e+05,4.6996645249e-02,-1.3513134575e+27,-9.3886532055e+26,-6.2414976159e+26,-4.0355919421e+22,-5.6785214614e+22,-1.4817937934e+23,4.5097206561e+08
1.2530000000e+03,4.2120439518e+03,5.7709772717e+03,8.9641093151e+05,4.7000014273e-02,-1.3513134576e+27,-9.4002516046e+26,-6.2481097719e+26,-4.0356676126e+22,-5.6847974564e+22,-1.4833913994e+23,4.5097206560e+08
1.2540000000e+03,4.2119650221e+03,5.7708691291e+03,8.9750032452e+05,4.7003385836e-02,-1.3513134576e+27,-9.4118298658e+26,-6.2547073270e+26,-4.0357432386e+22,-5.6910597956e+22,-1.4849855814e+23,4.5097206559e+08
1.2550000000e+03,4.2118861416e+03,5.7707610539e+03,8.9858777907e+05,4.7006759933e-02,-1.3513134576e+27,-9.4233880828e+26,-6.2612903509e+26,-4.0358188204e+22,-5.6973085406e+22,-1.4865763557e+23,4.5097206558e+08
1.2560000000e+03,4.2118073101e+03,5.7706530458e+03,8.9967330422e+05,4.7010136559e-02,-1.3513134575e+27,-9.4349263494e+26,-6.2678589138e+26,-4.0358943577e+22,-5.7035437529e+22,-1.4881637388e+23,4.5097206561e+08
1.2570000000e+03,4.2117285274e+03,5.7705451046e+03,9.0075690868e+05,4.7013515710e-02,-1.3513134576e+27,-9.4464447560e+26,-6.2744130827e+26,-4.0359698514e+22,-5.7097654919e+22,-1.4897477465e+23,4.5097206560e+08
1.2580000000e+03,4.2116497935e+03,5.7704372302e+03,9.0183860176e+05,4.7016897381e-02,-1.3513134576e+27,-9.4579433992e+26,-6.2809529288e+26,-4.0360453012e+22,-5.7159738205e+22,-1.4913283955e+23,4.5097206559e+08
1.2590000000e+03,4.2115711081e+03,5.7703294223e+03,9.0291839222e+05,4.7020281568e-02,-1.3513134576e+27,-9.4694223698e+26,-6.2874785196e+26,-4.0361207073e+22,-5.7221687984e+22,-1.4929057015e+23,4.5097206558e+08
1.2600000000e+03,4.2114924711e+03,5.7702216807e+03,9.0399628884e+05,4.7023668265e-02,-1.3513134575e+27,-9.4808817591e+26,-6.2939899233e+26,-4.0361960695e+22,-5.7283504851e+22,-1.4944796807e+23,4.5097206561e+08
1.2610000000e+03,4.2114138824e+03,5.7701140052e+03,9.0507230007e+05,4.7027057468e-02,-1.3513134576e+27,-9.4923216543e+26,-6.3004872047e+26,-4.0362713886e+22,-5.7345189383e+22,-1.4960503481e+23,4.5097206560e+08
1.2620000000e+03,4.2113353417e+03,5.7700063957e+03,9.0614643496e+05,4.7030449173e-02,-1.3513134576e+27,-9.5037421498e+26,-6.3069704331e+26,-4.0363466644e+22,-5.7406742192e+22,-1.4976177201e+23,4.5097206559e+08
1.2630000000e+03,4.2112568490e+03,5.7698988518e+03,9.0721870201e+05,4.7033843375e-02,-1.3513134576e+27,-9.5151433334e+26,-6.3134396741e+26,-4.0364218970e+22,-5.7468163856e+22,-1.4991818121e+23,4.5097206559e+08
1.2640000000e+03,4.2111784042e+03,5.7697913734e+03,9.0828910974e+05,4.7037240069e-02,-1.3513134575e+27,-9.5265252937e+26,-6.3198949937e+26,-4.0364970863e+22,-5.7529454955e+22,-1.5007426395e+23,4.5097206561e+08
1.2650000000e+03,4.2111000069e+03,5.7696839604e+03,9.0935766634e+05,4.7040639252e-02,-1.3513134575e+27,-9.5378881153e+26,-6.3263364547e+26,-4.0365722331e+22,-5.7590616047e+22,-1.5023002171e+23,4.5097206560e+08
1.2660000000e+03,4.2110216572e+03,5.7695766124e+03,9.1042438062e+05,4.7044040918e-02,-1.3513134576e+27,-9.5492318900e+26,-6.3327641247e+26,-4.0366473371e+22,-5.7651647727e+22,-1.5038545608e+23,4.5097206560e+08
1.2670000000e+03,4.2109433549e+03,5.7694693293e+03,9.1148926081e+05,4.7047445063e-02,-1.3513134576e+27,-9.5605567031e+26,-6.3391780672e+26,-4.0367223985e+22,-5.7712550556e+22,-1.5054056854e+23,4.5097206559e+08
1.2680000000e+03,4.2108650998e+03,5.7693621109e+03,9.1255231521e+05,4.7050851682e-02,-1.3513134576e+27,-9.5718626405e+26,-6.3455783459e+26,-4.0367974174e+22,-5.7773325098e+22,-1.5069536059e+23,4.5097206558e+08
1.2690000000e+03,4.2107868917e+03,5.7692549571e+03,9.1361355203e+05,4.7054260773e-02,-1.3513134575e+27,-9.5831497875e+26,-6.3519650245e+26,-4.0368723936e+22,-5.7833971910e+22,-1.5084983372e+23,4.5097206561e+08
1.2700000000e+03,4.2107087306e+03,5.7691478675e+03,9.1467297914e+05,4.7057672329e-02,-1.3513134576e+27,-9.5944182255e+26,-6.3583381636e+26,-4.0369473279e+22,-5.7894491532e+22,-1.5100398936e+23,4.5097206560e+08
1.2710000000e+03,4.2106306163e+03,5.7690408421e+03,9.1573060509e+05,4.7061086346e-02,-1.3513134576e+27,-9.6056680434e+26,-6.3646978283e+26,-4.0370222202e+22,-5.7954884539e+22,-1.5115782903e+23,4.5097206559e+08
1.2720000000e+03,4.2105525487e+03,5.7689338805e+03,9.1678643778e+05,4.7064502822e-02,-1.3513134576e+27,-9.6168993232e+26,-6.3710440797e+26,-4.0370970705e+22,-5.8015151470e+22,-1.5131135418e+23,4.5097206559e+08
1.2730000000e+03,4.2104745275e+03,5.7688269828e+03,9.1784048522e+05,4.7067921750e-02,-1.3513134576e+27,-9.6281121478e+26,-6.3773769796e+26,-4.0371718790e+22,-5.8075292869e+22,-1.5146456623e+23,4.5097206558e+08
1.2740000000e+03,4.2103965528e+03,5.7687201485e+03,9.1889275532e+05,4.7071343127e-02,-1.3513134575e+27,-9.6393065994e+26,-6.3836965890e+26,-4.0372466454e+22,-5.8135309275e+22,-1.5161746664e+23,4.5097206560e+08
1.2750000000e+03,4.2103186243e+03,5.7686133776e+03,9.1994325568e+05,4.7074766949e-02,-1.3513134576e+27,-9.6504827564e+26,-6.3900029664e+26,-4.0373213706e+22,-5.8195201206e+22,-1.5177005677e+23,4.5097206560e+08
1.2760000000e+03,4.2102407418e+03,5.7685066699e+03,9.2099199455e+05,4.7078193211e-02,-1.3513134576e+27,-9.6616407049e+26,-6.3962961749e+26,-4.0373960544e+22,-5.8254969220e+22,-1.5192233811e+23,4.5097206559e+08
1.2770000000e+03,4.2101629054e+03,5.7684000251e+03,9.2203897955e+05,4.7081621910e-02,-1.3513134576e+27,-9.6727805239e+26,-6.4025762732e+26,-4.0374706969e+22,-5.8314613836e+22,-1.5207431202e+23,4.5097206559e+08
1.2780000000e+03,4.2100851148e+03,5.7682934431e+03,9.2308421840e+05,4.7085053041e-02,-1.3513134575e+27,-9.6839022932e+26,-6.4088433212e+26,-4.0375452978e+22,-5.8374135578e+22,-1.5222597991e+23,4.5097206561e+08
1.2790000000e+03,4.2100073698e+03,5.7681869237e+03,9.2412771845e+05,4.7088486599e-02,-1.3513134575e+27,-9.6950060889e+26,-6.4150973753e+26,-4.0376198580e+22,-5.8433534950e+22,-1.5237734312e+23,4.5097206560e+08
1.2800000000e+03,4.2099296704e+03,5.7680804668e+03,9.2516948775e+05,4.7091922582e-02,-1.3513134576e+27,-9.7060919948e+26,-6.4213384969e+26,-4.0376943773e+22,-5.8492812495e+22,-1.5252840308e+23,4.5097206560e+08
1.2810000000e+03,4.2098520164e+03,5.7679740720e+03,9.2620953371e+05,4.7095360985e-02,-1.3513134576e+27,-9.7171600877e+26,-6.4275667433e+26,-4.0377688557e+22,-5.8551968717e+22,-1.5267916112e+23,4.5097206559e+08
1.2820000000e+03,4.2097744078e+03,5.7678677394e+03,9.2724786381e+05,4.7098801804e-02,-1.3513134576e+27,-9.7282104452e+26,-6.4337821721e+26,-4.0378432935e+22,-5.8611004126e+22,-1.5282961862e+23,4.5097206559e+08
1.2830000000e+03,4.2096968442e+03,5.7677614685e+03,9.2828448550e+05,4.7102245034e-02,-1.3513134576e+27,-9.7392431445e+26,-6.4399848406e+26,-4.0379176907e+22,-5.8669919228e+22,-1.5297977690e+23,4.5097206558e+08
1.2840000000e+03,4.2096193257e+03,5.7676552594e+03,9.2931940617e+05,4.7105690672e-02,-1.3513134575e+27,-9.7502582623e+26,-6.4461748059e+26,-4.0379920471e+22,-5.8728714526e+22,-1.5312963732e+23,4.5097206560e+08
1.2850000000e+03,4.2095418521e+03,5.7675491118e+03,9.3035263285e+05,4.7109138714e-02,-1.3513134576e+27,-9.7612558712e+26,-6.4523521221e+26,-4.0380663635e+22,-5.8787390501e+22,-1.5327920113e+23,4.5097206560e+08
1.2860000000e+03,4.2094644233e+03,5.7674430255e+03,9.3138417330e+05,4.7112589156e-02,-1.3513134576e+27,-9.7722360520e+26,-6.4585168484e+26,-4.0381406397e+22,-5.8845947676e+22,-1.5342846973e+23,4.5097206559e+08
1.2870000000e+03,4.2093870391e+03,5.7673370004e+03,9.3241403459e+05,4.7116041995e-02,-1.3513134576e+27,-9.7831988781e+26,-6.4646690394e+26,-4.0382148759e+22,-5.8904386534e+22,-1.5357744440e+23,4.5097206559e+08
1.2880000000e+03,4.2093096993e+03,5.7672310362e+03,9.3344222391e+05,4.7119497225e-02,-1.3513134576e+27,-9.7941444239e+26,-6.4708087505e+26,-4.0382890721e+22,-5.8962707564e+22,-1.5372612644e+23,4.5097206558e+08
1.2890000000e+03,4.2092324040e+03,5.7671251328e+03,9.3446874840e+05,4.7122954843e-02,-1.3513134575e+27,-9.8050727634e+26,-6.4769360368e+26,-4.0383632280e+22,-5.9020911251e+22,-1.5387451714e+23,4.5097206561e+08
1.2900000000e+03,4.2091551529e+03,5.7670192901e+03,9.3549361484e+05,4.7126414846e-02,-1.3513134575e+27,-9.8159839668e+26,-6.4830509505e+26,-4.0384373446e+22,-5.9078998060e+22,-1.5402261772e+23,4.5097206560e+08
1.2910000000e+03,4.2090779459e+03,5.7669135077e+03,9.3651683074e+05,4.7129877230e-02,-1.3513134576e+27,-9.8268781124e+26,-6.4891535488e+26,-4.0385114216e+22,-5.9136968497e+22,-1.5417042954e+23,4.5097206560e+08
1.2920000000e+03,4.2090007829e+03,5.7668077857e+03,9.3753840294e+05,4.7133341990e-02,-1.3513134576e+27,-9.8377552708e+26,-6.4952438846e+26,-4.0385854591e+22,-5.9194823029e+22,-1.5431795382e+23,4.5097206559e+08
1.2930000000e+03,4.2089236638e+03,5.7667021238e+03,9.3855833838e+05,4.7136809124e-02,-1.3513134576e+27,-9.8486155140e+26,-6.5013220111e+26,-4.0386594572e+22,-5.9252562129e+22,-1.5446519183e+23,4.5097206559e+08
1.2940000000e+03,4.2088465884e+03,5.7665965218e+03,9.3957664395e+05,4.7140278626e-02,-1.3513134576e+27,-9.8594589136e+26,-6.5073879816e+26,-4.0387334161e+22,-5.9310186264e+22,-1.5461214480e+23,4.5097206558e+08
1.2950000000e+03,4.2087695567e+03,5.7664909796e+03,9.4059332650e+05,4.7143750494e-02,-1.3513134575e+27,-9.8702855405e+26,-6.5134418489e+26,-4.0388073354e+22,-5.9367695901e+22,-1.5475881398e+23,4.5097206561e+08
1.2960000000e+03,4.2086925684e+03,5.7663854969e+03,9.4160839252e+05,4.7147224724e-02,-1.3513134575e+27,-9.8810954619e+26,-6.5194836630e+26,-4.0388812161e+22,-5.9425091486e+22,-1.5490520053e+23,4.5097206560e+08
1.2970000000e+03,4.2086156235e+03,5.7662800737e+03,9.4262184927e+05,4.7150701312e-02,-1.3513134576e+27,-9.8918887533e+26,-6.5255134790e+26,-4.0389550578e+22,-5.9482373506e+22,-1.5505130577e+23,4.5097206560e+08
1.2980000000e+03,4.2085387219e+03,5.7661747097e+03,9.4363370328e+05,4.7154180255e-02,-1.3513134576e+27,-9.9026654824e+26,-6.5315313475e+26,-4.0390288608e+22,-5.9539542409e+22,-1.5519713086e+23,4.5097206559e+08
1.2990000000e+03,4.2084618634e+03,5.7660694049e+03,9.4464396121e+05,4.7157661548e-02,-1.3513134576e+27,-9.9134257183e+26,-6.5375373197e+26,-4.0391026250e+22,-5.9596598648e+22,-1.5534267702e+23,4.5097206559e+08
1.3000000000e+03,4.2083850478e+03,5.7659641589e+03,9.4565262970e+05,4.7161145188e-02,-1.3513134576e+27,-9.9241695297e+26,-6.5435314466e+26,-4.0391763507e+22,-5.9653542673e+22,-1.5548794543e+23,4.5097206558e+08
1.3010000000e+03,4.2083082752e+03,5.7658589717e+03,9.4665971531e+05,4.7164631172e-02,-1.3513134575e+27,-9.9348969847e+26,-6.5495137791e+26,-4.0392500375e+22,-5.9710374933e+22,-1.5563293729e+23,4.5097206561e+08
1.3020000000e+03,4.2082315454e+03,5.7657538431e+03,9.4766522427e+05,4.7168119496e-02,-1.3513134575e+27,-9.9456081476e+26,-6.5554843649e+26,-4.0393236863e+22,-5.9767095853e+22,-1.5577765373e+23,4.5097206560e+08
1.3030000000e+03,4.2081548581e+03,5.7656487729e+03,9.4866916358e+05,4.7171610157e-02,-1.3513134576e+27,-9.9563030914e+26,-6.5614432573e+26,-4.0393972969e+22,-5.9823705906e+22,-1.5592209599e+23,4.5097206560e+08
1.3040000000e+03,4.2080782134e+03,5.7655437610e+03,9.4967153949e+05,4.7175103150e-02,-1.3513134576e+27,-9.9669818809e+26,-6.5673905048e+26,-4.0394708694e+22,-5.9880205519e+22,-1.5606626521e+23,4.5097206559e+08
1.3050000000e+03,4.2080016112e+03,5.7654388072e+03,9.5067235841e+05,4.7178598472e-02,-1.3513134576e+27,-9.9776445824e+26,-6.5733261564e+26,-4.0395444038e+22,-5.9936595128e+22,-1.5621016254e+23,4.5097206559e+08
1.3060000000e+03,4.2079250512e+03,5.7653339114e+03,9.5167162670e+05,4.7182096121e-02,-1.3513134576e+27,-9.9882912620e+26,-6.5792502612e+26,-4.0396179002e+22,-5.9992875166e+22,-1.5635378913e+23,4.5097206558e+08
1.3070000000e+03,4.2078485334e+03,5.7652290733e+03,9.5266935068e+05,4.7185596092e-02,-1.3513134575e+27,-9.9989219851e+26,-6.5851628681e+26,-4.0396913585e+22,-6.0049046064e+22,-1.5649714613e+23,4.5097206561e+08
1.3080000000e+03,4.2077720576e+03,5.7651242929e+03,9.5366553632e+05,4.7189098381e-02,-1.3513134575e+27,-1.0009536813e+27,-6.5910640228e+26,-4.0397647795e+22,-6.0105108231e+22,-1.5664023461e+23,4.5097206561e+08
1.3090000000e+03,4.2076956238e+03,5.7650195699e+03,9.5466019038e+05,4.7192602986e-02,-1.3513134575e+27,-1.0020135817e+27,-6.5969537768e+26,-4.0398381629e+22,-6.0161062121e+22,-1.5678305578e+23,4.5097206560e+08
1.3100000000e+03,4.2076192318e+03,5.7649149042e+03,9.5565331885e+05,4.7196109903e-02,-1.3513134576e+27,-1.0030719059e+27,-6.6028321764e+26,-4.0399115087e+22,-6.0216908146e+22,-1.5692561072e+23,4.5097206560e+08
1.3110000000e+03,4.2075428816e+03,5.7648102957e+03,9.5664492789e+05,4.7199619129e-02,-1.3513134576e+27,-1.0041286602e+27,-6.6086992689e+26,-4.0399848172e+22,-6.0272646725e+22,-1.5706790055e+23,4.5097206559e+08
1.3120000000e+03,4.2074665729e+03,5.7647057442e+03,9.5763502362e+05,4.7203130660e-02,-1.3513134576e+27,-1.0051838510e+27,-6.6145551015e+26,-4.0400580884e+22,-6.0328278273e+22,-1.5720992638e+23,4.5097206559e+08
1.3130000000e+03,4.2073903057e+03,5.7646012495e+03,9.5862361212e+05,4.7206644493e-02,-1.3513134576e+27,-1.0062374846e+27,-6.6203997208e+26,-4.0401313224e+22,-6.0383803206e+22,-1.5735168928e+23,4.5097206558e+08
1.3140000000e+03,4.2073140799e+03,5.7644968115e+03,9.5961069943e+05,4.7210160624e-02,-1.3513134575e+27,-1.0072895673e+27,-6.6262331735e+26,-4.0402045189e+22,-6.0439221933e+22,-1.5749319037e+23,4.5097206561e+08
1.3150000000e+03,4.2072378954e+03,5.7643924301e+03,9.6059629121e+05,4.7213679051e-02,-1.3513134575e+27,-1.0083401049e+27,-6.6320555032e+26,-4.0402776789e+22,-6.0494534846e+22,-1.5763443067e+23,4.5097206561e+08
1.3160000000e+03,4.2071617520e+03,5.7642881050e+03,9.6158039398e+05,4.7217199769e-02,-1.3513134575e+27,-1.0093891042e+27,-6.6378667593e+26,-4.0403508020e+22,-6.0549742381e+22,-1.5777541133e+23,4.5097206560e+08
1.3170000000e+03,4.2070856496e+03,5.7641838362e+03,9.6256301344e+05,4.7220722776e-02,-1.3513134576e+27,-1.0104365711e+27,-6.6436669859e+26,-4.0404238883e+22,-6.0604844929e+22,-1.5791613338e+23,4.5097206560e+08
1.3180000000e+03,4.2070095882e+03,5.7640796234e+03,9.6354415547e+05,4.7224248069e-02,-1.3513134576e+27,-1.0114825117e+27,-6.6494562283e+26,-4.0404969380e+22,-6.0659842892e+22,-1.5805659790e+23,4.5097206559e+08
1.3190000000e+03,4.2069335676e+03,5.7639754665e+03,9.6452382594e+05,4.7227775643e-02,-1.3513134576e+27,-1.0125269320e+27,-6.6552345314e+26,-4.0405699511e+22,-6.0714736667e+22,-1.5819680593e+23,4.5097206559e+08
1.3200000000e+03,4.2068575877e+03,5.7638713655e+03,9.6550203063e+05,4.7231305497e-02,-1.3513134576e+27,-1.0135698382e+27,-6.6610019399e+26,-4.0406429277e+22,-6.0769526651e+22,-1.5833675852e+23,4.5097206559e+08
1.3210000000e+03,4.2067816484e+03,5.7637673200e+03,9.6647877534e+05,4.7234837626e-02,-1.3513134576e+27,-1.0146112361e+27,-6.6667584981e+26,-4.0407158680e+22,-6.0824213236e+22,-1.5847645671e+23,4.5097206558e+08
1.3220000000e+03,4.2067057496e+03,5.7636633301e+03,9.6745406578e+05,4.7238372027e-02,-1.3513134575e+27,-1.0156511318e+27,-6.6725042504e+26,-4.0407887716e+22,-6.0878796813e+22,-1.5861590155e+23,4.5097206561e+08
1.3230000000e+03,4.2066298912e+03,5.7635593955e+03,9.6842790735e+05,4.7241908698e-02,-1.3513134575e+27,-1.0166895307e+27,-6.6782392380e+26,-4.0408616394e+22,-6.0933277752e+22,-1.5875509400e+23,4.5097206561e+08
1.3240000000e+03,4.2065540730e+03,5.7634555160e+03,9.6940030625e+05,4.7245447635e-02,-1.3513134575e+27,-1.0177264394e+27,-6.6839635082e+26,-4.0409344712e+22,-6.0987656472e+22,-1.5889403517e+23,4.5097206560e+08
1.3250000000e+03,4.2064782951e+03,5.7633516916e+03,9.7037126790e+05,4.7248988835e-02,-1.3513134576e+27,-1.0187618635e+27,-6.6896771026e+26,-4.0410072670e+22,-6.1041933341e+22,-1.5903272603e+23,4.5097206560e+08
1.3260000000e+03,4.2064025571e+03,5.7632479221e+03,9.7134079788e+05,4.7252532294e-02,-1.3513134576e+27,-1.0197958087e+27,-6.6953800644e+26,-4.0410800270e+22,-6.1096108742e+22,-1.5917116761e+23,4.5097206560e+08
1.3270000000e+03,4.2063268592e+03,5.7631442074e+03,9.7230890175e+05,4.7256078011e-02,-1.3513134576e+27,-1.0208282808e+27,-6.7010724362e+26,-4.0411527511e+22,-6.1150183053e+22,-1.5930936089e+23,4.5097206559e+08
1.3280000000e+03,4.2062512011e+03,5.7630405472e+03,9.7327558504e+05,4.7259625981e-02,-1.3513134576e+27,-1.0218592855e+27,-6.7067542604e+26,-4.0412254396e+22,-6.1204156650e+22,-1.5944730687e+23,4.5097206559e+08
1.3290000000e+03,4.2061755828e+03,5.7629369415e+03,9.7424085323e+05,4.7263176201e-02,-1.3513134576e+27,-1.0228888286e+27,-6.7124255793e+26,-4.0412980925e+22,-6.1258029908e+22,-1.5958500655e+23,4.5097206559e+08
1.3300000000e+03,4.2061000041e+03,5.7628333901e+03,9.7520471179e+05,4.7266728670e-02,-1.3513134576e+27,-1.0239169156e+27,-6.7180864346e+26,-4.0413707100e+22,-6.1311803198e+22,-1.5972246090e+23,4.5097206558e+08
1.3310000000e+03,4.2060244649e+03,5.7627298929e+03,9.7616716612e+05,4.7270283382e-02,-1.3513134575e+27,-1.0249435523e+27,-6.7237368684e+26,-4.0414432917e+22,-6.1365476890e+22,-1.5985967092e+23,4.5097206561e+08
1.3320000000e+03,4.2059489652e+03,5.7626264498e+03,9.7712822129e+05,4.7273840336e-02,-1.3513134575e+27,-1.0259687438e+27,-6.7293769195e+26,-4.0415158384e+22,-6.1419051331e+22,-1.5999663750e+23,4.5097206561e+08
1.3330000000e+03,4.2058735048e+03,5.7625230605e+03,9.7808788323e+05,4.7277399529e-02,-1.3513134575e+27,-1.0269924962e+27,-6.7350066326e+26,-4.0415883500e+22,-6.1472526921e+22,-1.6013336171e+23,4.5097206560e+08
1.3340000000e+03,4.2057980837e+03,5.7624197250e+03,9.7904615702e+05,4.7280960957e-02,-1.3513134575e+27,-1.0280148150e+27,-6.7406260472e+26,-4.0416608265e+22,-6.1525904008e+22,-1.6026984447e+23,4.5097206560e+08
1.3350000000e+03,4.2057227017e+03,5.7623164431e+03,9.8000304795e+05,4.7284524617e-02,-1.3513134576e+27,-1.0290357055e+27,-6.7462352040e+26,-4.0417332679e+22,-6.1579182951e+22,-1.6040608672e+23,4.5097206560e+08
1.3360000000e+03,4.2056473587e+03,5.7622132147e+03,9.8095856126e+05,4.7288090507e-02,-1.3513134576e+27,-1.0300551731e+27,-6.7518341432e+26,-4.0418056745e+22,-6.1632364110e+22,-1.6054208942e+23,4.5097206559e+08
1.3370000000e+03,4.2055720546e+03,5.7621100396e+03,9.8191270220e+05,4.7291658624e-02,-1.3513134576e+27,-1.0310732234e+27,-6.7574229050e+26,-4.0418780462e+22,-6.1685447840e+22,-1.6067785351e+23,4.5097206559e+08
1.3380000000e+03,4.2054967894e+03,5.7620069177e+03,9.8286547594e+05,4.7295228964e-02,-1.3513134576e+27,-1.0320898617e+27,-6.7630015293e+26,-4.0419503832e+22,-6.1738434496e+22,-1.6081337991e+23,4.5097206559e+08
1.3390000000e+03,4.2054215629e+03,5.7619038489e+03,9.8381688765e+05,4.7298801526e-02,-1.3513134576e+27,-1.0331050933e+27,-6.7685700556e+26,-4.0420226855e+22,-6.1791324430e+22,-1.6094866958e+23,4.5097206559e+08
1.3400000000e+03,4.2053463751e+03,5.7618008330e+03,9.8476694246e+05,4.7302376304e-02,-1.3513134576e+27,-1.0341189235e+27,-6.7741285233e+26,-4.0420949533e+22,-6.1844117990e+22,-1.6108372341e+23,4.5097206558e+08
1.3410000000e+03,4.2052712257e+03,5.7616978699e+03,9.8571564546e+05,4.7305953298e-02,-1.3513134575e+27,-1.0351313577e+27,-6.7796769720e+26,-4.0421671863e+22,-6.1896815524e+22,-1.6121854235e+23,4.5097206561e+08
1.3420000000e+03,4.2051961148e+03,5.7615949595e+03,9.8666300140e+05,4.7309532505e-02,-1.3513134575e+27,-1.0361424008e+27,-6.7852154380e+26,-4.0422393853e+22,-6.1949417360e+22,-1.6135312724e+23,4.5097206561e+08
1.3430000000e+03,4.2051210423e+03,5.7614921016e+03,9.8760901590e+05,4.7313113920e-02,-1.3513134575e+27,-1.0371520585e+27,-6.7907439636e+26,-4.0423115500e+22,-6.2001923874e+22,-1.6148747908e+23,4.5097206561e+08
1.3440000000e+03,4.2050460080e+03,5.7613892961e+03,9.8855369370e+05,4.7316697542e-02,-1.3513134575e+27,-1.0381603358e+27,-6.7962625858e+26,-4.0423836806e+22,-6.2054335393e+22,-1.6162159874e+23,4.5097206560e+08
1.3450000000e+03,4.2049710118e+03,5.7612865429e+03,9.8949703980e+05,4.7320283367e-02,-1.3513134575e+27,-1.0391672379e+27,-6.8017713427e+26,-4.0424557770e+22,-6.2106652257e+22,-1.6175548710e+23,4.5097206560e+08
1.3460000000e+03,4.2048960537e+03,5.7611838417e+03,9.9043905913e+05,4.7323871394e-02,-1.3513134576e+27,-1.0401727699e+27,-6.8072702725e+26,-4.0425278394e+22,-6.2158874802e+22,-1.6188914507e+23,4.5097206560e+08
1.3470000000e+03,4.2048211335e+03,5.7610811926e+03,9.9137975660e+05,4.7327461618e-02,-1.3513134576e+27,-1.0411769369e+27,-6.8127594127e+26,-4.0425998679e+22,-6.2211003363e+22,-1.6202257353e+23,4.5097206560e+08
1.3480000000e+03,4.2047462512e+03,5.7609785954e+03,9.9231913712e+05,4.7331054038e-02,-1.3513134576e+27,-1.0421797439e+27,-6.8182388009e+26,-4.0426718626e+22,-6.2263038276e+22,-1.6215577335e+23,4.5097206559e+08
1.3490000000e+03,4.2046714066e+03,5.7608760498e+03,9.9325720553e+05,4.7334648650e-02,-1.3513134576e+27,-1.0431811960e+27,-6.8237084744e+26,-4.0427438236e+22,-6.2314979869e+22,-1.6228874541e+23,4.5097206559e+08
1.3500000000e+03,4.2045965997e+03,5.7607735559e+03,9.9419396666e+05,4.7338245453e-02,-1.3513134576e+27,-1.0441812983e+27,-6.8291684703e+26,-4.0428157509e+22,-6.2366828474e+22,-1.6242149058e+23,4.5097206559e+08
1.3510000000e+03,4.2045218304e+03,5.7606711135e+03,9.9512942533e+05,4.7341844442e-02,-1.3513134576e+27,-1.0451800556e+27,-6.8346188253e+26,-4.0428876446e+22,-6.2418584417e+22,-1.6255400973e+23,4.5097206559e+08
1.3520000000e+03,4.2044470986e+03,5.7605687224e+03,9.9606358629e+05,4.7345445616e-02,-1.3513134576e+27,-1.0461774729e+27,-6.8400595762e+26,-4.0429595048e+22,-6.2470248024e+22,-1.6268630371e+23,4.5097206558e+08
1.3530000000e+03,4.2043724041e+03,5.7604663825e+03,9.9699645430e+05,4.7349048971e-02,-1.3513134576e+27,-1.0471735551e+27,-6.8454907593e+26,-4.0430313317e+22,-6.2521819619e+22,-1.6281837338e+23,4.5097206558e+08
1.3540000000e+03,4.2042977469e+03,5.7603640937e+03,9.9792803406e+05,4.7352654505e-02,-1.3513134575e+27,-1.0481683072e+27,-6.8509124111e+26,-4.0431031248e+22,-6.2573299523e+22,-1.6295021960e+23,4.5097206561e+08
1.3550000000e+03,4.2042231270e+03,5.7602618559e+03,9.9885832994e+05,4.7356262216e-02,-1.3513134575e+27,-1.0491617337e+27,-6.8563245650e+26,-4.0431748851e+22,-6.2624688037e+22,-1.6308184314e+23,4.5097206561e+08
1.3560000000e+03,4.2041485441e+03,5.7601596689e+03,9.9978734721e+05,4.7359872100e-02,-1.3513134575e+27,-1.0501538399e+27,-6.8617272607e+26,-4.0432466123e+22,-6.2675985514e+22,-1.6321324494e+23,4.5097206561e+08
1.3570000000e+03,4.2040739982e+03,5.7600575327e+03,1.0007150902e+06,4.7363484156e-02,-1.3513134575e+27,-1.0511446305e+27,-6.8671205322e+26,-4.0433183064e+22,-6.2727192255e+22,-1.6334442579e+23,4.5097206560e+08
1.3580000000e+03,4.2039994893e+03,5.7599554470e+03,1.0016415636e+06,4.7367098380e-02,-1.3513134575e+27,-1.0521341102e+27,-6.8725044146e+26,-4.0433899676e+22,-6.2778308574e+22,-1.6347538652e+23,4.5097206560e+08
1.3590000000e+03,4.2039250172e+03,5.7598534118e+03,1.0025667719e+06,4.7370714770e-02,-1.3513134576e+27,-1.0531222837e+27,-6.8778789433e+26,-4.0434615958e+22,-6.2829334783e+22,-1.6360612797e+23,4.5097206560e+08
1.3600000000e+03,4.2038505819e+03,5.7597514269e+03,1.0034907197e+06,4.7374333323e-02,-1.3513134576e+27,-1.0541091558e+27,-6.8832441530e+26,-4.0435331913e+22,-6.2880271194e+22,-1.6373665093e+23,4.5097206560e+08
1.3610000000e+03,4.2037761832e+03,5.7596494923e+03,1.0044134115e+06,4.7377954036e-02,-1.3513134576e+27,-1.0550947312e+27,-6.8886000786e+26,-4.0436047540e+22,-6.2931118114e+22,-1.6386695624e+23,4.5097206560e+08
1.3620000000e+03,4.2037018210e+03,5.7595476078e+03,1.0053348519e+06,4.7381576908e-02,-1.3513134576e+27,-1.0560790144e+27,-6.8939467546e+26,-4.0436762841e+22,-6.2981875851e+22,-1.6399704470e+23,4.5097206559e+08
1.3630000000e+03,4.2036274954e+03,5.7594457732e+03,1.0062550452e+06,4.7385201935e-02,-1.3513134576e+27,-1.0570620103e+27,-6.8992842153e+26,-4.0437477816e+22,-6.3032544711e+22,-1.6412691712e+23,4.5097206559e+08
1.3640000000e+03,4.2035532061e+03,5.7593439885e+03,1.0071739960e+06,4.7388829116e-02,-1.3513134576e+27,-1.0580437234e+27,-6.9046124948e+26,-4.0438192467e+22,-6.3083124997e+22,-1.6425657429e+23,4.5097206559e+08
1.3650000000e+03,4.2034789531e+03,5.7592422535e+03,1.0080917086e+06,4.7392458447e-02,-1.3513134576e+27,-1.0590241582e+27,-6.9099316270e+26,-4.0438906794e+22,-6.3133617011e+22,-1.6438601701e+23,4.5097206559e+08
1.3660000000e+03,4.2034047363e+03,5.7591405681e+03,1.0090081876e+06,4.7396089925e-02,-1.3513134576e+27,-1.0600033193e+27,-6.9152416457e+26,-4.0439620797e+22,-6.3184021054e+22,-1.6451524608e+23,4.5097206559e+08
1.3670000000e+03,4.2033305557e+03,5.7590389322e+03,1.0099234371e+06,4.7399723550e-02,-1.3513134576e+27,-1.0609812113e+27,-6.9205425844e+26,-4.0440334478e+22,-6.3234337423e+22,-1.6464426228e+23,4.5097206559e+08
1.3680000000e+03,4.2032564111e+03,5.7589373457e+03,1.0108374617e+06,4.7403359317e-02,-1.3513134576e+27,-1.0619578387e+27,-6.9258344765e+26,-4.0441047838e+22,-6.3284566416e+22,-1.6477306638e+23,4.5097206558e+08
1.3690000000e+03,4.2031823024e+03,5.7588358084e+03,1.0117502655e+06,4.7406997225e-02,-1.3513134576e+27,-1.0629332059e+27,-6.9311173551e+26,-4.0441760877e+22,-6.3334708327e+22,-1.6490165918e+23,4.5097206558e+08
1.3700000000e+03,4.2031082296e+03,5.7587343203e+03,1.0126618530e+06,4.7410637270e-02,-1.3513134576e+27,-1.0639073174e+27,-6.9363912531e+26,-4.0442473596e+22,-6.3384763451e+22,-1.6503004144e+23,4.5097206558e+08
1.3710000000e+03,4.2030341926e+03,5.7586328812e+03,1.0135722283e+06,4.7414279452e-02,-1.3513134575e+27,-1.0648801776e+27,-6.9416562037e+26,-4.0443185992e+22,-6.3434732078e+22,-1.6515821394e+23,4.5097206561e+08
1.3720000000e+03,4.2029601912e+03,5.7585314909e+03,1.0144813955e+06,4.7417923766e-02,-1.3513134575e+27,-1.0658517906e+27,-6.9469122370e+26,-4.0443898074e+22,-6.3484614480e+22,-1.6528617738e+23,4.5097206561e+08
1.3730000000e+03,4.2028862255e+03,5.7584301495e+03,1.0153893593e+06,4.7421570212e-02,-1.3513134575e+27,-1.0668221615e+27,-6.9521593891e+26,-4.0444609838e+22,-6.3534410983e+22,-1.6541393262e+23,4.5097206561e+08
1.3740000000e+03,4.2028122953e+03,5.7583288567e+03,1.0162961237e+06,4.7425218785e-02,-1.3513134575e+27,-1.0677912942e+27,-6.9573976907e+26,-4.0445321285e+22,-6.3584121855e+22,-1.6554148037e+23,4.5097206561e+08
1.3750000000e+03,4.2027384005e+03,5.7582276125e+03,1.0172016928e+06,4.7428869485e-02,-1.3513134575e+27,-1.0687591932e+27,-6.9626271739e+26,-4.0446032416e+22,-6.3633747382e+22,-1.6566882138e+23,4.5097206561e+08
1.3760000000e+03,4.2026645411e+03,5.7581264167e+03,1.0181060709e+06,4.7432522308e-02,-1.3513134575e+27,-1.0697258627e+27,-6.9678478703e+26,-4.0446743233e+22,-6.3683287848e+22,-1.6579595640e+23,4.5097206560e+08
1.3770000000e+03,4.2025907169e+03,5.7580252693e+03,1.0190092619e+06,4.7436177252e-02,-1.3513134575e+27,-1.0706913069e+27,-6.9730598118e+26,-4.0447453734e+22,-6.3732743534e+22,-1.6592288618e+23,4.5097206560e+08
1.3780000000e+03,4.2025169279e+03,5.7579241700e+03,1.0199112702e+06,4.7439834315e-02,-1.3513134575e+27,-1.0716555302e+27,-6.9782630299e+26,-4.0448163922e+22,-6.3782114723e+22,-1.6604961145e+23,4.5097206560e+08
1.3790000000e+03,4.2024431741e+03,5.7578231189e+03,1.0208120996e+06,4.7443493495e-02,-1.3513134575e+27,-1.0726185369e+27,-6.9834575558e+26,-4.0448873797e+22,-6.3831401692e+22,-1.6617613294e+23,4.5097206560e+08
1.3800000000e+03,4.2023694552e+03,5.7577221157e+03,1.0217117544e+06,4.7447154789e-02,-1.3513134576e+27,-1.0735803310e+27,-6.9886434206e+26,-4.0449583360e+22,-6.3880604719e+22,-1.6630245139e+23,4.5097206560e+08
1.3810000000e+03,4.2022957713e+03,5.7576211604e+03,1.0226102385e+06,4.7450818194e-02,-1.3513134576e+27,-1.0745409168e+27,-6.9938206555e+26,-4.0450292611e+22,-6.3929724080e+22,-1.6642856753e+23,4.5097206560e+08
1.3820000000e+03,4.2022221222e+03,5.7575202528e+03,1.0235075560e+06,4.7454483709e-02,-1.3513134576e+27,-1.0755002985e+27,-6.9989892910e+26,-4.0451001552e+22,-6.3978760049e+22,-1.6655448207e+23,4.5097206560e+08
1.3830000000e+03,4.2021485079e+03,5.7574193929e+03,1.0244037108e+06,4.7458151332e-02,-1.3513134576e+27,-1.0764584802e+27,-7.0041493580e+26,-4.0451710183e+22,-6.4027712901e+22,-1.6668019573e+23,4.5097206560e+08
1.3840000000e+03,4.2020749283e+03,5.7573185805e+03,1.0252987069e+06,4.7461821059e-02,-1.3513134576e+27,-1.0774154660e+27,-7.0093008868e+26,-4.0452418505e+22,-6.4076582905e+22,-1.6680570924e+23,4.5097206560e+08
1.3850000000e+03,4.2020013833e+03,5.7572178155e+03,1.0261925484e+06,4.7465492889e-02,-1.3513134576e+27,-1.0783712600e+27,-7.0144439077e+26,-4.0453126518e+22,-6.4125370332e+22,-1.6693102329e+23,4.5097206560e+08
1.3860000000e+03,4.2019278729e+03,5.7571170978e+03,1.0270852390e+06,4.7469166819e-02,-1.3513134576e+27,-1.0793258663e+27,-7.0195784509e+26,-4.0453834224e+22,-6.4174075450e+22,-1.6705613859e+23,4.5097206559e+08
1.3870000000e+03,4.2018543968e+03,5.7570164274e+03,1.0279767828e+06,4.7472842847e-02,-1.3513134576e+27,-1.0802792890e+27,-7.0247045463e+26,-4.0454541623e+22,-6.4222698527e+22,-1.6718105586e+23,4.5097206559e+08
1.3880000000e+03,4.2017809552e+03,5.7569158040e+03,1.0288671836e+06,4.7476520972e-02,-1.3513134576e+27,-1.0812315320e+27,-7.0298222236e+26,-4.0455248716e+22,-6.4271239828e+22,-1.6730577578e+23,4.5097206559e+08
1.3890000000e+03,4.2017075478e+03,5.7568152276e+03,1.0297564453e+06,4.7480201190e-02,-1.3513134576e+27,-1.0821825994e+27,-7.0349315125e+26,-4.0455955503e+22,-6.4319699617e+22,-1.6743029905e+23,4.5097206559e+08
1.3900000000e+03,4.2016341747e+03,5.7567146981e+03,1.0306445716e+06,4.7483883499e-02,-1.3513134576e+27,-1.0831324952e+27,-7.0400324425e+26,-4.0456661985e+22,-6.4368078157e+22,-1.6755462636e+23,4.5097206559e+08
1.3910000000e+03,4.2015608357e+03,5.7566142154e+03,1.0315315666e+06,4.7487567898e-02,-1.3513134576e+27,-1.0840812233e+27,-7.0451250429e+26,-4.0457368164e+22,-6.4416375709e+22,-1.6767875840e+23,4.5097206559e+08
1.3920000000e+03,4.2014875307e+03,5.7565137793e+03,1.0324174339e+06,4.7491254384e-02,-1.3513134576e+27,-1.0850287876e+27,-7.0502093428e+26,-4.0458074039e+22,-6.4464592533e+22,-1.6780269586e+23,4.5097206559e+08
1.3930000000e+03,4.2014142598e+03,5.7564133897e+03,1.0333021773e+06,4.7494942954e-02,-1.3513134576e+27,-1.0859751922e+27,-7.0552853711e+26,-4.0458779612e+22,-6.4512728888e+22,-1.6792643941e+23,4.5097206559e+08
1.3940000000e+03,4.2013410227e+03,5.7563130466e+03,1.0341858007e+06,4.7498633608e-02,-1.3513134576e+27,-1.0869204409e+27,-7.0603531568e+26,-4.0459484882e+22,-6.4560785031e+22,-1.6804998972e+23,4.5097206559e+08
1.3950000000e+03,4.2012678194e+03,5.7562127499e+03,1.0350683077e+06,4.7502326341e-02,-1.3513134576e+27,-1.0878645375e+27,-7.0654127284e+26,-4.0460189852e+22,-6.4608761218e+22,-1.6817334748e+23,4.5097206559e+08
1.3960000000e+03,4.2011946499e+03,5.7561124994e+03,1.0359497020e+06,4.7506021154e-02,-1.3513134576e+27,-1.0888074860e+27,-7.0704641145e+26,-4.0460894521e+22,-6.4656657702e+22,-1.6829651334e+23,4.5097206559e+08
1.3970000000e+03,4.2011215141e+03,5.7560122950e+03,1.0368299875e+06,4.7509718042e-02,-1.3513134576e+27,-1.0897492901e+27,-7.0755073434e+26,-4.0461598891e+22,-6.4704474737e+22,-1.6841948798e+23,4.5097206559e+08
1.3980000000e+03,4.2010484118e+03,5.7559121366e+03,1.0377091677e+06,4.7513417005e-02,-1.3513134576e+27,-1.0906899537e+27,-7.0805424434e+26,-4.0462302961e+22,-6.4752212575e+22,-1.6854227205e+23,4.5097206559e+08
1.3990000000e+03,4.2009753431e+03,5.7558120241e+03,1.0385872463e+06,4.7517118040e-02,-1.3513134576e+27,-1.0916294806e+27,-7.0855694424e+26,-4.0463006734e+22,-6.4799871466e+22,-1.6866486622e+23,4.5097206559e+08
1.4000000000e+03,4.2009023078e+03,5.7557119575e+03,1.0394642270e+06,4.7520821144e-02,-1.3513134576e+27,-1.0925678746e+27,-7.0905883685e+26,-4.0463710208e+22,-6.4847451659e+22,-1.6878727114e+23,4.5097206559e+08
1.4010000000e+03,4.2008293058e+03,5.7556119366e+03,1.0403401133e+06,4.7524526317e-02,-1.3513134576e+27,-1.0935051393e+27,-7.0955992492e+26,-4.0464413386e+22,-6.4894953401e+22,-1.6890948745e+23,4.5097206559e+08
1.4020000000e+03,4.2007563372e+03,5.7555119613e+03,1.0412149090e+06,4.7528233555e-02,-1.3513134576e+27,-1.0944412786e+27,-7.1006021123e+26,-4.0465116267e+22,-6.4942376940e+22,-1.6903151581e+23,4.5097206559e+08
1.4030000000e+03,4.2006834017e+03,5.7554120314e+03,1.0420886175e+06,4.7531942857e-02,-1.3513134576e+27,-1.0953762962e+27,-7.1055969852e+26,-4.0465818853e+22,-6.4989722519e+22,-1.6915335686e+23,4.5097206559e+08
1.4040000000e+03,4.2006104994e+03,5.7553121470e+03,1.0429612425e+06,4.7535654220e-02,-1.3513134576e+27,-1.0963101958e+27,-7.1105838952e+26,-4.0466521144e+22,-6.5036990384e+22,-1.6927501124e+23,4.5097206559e+08
1.4050000000e+03,4.2005376302e+03,5.7552123079e+03,1.0438327875e+06,4.7539367643e-02,-1.3513134576e+27,-1.0972429809e+27,-7.1155628694e+26,-4.0467223141e+22,-6.5084180776e+22,-1.6939647959e+23,4.5097206559e+08
1.4060000000e+03,4.2004647939e+03,5.7551125140e+03,1.0447032560e+06,4.7543083123e-02,-1.3513134576e+27,-1.0981746554e+27,-7.1205339349e+26,-4.0467924845e+22,-6.5131293938e+22,-1.6951776254e+23,4.5097206559e+08
1.4070000000e+03,4.2003919906e+03,5.7550127652e+03,1.0455726509e+06,4.7546800659e-02,-1.3513134576e+27,-1.0991052221e+27,-7.1254971153e+26,-4.0468626255e+22,-6.5178330074e+22,-1.6963886064e+23,4.5097206559e+08
1.4080000000e+03,4.2003192201e+03,5.7549130614e+03,1.0464409734e+06,4.7550520249e-02,-1.3513134576e+27,-1.1000346822e+27,-7.1304524253e+26,-4.0469327374e+22,-6.5225289299e+22,-1.6975977424e+23,4.5097206559e+08
1.4090000000e+03,4.2002464824e+03,5.7548134025e+03,1.0473082268e+06,4.7554241889e-02,-1.3513134576e+27,-1.1009630390e+27,-7.1353998904e+26,-4.0470028201e+22,-6.5272171840e+22,-1.6988050393e+23,4.5097206559e+08
1.4100000000e+03,4.2001737774e+03,5.7547137884e+03,1.0481744147e+06,4.7557965580e-02,-1.3513134576e+27,-1.1018902961e+27,-7.1403395373e+26,-4.0470728737e+22,-6.5318977934e+22,-1.7000105033e+23,4.5097206559e+08
1.4110000000e+03,4.2001011050e+03,5.7546142190e+03,1.0490395404e+06,4.7561691317e-02,-1.3513134576e+27,-1.1028164572e+27,-7.1452713923e+26,-4.0471428984e+22,-6.5365707819e+22,-1.7012141407e+23,4.5097206559e+08
1.4120000000e+03,4.2000284651e+03,5.7545146941e+03,1.0499036074e+06,4.7565419100e-02,-1.3513134576e+27,-1.1037415257e+27,-7.1501954819e+26,-4.0472128940e+22,-6.5412361727e+22,-1.7024159577e+23,4.5097206559e+08
1.4130000000e+03,4.1999558578e+03,5.7544152138e+03,1.0507666191e+06,4.7569148927e-02,-1.3513134576e+27,-1.1046655053e+27,-7.1551118320e+26,-4.0472828608e+22,-6.5458939895e+22,-1.7036159603e+23,4.5097206559e+08
1.4140000000e+03,4.1998832828e+03,5.7543157779e+03,1.0516285789e+06,4.7572880795e-02,-1.3513134576e+27,-1.1055883995e+27,-7.1600204688e+26,-4.0473527988e+22,-6.5505442554e+22,-1.7048141547e+23,4.5097206559e+08
1.4150000000e+03,4.1998107402e+03,5.7542163863e+03,1.0524894902e+06,4.7576614702e-02,-1.3513134576e+27,-1.1065102117e+27,-7.1649214181e+26,-4.0474227080e+22,-6.5551869936e+22,-1.7060105470e+23,4.5097206559e+08
1.4160000000e+03,4.1997382299e+03,5.7541170389e+03,1.0533493564e+06,4.7580350647e-02,-1.3513134576e+27,-1.1074309455e+27,-7.1698147058e+26,-4.0474925886e+22,-6.5598222271e+22,-1.7072051431e+23,4.5097206559e+08
1.4170000000e+03,4.1996657517e+03,5.7540177356e+03,1.0542081808e+06,4.7584088628e-02,-1.3513134576e+27,-1.1083506043e+27,-7.1747003573e+26,-4.0475624405e+22,-6.5644499788e+22,-1.7083979492e+23,4.5097206559e+08
1.4180000000e+03,4.1995933057e+03,5.7539184764e+03,1.0550659668e+06,4.7587828643e-02,-1.3513134576e+27,-1.1092691916e+27,-7.1795783983e+26,-4.0476322639e+22,-6.5690702715e+22,-1.7095889711e+23,4.5097206559e+08
1.4190000000e+03,4.1995208917e+03,5.7538192610e+03,1.0559227177e+06,4.7591570689e-02,-1.3513134576e+27,-1.1101867108e+27,-7.1844488541e+26,-4.0477020588e+22,-6.5736831280e+22,-1.7107782148e+23,4.5097206559e+08
1.4200000000e+03,4.1994485097e+03,5.7537200895e+03,1.0567784368e+06,4.7595314765e-02,-1.3513134576e+27,-1.1111031653e+27,-7.1893117498e+26,-4.0477718253e+22,-6.5782885706e+22,-1.7119656863e+23,4.5097206559e+08
1.4210000000e+03,4.1993761596e+03,5.7536209617e+03,1.0576331273e+06,4.7599060869e-02,-1.3513134576e+27,-1.1120185586e+27,-7.1941671106e+26,-4.0478415634e+22,-6.5828866220e+22,-1.7131513913e+23,4.5097206559e+08
1.4220000000e+03,4.1993038414e+03,5.7535218775e+03,1.0584867925e+06,4.7602808999e-02,-1.3513134576e+27,-1.1129328941e+27,-7.1990149615e+26,-4.0479112732e+22,-6.5874773045e+22,-1.7143353359e+23,4.5097206559e+08
1.4230000000e+03,4.1992315550e+03,5.7534228369e+03,1.0593394358e+06,4.7606559154e-02,-1.3513134576e+27,-1.1138461750e+27,-7.2038553272e+26,-4.0479809548e+22,-6.5920606401e+22,-1.7155175258e+23,4.5097206559e+08
1.4240000000e+03,4.1991593002e+03,5.7533238397e+03,1.0601910602e+06,4.7610311330e-02,-1.3513134576e+27,-1.1147584048e+27,-7.2086882326e+26,-4.0480506082e+22,-6.5966366512e+22,-1.7166979667e+23,4.5097206559e+08
1.4250000000e+03,4.1990870771e+03,5.7532248859e+03,1.0610416691e+06,4.7614065528e-02,-1.3513134576e+27,-1.1156695868e+27,-7.2135137021e+26,-4.0481202335e+22,-6.6012053596e+22,-1.7178766645e+23,4.5097206559e+08
1.4260000000e+03,4.1990148856e+03,5.7531259753e+03,1.0618912656e+06,4.7617821744e-02,-1.3513134576e+27,-1.1165797243e+27,-7.2183317602e+26,-4.0481898308e+22,-6.6057667872e+22,-1.7190536249e+23,4.5097206560e+08
1.4270000000e+03,4.1989427255e+03,5.7530271079e+03,1.0627398529e+06,4.7621579976e-02,-1.3513134576e+27,-1.1174888205e+27,-7.2231424312e+26,-4.0482594001e+22,-6.6103209559e+22,-1.7202288536e+23,4.5097206560e+08
1.4280000000e+03,4.1988705969e+03,5.7529282836e+03,1.0635874342e+06,4.7625340224e-02,-1.3513134576e+27,-1.1183968789e+27,-7.2279457394e+26,-4.0483289414e+22,-6.6148678872e+22,-1.7214023563e+23,4.5097206560e+08
1.4290000000e+03,4.1987984997e+03,5.7528295022e+03,1.0644340126e+06,4.7629102485e-02,-1.3513134576e+27,-1.1193039025e+27,-7.2327417089e+26,-4.0483984550e+22,-6.6194076027e+22,-1.7225741386e+23,4.5097206560e+08
1.4300000000e+03,4.1987264338e+03,5.7527307637e+03,1.0652795913e+06,4.7632866757e-02,-1.3513134576e+27,-1.1202098948e+27,-7.2375303635e+26,-4.0484679407e+22,-6.6239401240e+22,-1.7237442062e+23,4.5097206560e+08
1.4310000000e+03,4.1986543991e+03,5.7526320680e+03,1.0661241734e+06,4.7636633038e-02,-1.3513134576e+27,-1.1211148589e+27,-7.2423117271e+26,-4.0485373987e+22,-6.6284654722e+22,-1.7249125645e+23,4.5097206560e+08
1.4320000000e+03,4.1985823956e+03,5.7525334150e+03,1.0669677620e+06,4.7640401328e-02,-1.3513134575e+27,-1.1220187981e+27,-7.2470858235e+26,-4.0486068290e+22,-6.6329836687e+22,-1.7260792193e+23,4.5097206560e+08
1.4330000000e+03,4.1985104231e+03,5.7524348047e+03,1.0678103602e+06,4.7644171623e-02,-1.3513134575e+27,-1.1229217155e+27,-7.2518526762e+26,-4.0486762317e+22,-6.6374947346e+22,-1.7272441760e+23,4.5097206560e+08
1.4340000000e+03,4.1984384818e+03,5.7523362368e+03,1.0686519710e+06,4.7647943922e-02,-1.3513134575e+27,-1.1238236143e+27,-7.2566123087e+26,-4.0487456069e+22,-6.6419986909e+22,-1.7284074401e+23,4.5097206560e+08
1.4350000000e+03,4.1983665713e+03,5.7522377114e+03,1.0694925975e+06,4.7651718224e-02,-1.3513134575e+27,-1.1247244977e+27,-7.2613647443e+26,-4.0488149545e+22,-6.6464955586e+22,-1.7295690171e+23,4.5097206560e+08
1.4360000000e+03,4.1982946918e+03,5.7521392283e+03,1.0703322428e+06,4.7655494526e-02,-1.3513134575e+27,-1.1256243689e+27,-7.2661100064e+26,-4.0488842748e+22,-6.6509853583e+22,-1.7307289125e+23,4.5097206560e+08
1.4370000000e+03,4.1982228431e+03,5.7520407875e+03,1.0711709099e+06,4.7659272827e-02,-1.3513134575e+27,-1.1265232310e+27,-7.2708481179e+26,-4.0489535676e+22,-6.6554681110e+22,-1.7318871317e+23,4.5097206561e+08
1.4380000000e+03,4.1981510252e+03,5.7519423888e+03,1.0720086018e+06,4.7663053125e-02,-1.3513134575e+27,-1.1274210870e+27,-7.2755791020e+26,-4.0490228332e+22,-6.6599438371e+22,-1.7330436800e+23,4.5097206561e+08
1.4390000000e+03,4.1980792380e+03,5.7518440322e+03,1.0728453215e+06,4.7666835419e-02,-1.3513134575e+27,-1.1283179402e+27,-7.2803029815e+26,-4.0490920715e+22,-6.6644125571e+22,-1.7341985629e+23,4.5097206561e+08
1.4400000000e+03,4.1980074815e+03,5.7517457176e+03,1.0736810720e+06,4.7670619706e-02,-1.3513134575e+27,-1.1292137936e+27,-7.2850197792e+26,-4.0491612827e+22,-6.6688742916e+22,-1.7353517857e+23,4.5097206561e+08
1.4410000000e+03,4.1979357555e+03,5.7516474449e+03,1.0745158562e+06,4.7674405985e-02,-1.3513134575e+27,-1.1301086503e+27,-7.2897295178e+26,-4.0492304667e+22,-6.6733290608e+22,-1.7365033536e+23,4.5097206561e+08
1.4420000000e+03,4.1978640600e+03,5.7515492140e+03,1.0753496771e+06,4.7678194254e-02,-1.3513134575e+27,-1.1310025133e+27,-7.2944322198e+26,-4.0492996236e+22,-6.6777768848e+22,-1.7376532721e+23,4.5097206561e+08
1.4430000000e+03,4.1977923950e+03,5.7514510248e+03,1.0761825377e+06,4.7681984512e-02,-1.3513134576e+27,-1.1318953857e+27,-7.2991279072e+26,-4.0493687539e+22,-6.6822177839e+22,-1.7388015462e+23,4.5097206558e+08
1.4440000000e+03,4.1977207604e+03,5.7513528773e+03,1.0770144405e+06,4.7685776757e-02,-1.3513134576e+27,-1.1327872702e+27,-7.3038166017e+26,-4.0494378568e+22,-6.6866517764e+22,-1.7399481811e+23,4.5097206558e+08
1.4450000000e+03,4.1976491561e+03,5.7512547713e+03,1.0778453891e+06,4.7689570986e-02,-1.3513134576e+27,-1.1336781705e+27,-7.3084983282e+26,-4.0495069329e+22,-6.6910788856e+22,-1.7410931825e+23,4.5097206559e+08
1.4460000000e+03,4.1975775821e+03,5.7511567068e+03,1.0786753862e+06,4.7693367200e-02,-1.3513134576e+27,-1.1345680892e+27,-7.3131731073e+26,-4.0495759821e+22,-6.6954991296e+22,-1.7422365553e+23,4.5097206559e+08
1.4470000000e+03,4.1975060382e+03,5.7510586836e+03,1.0795044344e+06,4.7697165394e-02,-1.3513134576e+27,-1.1354570293e+27,-7.3178409608e+26,-4.0496450046e+22,-6.6999125281e+22,-1.7433783047e+23,4.5097206559e+08
1.4480000000e+03,4.1974345245e+03,5.7509607017e+03,1.0803325368e+06,4.7700965570e-02,-1.3513134576e+27,-1.1363449938e+27,-7.3225019107e+26,-4.0497140003e+22,-6.7043191007e+22,-1.7445184357e+23,4.5097206559e+08
1.4490000000e+03,4.1973630409e+03,5.7508627611e+03,1.0811596962e+06,4.7704767723e-02,-1.3513134576e+27,-1.1372319857e+27,-7.3271559788e+26,-4.0497829694e+22,-6.7087188670e+22,-1.7456569535e+23,4.5097206559e+08
1.4500000000e+03,4.1972915873e+03,5.7507648615e+03,1.0819859154e+06,4.7708571853e-02,-1.3513134576e+27,-1.1381180079e+27,-7.3318031867e+26,-4.0498519118e+22,-6.7131118463e+22,-1.7467938632e+23,4.5097206559e+08
1.4510000000e+03,4.1972201636e+03,5.7506670030e+03,1.0828111972e+06,4.7712377959e-02,-1.3513134576e+27,-1.1390030632e+27,-7.3364435561e+26,-4.0499208277e+22,-6.7174980581e+22,-1.7479291698e+23,4.5097206559e+08
1.4520000000e+03,4.1971487698e+03,5.7505691854e+03,1.0836355445e+06,4.7716186038e-02,-1.3513134576e+27,-1.1398871547e+27,-7.3410771082e+26,-4.0499897171e+22,-6.7218775216e+22,-1.7490628783e+23,4.5097206560e+08
1.4530000000e+03,4.1970774059e+03,5.7504714087e+03,1.0844589601e+06,4.7719996089e-02,-1.3513134576e+27,-1.1407702853e+27,-7.3457038646e+26,-4.0500585801e+22,-6.7262502558e+22,-1.7501949939e+23,4.5097206560e+08
1.4540000000e+03,4.1970060717e+03,5.7503736728e+03,1.0852814467e+06,4.7723808110e-02,-1.3513134576e+27,-1.1416524577e+27,-7.3503238465e+26,-4.0501274166e+22,-6.7306162800e+22,-1.7513255213e+23,4.5097206560e+08
1.4550000000e+03,4.1969347672e+03,5.7502759776e+03,1.0861030071e+06,4.7727622100e-02,-1.3513134575e+27,-1.1425336749e+27,-7.3549370750e+26,-4.0501962269e+22,-6.7349756131e+22,-1.7524544657e+23,4.5097206560e+08
1.4560000000e+03,4.1968634924e+03,5.7501783230e+03,1.0869236441e+06,4.7731438057e-02,-1.3513134575e+27,-1.1434139398e+27,-7.3595435712e+26,-4.0502650109e+22,-6.7393282740e+22,-1.7535818319e+23,4.5097206560e+08
1.4570000000e+03,4.1967922471e+03,5.7500807089e+03,1.0877433604e+06,4.7735255979e-02,-1.3513134575e+27,-1.1442932552e+27,-7.3641433560e+26,-4.0503337687e+22,-6.7436742814e+22,-1.7547076249e+23,4.5097206560e+08
1.4580000000e+03,4.1967210314e+03,5.7499831353e+03,1.0885621587e+06,4.7739075866e-02,-1.3513134575e+27,-1.1451716239e+27,-7.3687364503e+26,-4.0504025003e+22,-6.7480136541e+22,-1.7558318495e+23,4.5097206561e+08
1.4590000000e+03,4.1966498451e+03,5.7498856020e+03,1.0893800419e+06,4.7742897714e-02,-1.3513134575e+27,-1.1460490487e+27,-7.3733228747e+26,-4.0504712058e+22,-6.7523464107e+22,-1.7569545106e+23,4.5097206561e+08
1.4600000000e+03,4.1965786883e+03,5.7497881091e+03,1.0901970125e+06,4.7746721524e-02,-1.3513134575e+27,-1.1469255325e+27,-7.3779026501e+26,-4.0505398852e+22,-6.7566725697e+22,-1.7580756130e+23,4.5097206561e+08
1.4610000000e+03,4.1965075607e+03,5.7496906563e+03,1.0910130733e+06,4.7750547293e-02,-1.3513134575e+27,-1.1478010780e+27,-7.3824757968e+26,-4.0506085387e+22,-6.7609921496e+22,-1.7591951617e+23,4.5097206561e+08
1.4620000000e+03,4.1964364625e+03,5.7495932437e+03,1.0918282269e+06,4.7754375019e-02,-1.3513134576e+27,-1.1486756880e+27,-7.3870423349e+26,-4.0506771666e+22,-6.7653051688e+22,-1.7603131612e+23,4.5097206558e+08
1.4630000000e+03,4.1963653935e+03,5.7494958711e+03,1.0926424758e+06,4.7758204702e-02,-1.3513134576e+27,-1.1495493650e+27,-7.3916022843e+26,-4.0507457682e+22,-6.7696116439e+22,-1.7614296162e+23,4.5097206559e+08
1.4640000000e+03,4.1962943536e+03,5.7493985384e+03,1.0934558232e+06,4.7762036339e-02,-1.3513134576e+27,-1.1504221124e+27,-7.3961556677e+26,-4.0508143440e+22,-6.7739115965e+22,-1.7625445320e+23,4.5097206559e+08
1.4650000000e+03,4.1962233429e+03,5.7493012457e+03,1.0942682714e+06,4.7765869929e-02,-1.3513134576e+27,-1.1512939325e+27,-7.4007025038e+26,-4.0508828941e+22,-6.7782050429e+22,-1.7636579131e+23,4.5097206559e+08
1.4660000000e+03,4.1961523612e+03,5.7492039927e+03,1.0950798230e+06,4.7769705471e-02,-1.3513134576e+27,-1.1521648281e+27,-7.4052428124e+26,-4.0509514184e+22,-6.7824920010e+22,-1.7647697641e+23,4.5097206559e+08
1.4670000000e+03,4.1960814085e+03,5.7491067795e+03,1.0958904808e+06,4.7773542963e-02,-1.3513134576e+27,-1.1530348019e+27,-7.4097766137e+26,-4.0510199170e+22,-6.7867724889e+22,-1.7658800896e+23,4.5097206559e+08
1.4680000000e+03,4.1960104847e+03,5.7490096059e+03,1.0967002472e+06,4.7777382403e-02,-1.3513134576e+27,-1.1539038566e+27,-7.4143039275e+26,-4.0510883900e+22,-6.7910465244e+22,-1.7669888945e+23,4.5097206560e+08
1.4690000000e+03,4.1959395898e+03,5.7489124718e+03,1.0975091248e+06,4.7781223790e-02,-1.3513134576e+27,-1.1547719949e+27,-7.4188247735e+26,-4.0511568375e+22,-6.7953141252e+22,-1.7680961832e+23,4.5097206560e+08
1.4700000000e+03,4.1958687237e+03,5.7488153773e+03,1.0983171164e+06,4.7785067123e-02,-1.3513134576e+27,-1.1556392195e+27,-7.4233391715e+26,-4.0512252594e+22,-6.7995753090e+22,-1.7692019604e+23,4.5097206560e+08
1.4710000000e+03,4.1957978864e+03,5.7487183221e+03,1.0991242243e+06,4.7788912400e-02,-1.3513134575e+27,-1.1565055330e+27,-7.4278471410e+26,-4.0512936559e+22,-6.8038300934e+22,-1.7703062307e+23,4.5097206560e+08
1.4720000000e+03,4.1957270778e+03,5.7486213063e+03,1.0999304512e+06,4.7792759619e-02,-1.3513134575e+27,-1.1573709380e+27,-7.4323487014e+26,-4.0513620270e+22,-6.8080784959e+22,-1.7714089986e+23,4.5097206560e+08
1.4730000000e+03,4.1956562978e+03,5.7485243297e+03,1.1007357997e+06,4.7796608780e-02,-1.3513134575e+27,-1.1582354373e+27,-7.4368438723e+26,-4.0514303727e+22,-6.8123205341e+22,-1.7725102688e+23,4.5097206561e+08
1.4740000000e+03,4.1955855464e+03,5.7484273923e+03,1.1015402722e+06,4.7800459880e-02,-1.3513134575e+27,-1.1590990334e+27,-7.4413326729e+26,-4.0514986931e+22,-6.8165562251e+22,-1.7736100457e+23,4.5097206561e+08
1.4750000000e+03,4.1955148236e+03,5.7483304940e+03,1.1023438712e+06,4.7804312918e-02,-1.3513134575e+27,-1.1599617289e+27,-7.4458151225e+26,-4.0515669883e+22,-6.8207855863e+22,-1.7747083339e+23,4.5097206561e+08
1.4760000000e+03,4.1954441292e+03,5.7482336347e+03,1.1031465994e+06,4.7808167893e-02,-1.3513134576e+27,-1.1608235265e+27,-7.4502912397e+26,-4.0516352587e+22,-6.8250086350e+22,-1.7758051377e+23,4.5097206558e+08
1.4770000000e+03,4.1953734633e+03,5.7481368143e+03,1.1039484589e+06,4.7812024804e-02,-1.3513134576e+27,-1.1616844284e+27,-7.4547610431e+26,-4.0517035035e+22,-6.8292253868e+22,-1.7769004615e+23,4.5097206559e+08
1.4780000000e+03,4.1953028257e+03,5.7480400328e+03,1.1047494528e+06,4.7815883648e-02,-1.3513134576e+27,-1.1625444379e+27,-7.4592245542e+26,-4.0517717232e+22,-6.8334358618e+22,-1.7779943104e+23,4.5097206559e+08
1.4790000000e+03,4.1952322164e+03,5.7479432901e+03,1.1055495833e+06,4.7819744424e-02,-1.3513134576e+27,-1.1634035572e+27,-7.4636817903e+26,-4.0518399179e+22,-6.8376400754e+22,-1.7790866882e+23,4.5097206559e+08
1.4800000000e+03,4.1951616354e+03,5.7478465861e+03,1.1063488527e+06,4.7823607132e-02,-1.3513134576e+27,-1.1642617887e+27,-7.4681327700e+26,-4.0519080876e+22,-6.8418380443e+22,-1.7801775996e+23,4.5097206559e+08
1.4810000000e+03,4.1950910825e+03,5.7477499207e+03,1.1071472636e+06,4.7827471769e-02,-1.3513134576e+27,-1.1651191352e+27,-7.4725775121e+26,-4.0519762324e+22,-6.8460297855e+22,-1.7812670488e+23,4.5097206560e+08
1.4820000000e+03,4.1950205578e+03,5.7476532939e+03,1.1079448185e+06,4.7831338334e-02,-1.3513134576e+27,-1.1659755990e+27,-7.4770160352e+26,-4.0520443522e+22,-6.8502153156e+22,-1.7823550403e+23,4.5097206560e+08
1.4830000000e+03,4.1949500612e+03,5.7475567056e+03,1.1087415196e+06,4.7835206826e-02,-1.3513134575e+27,-1.1668311828e+27,-7.4814483578e+26,-4.0521124473e+22,-6.8543946513e+22,-1.7834415782e+23,4.5097206560e+08
1.4840000000e+03,4.1948795927e+03,5.7474601557e+03,1.1095373696e+06,4.7839077243e-02,-1.3513134575e+27,-1.1676858889e+27,-7.4858744984e+26,-4.0521805175e+22,-6.8585678091e+22,-1.7845266671e+23,4.5097206560e+08
1.4850000000e+03,4.1948091521e+03,5.7473636441e+03,1.1103323707e+06,4.7842949585e-02,-1.3513134575e+27,-1.1685397200e+27,-7.4902944752e+26,-4.0522485630e+22,-6.8627348056e+22,-1.7856103111e+23,4.5097206561e+08
1.4860000000e+03,4.1947387394e+03,5.7472671708e+03,1.1111265254e+06,4.7846823849e-02,-1.3513134575e+27,-1.1693926785e+27,-7.4947083066e+26,-4.0523165838e+22,-6.8668956573e+22,-1.7866925146e+23,4.5097206561e+08
1.4870000000e+03,4.1946683546e+03,5.7471707356e+03,1.1119198360e+06,4.7850700034e-02,-1.3513134575e+27,-1.1702447668e+27,-7.4991160106e+26,-4.0523845800e+22,-6.8710503804e+22,-1.7877732819e+23,4.5097206561e+08
1.4880000000e+03,4.1945979976e+03,5.7470743386e+03,1.1127123049e+06,4.7854578139e-02,-1.3513134576e+27,-1.1710959875e+27,-7.5035176051e+26,-4.0524525519e+22,-6.8751989912e+22,-1.7888526170e+23,4.5097206558e+08
1.4890000000e+03,4.1945276684e+03,5.7469779796e+03,1.1135039344e+06,4.7858458162e-02,-1.3513134576e+27,-1.1719463427e+27,-7.5079131076e+26,-4.0525204989e+22,-6.8793415047e+22,-1.7899305240e+23,4.5097206559e+08
1.4900000000e+03,4.1944573669e+03,5.7468816585e+03,1.1142947271e+06,4.7862340103e-02,-1.3513134576e+27,-1.1727958354e+27,-7.5123025384e+26,-4.0525884215e+22,-6.8834779399e+22,-1.7910070079e+23,4.5097206559e+08
1.4910000000e+03,4.1943870930e+03,5.7467853754e+03,1.1150846853e+06,4.7866223959e-02,-1.3513134576e+27,-1.1736444678e+27,-7.5166859138e+26,-4.0526563196e+22,-6.8876083113e+22,-1.7920820723e+23,4.5097206559e+08
1.4920000000e+03,4.1943168468e+03,5.7466891300e+03,1.1158738112e+06,4.7870109730e-02,-1.3513134576e+27,-1.1744922423e+27,-7.5210632515e+26,-4.0527241933e+22,-6.8917326348e+22,-1.7931557215e+23,4.5097206559e+08
1.4930000000e+03,4.1942466280e+03,5.7465929225e+03,1.1166621071e+06,4.7873997414e-02,-1.3513134576e+27,-1.1753391612e+27,-7.5254345693e+26,-4.0527920426e+22,-6.8958509264e+22,-1.7942279595e+23,4.5097206560e+08
1.4940000000e+03,4.1941764368e+03,5.7464967526e+03,1.1174495754e+06,4.7877887010e-02,-1.3513134575e+27,-1.1761852269e+27,-7.5297998847e+26,-4.0528598677e+22,-6.8999632019e+22,-1.7952987906e+23,4.5097206560e+08
1.4950000000e+03,4.1941062731e+03,5.7464006202e+03,1.1182362183e+06,4.7881778516e-02,-1.3513134575e+27,-1.1770304419e+27,-7.5341592152e+26,-4.0529276685e+22,-6.9040694771e+22,-1.7963682188e+23,4.5097206560e+08
1.4960000000e+03,4.1940361367e+03,5.7463045255e+03,1.1190220382e+06,4.7885671931e-02,-1.3513134575e+27,-1.1778748086e+27,-7.5385125784e+26,-4.0529954451e+22,-6.9081697676e+22,-1.7974362482e+23,4.5097206561e+08
1.4970000000e+03,4.1939660276e+03,5.7462084681e+03,1.1198070374e+06,4.7889567254e-02,-1.3513134575e+27,-1.1787183292e+27,-7.5428599915e+26,-4.0530631975e+22,-6.9122640893e+22,-1.7985028829e+23,4.5097206561e+08
1.4980000000e+03,4.1938959459e+03,5.7461124482e+03,1.1205912180e+06,4.7893464484e-02,-1.3513134575e+27,-1.1795610061e+27,-7.5472014719e+26,-4.0531309259e+22,-6.9163524575e+22,-1.7995681269e+23,4.5097206561e+08
1.4990000000e+03,4.1938258914e+03,5.7460164656e+03,1.1213745824e+06,4.7897363619e-02,-1.3513134576e+27,-1.1804028417e+27,-7.5515370363e+26,-4.0531986305e+22,-6.9204348878e+22,-1.8006319842e+23,4.5097206558e+08
